identifier,date,report,desc,title,for,against,abstention,no_show,excused
169314,2024-07-17,,,Proposal for a decision ,,,,695,5
169318,2024-07-17,,,Proposal for a decision (as a whole),,,,695,5
169321,2024-07-17,B10-0007/2024,,§ 3,,,,695,5
169322,2024-07-17,B10-0007/2024,,After § 3,,,,695,5
169325,2024-07-17,B10-0007/2024,,After § 3,78,453,68,695,5
169331,2024-07-17,B10-0007/2024,,After recital B,,,,695,5
169332,2024-07-17,B10-0007/2024,,After recital B,,,,695,5
169333,2024-07-17,,,Motion for a resolution ,,,,695,5
169336,2024-07-17,B10-0005/2024,,After § 3,,,,695,5
169337,2024-07-17,B10-0005/2024,,After § 6,,,,695,5
169338,2024-07-17 12:44:00,B10-0007/2024,,– After § 1 – Am 1,91,468,20,116,5
169340,2024-07-17 12:44:21,B10-0007/2024,,– § 3/1,476,107,42,70,5
169341,2024-07-17,,,§ 3,,,,695,5
169342,2024-07-17 12:44:44,B10-0007/2024,,– After § 3 – Am 6,194,400,53,48,5
169343,2024-07-17 12:45:04,B10-0007/2024,,– After § 3 – Am 7,180,436,30,49,5
169345,2024-07-17 12:45:49,B10-0007/2024,,– § 4/1,456,166,26,47,5
169346,2024-07-17 12:46:05,B10-0007/2024,,– § 4/2,518,47,76,54,5
169347,2024-07-17 12:46:25,B10-0007/2024,,– § 4/3,498,111,52,34,5
169348,2024-07-17 12:46:41,B10-0007/2024,,– § 5 – Am 9,35,583,45,32,5
169350,2024-07-17 12:46:58,B10-0007/2024,,– § 5/1,483,153,32,27,5
169351,2024-07-17 12:47:13,B10-0007/2024,,– § 5/2,450,165,46,34,5
169352,2024-07-17 12:47:29,B10-0007/2024,,– § 5/3,457,133,79,26,5
169353,2024-07-17 12:47:46,B10-0007/2024,,– § 5/4,393,178,75,49,5
169354,2024-07-17 12:48:01,B10-0007/2024,,– § 5/5,468,119,79,29,5
169355,2024-07-17 12:48:15,B10-0007/2024,,– § 5/6,418,168,71,38,5
169356,2024-07-17 12:48:34,B10-0007/2024,,– § 5/7,414,193,62,26,5
169357,2024-07-17 12:48:49,B10-0007/2024,,– After § 8 – Am 10,63,564,42,26,5
169358,2024-07-17 12:49:02,B10-0007/2024,,– After § 8 – Am 11,57,427,177,34,5
169359,2024-07-17 12:49:16,B10-0007/2024,,– After § 8 – Am 12,113,497,58,27,5
169360,2024-07-17 12:49:32,B10-0007/2024,,– After § 9 – Am 13,96,537,44,18,5
169361,2024-07-17 12:49:55,B10-0007/2024,,– Recital E,482,165,22,26,5
169362,2024-07-17 12:50:14,B10-0007/2024,,– Motion for a resolution (as a whole),495,137,47,16,5
169367,2024-07-17 09:09:17,Wednesday’s agenda,,Request by The Left Group,149,251,16,279,5
169368,2024-07-17 09:11:42,Wednesday’s agenda,,Request by the PfE Group,119,337,15,224,5
169385,2024-07-18 13:04:17,Request by The Left Group,,Motion for adjournment of the vote,101,531,8,60,5
169401,2024-09-19 12:13:40,A10-0001/2024,,– Borys Budka – Draft Council decision,582,16,17,24,8
169406,2024-09-16 17:28:44,Tuesday’s agenda,,Request by the PfE Group,102,279,13,237,1
169407,2024-09-16 17:31:29,Wednesday’s agenda,,Request by the ECR Group,437,13,11,170,1
169409,2024-09-18,,,Proposal for a decision,,,,677,1
169418,2024-09-18 12:18:27,B10-0020/2024,,– Motion for a resolution,516,129,27,5,1
169419,2024-09-18 12:18:58,B10-0021/2024,,– Motion for a resolution,522,127,28,0,1
169443,2024-09-19,,,§ 17,,,,639,8
169448,2024-09-19,,,After recital D,216,351,41,639,8
169455,2024-09-19,B10-0028/2024,,B10-0028/2024,,,,639,8
169456,2024-09-19,B10-0029/2024,,B10-0029/2024,,,,639,8
169457,2024-09-19,B10-0031/2024,,B10-0031/2024,,,,639,8
169458,2024-09-19,B10-0033/2024,,B10-0033/2024,,,,639,8
169459,2024-09-19,B10-0036/2024,,B10-0036/2024,,,,639,8
169460,2024-09-19,B10-0039/2024,,B10-0039/2024,,,,639,8
169470,2024-09-19,B10-0022/2024,,B10-0022/2024,,,,639,8
169471,2024-09-19,B10-0041/2024,,B10-0041/2024,,,,639,8
169472,2024-09-19,B10-0042/2024,,B10-0042/2024,,,,639,8
169473,2024-09-19,B10-0043/2024,,B10-0043/2024,,,,639,8
169474,2024-09-19,B10-0044/2024,,B10-0044/2024,,,,639,8
169475,2024-09-19,B10-0049/2024,,B10-0049/2024,,,,639,8
169477,2024-09-19,,,Before § 1,,,,639,8
169479,2024-09-19,,,Before § 1,346,240,15,639,8
169482,2024-09-19,,,After § 7,345,246,15,639,8
169483,2024-09-19,,,After § 7,,,,639,8
169485,2024-09-19,,,After § 11,320,263,27,639,8
169486,2024-09-19,,,After § 11,,,,639,8
169487,2024-09-19,,,After § 11,254,341,19,639,8
169490,2024-09-19,B10-0023/2024,,B10-0023/2024,,,,639,8
169491,2024-09-19,B10-0025/2024,,B10-0025/2024,,,,639,8
169492,2024-09-19,B10-0027/2024,,B10-0027/2024,,,,639,8
169493,2024-09-19,B10-0030/2024,,B10-0030/2024,,,,639,8
169494,2024-09-19,B10-0034/2024,,B10-0034/2024,,,,639,8
169495,2024-09-19,B10-0035/2024,,B10-0035/2024,,,,639,8
169496,2024-09-19,B10-0037/2024,,B10-0037/2024,,,,639,8
169498,2024-09-19,,,After § 4,,,,639,8
169501,2024-09-19,,,After § 8,,,,639,8
169505,2024-09-19,B10-0024/2024,,B10-0024/2024,,,,639,8
169506,2024-09-19,B10-0038/2024,,B10-0038/2024,,,,639,8
169507,2024-09-19,B10-0040/2024,,B10-0040/2024,,,,639,8
169508,2024-09-19,B10-0045/2024,,B10-0045/2024,,,,639,8
169509,2024-09-19,B10-0047/2024,,B10-0047/2024,,,,639,8
169510,2024-09-19,B10-0048/2024,,B10-0048/2024,,,,639,8
169511,2024-09-19,B10-0050/2024,,B10-0050/2024,,,,639,8
169517,2024-09-19,,,After § 10,,,,639,8
169525,2024-09-19,,,Motion for a resolution (as a whole),,,,639,8
169527,2024-09-19,B10-0057/2024,,B10-0057/2024,,,,639,8
169528,2024-09-19,B10-0058/2024,,B10-0058/2024,,,,639,8
169529,2024-09-19,B10-0059/2024,,B10-0059/2024,,,,639,8
169530,2024-09-19,B10-0060/2024,,B10-0060/2024,,,,639,8
169531,2024-09-19,B10-0061/2024,,B10-0061/2024,,,,639,8
169532,2024-09-19,B10-0062/2024,,B10-0062/2024,,,,639,8
169533,2024-09-19,B10-0063/2024,,B10-0063/2024,,,,639,8
169534,2024-09-19 12:11:24,RC-B10-0022/2024,,– § 6 – Am 4,241,345,30,23,8
169535,2024-09-19 12:11:40,RC-B10-0022/2024,,– § 6,356,204,55,24,8
169536,2024-09-19 12:11:56,RC-B10-0022/2024,,– After § 6 – Am 3,209,359,43,28,8
169537,2024-09-19 12:12:11,RC-B10-0022/2024,,– After § 6 – Am 5,219,357,41,22,8
169538,2024-09-19 12:12:27,RC-B10-0022/2024,,– After § 6 – Am 6,231,326,58,24,8
169539,2024-09-19 12:12:40,RC-B10-0022/2024,,– After § 6 – Am 2,113,441,56,29,8
169540,2024-09-19 12:12:55,RC-B10-0022/2024,,– After recital D – Am 1,112,485,13,29,8
169541,2024-09-19 12:13:11,RC-B10-0022/2024,,– Motion for a resolution (as a whole),380,182,51,26,8
169543,2024-09-19 12:10:32,RC-B10-0026/2024,,– After § 6 – Am 1,255,316,23,45,8
169544,2024-09-19 12:10:50,RC-B10-0026/2024,,– Motion for a resolution (as a whole),549,21,37,32,8
169546,2024-09-19,B10-0026/2024,,B10-0026/2024,,,,639,8
169547,2024-09-19,B10-0051/2024,,B10-0051/2024,,,,639,8
169548,2024-09-19,B10-0052/2024,,B10-0052/2024,,,,639,8
169549,2024-09-19,B10-0053/2024,,B10-0053/2024,,,,639,8
169550,2024-09-19,B10-0054/2024,,B10-0054/2024,,,,639,8
169551,2024-09-19,B10-0055/2024,,B10-0055/2024,,,,639,8
169553,2024-09-19,,,§ 4,,,,639,8
169554,2024-09-19,,,§ 4,,,,639,8
169555,2024-09-19 12:07:49,RC-B10-0024/2024,,– § 7,458,90,63,28,8
169557,2024-09-19,,,§ 8,,,,639,8
169558,2024-09-19 12:08:15,RC-B10-0024/2024,,– § 8/2,444,153,20,22,8
169559,2024-09-19 12:08:33,RC-B10-0024/2024,,– After § 8 – Am 2,182,418,13,26,8
169560,2024-09-19 12:09:01,RC-B10-0024/2024,,– After § 8 – Am 3,200,400,16,23,8
169562,2024-09-19,,,Recital C,,,,639,8
169563,2024-09-19,,,Recital C,,,,639,8
169564,2024-09-19 12:09:40,RC-B10-0024/2024,,– After recital D – Am 1,177,426,13,23,8
169565,2024-09-19 12:09:57,RC-B10-0024/2024,,– Motion for a resolution (as a whole),565,8,43,23,8
169567,2024-09-19 12:36:41,RC-B10-0057/2024,,– § 4/1,429,120,55,35,8
169568,2024-09-19 12:36:53,RC-B10-0057/2024,,– § 4/2,416,170,7,46,8
169569,2024-09-19 12:37:05,RC-B10-0057/2024,,– After § 4 – Am 12,172,425,12,30,8
169570,2024-09-19 12:37:17,RC-B10-0057/2024,,– After § 5 – Am 7,156,419,34,30,8
169571,2024-09-19 12:37:30,RC-B10-0057/2024,,– After § 6 – Am 3,145,420,45,29,8
169573,2024-09-19 12:37:43,RC-B10-0057/2024,,– After § 8 – Am 11/1,427,151,25,36,8
169574,2024-09-19 12:37:54,RC-B10-0057/2024,,– After § 8 – Am 11/2,85,459,63,32,8
169575,2024-09-19 12:38:13,RC-B10-0057/2024,,– After § 10 – Am 8,180,409,15,35,8
169576,2024-09-19 12:38:25,RC-B10-0057/2024,,– § 12,468,128,12,31,8
169577,2024-09-19 12:38:38,RC-B10-0057/2024,,– § 20,432,145,26,36,8
169579,2024-09-19 12:38:52,RC-B10-0057/2024,,– § 21/1,597,5,4,33,8
169580,2024-09-19 12:39:02,RC-B10-0057/2024,,– § 21/2,445,128,32,34,8
169581,2024-09-19 12:39:14,RC-B10-0057/2024,,– After § 27 – Am 2,222,375,8,34,8
169583,2024-09-19 12:39:41,RC-B10-0057/2024,,– Recital C,456,112,38,33,8
169584,2024-09-19 12:39:57,RC-B10-0057/2024,,– After recital C – Am 1,213,383,12,31,8
169585,2024-09-19 12:40:10,RC-B10-0057/2024,,– After recital C – Am 9,185,409,10,35,8
169586,2024-09-19 12:40:22,RC-B10-0057/2024,,– Recital J – Am 6,343,230,29,37,8
169587,2024-09-19 12:40:36,RC-B10-0057/2024,,– After recital J – Am 5,220,365,16,38,8
169588,2024-09-19 12:40:49,RC-B10-0057/2024,,– After recital J – Am 10,181,416,10,32,8
169589,2024-09-19 12:24:58,B10-0023/2024,,– Before § 1 – Am 11,251,322,28,38,8
169590,2024-09-19 12:27:37,RC-B10-0023/2024,,– § 1,318,258,25,38,8
169591,2024-09-19 12:25:55,RC-B10-0023/2024,,– § 1 – Am 2,234,338,42,25,8
169592,2024-09-19 12:28:48,RC-B10-0023/2024,,– § 2,274,311,23,31,8
169594,2024-09-19 12:29:05,RC-B10-0023/2024,,– § 3 – Am 3,132,362,113,32,8
169595,2024-09-19 12:29:54,RC-B10-0023/2024,,– § 6,568,25,21,25,8
169596,2024-09-19 12:30:10,RC-B10-0023/2024,,– § 7,545,9,38,47,8
169597,2024-09-19 12:31:02,RC-B10-0023/2024,,– § 8,554,33,25,27,8
169598,2024-09-19 12:31:14,RC-B10-0023/2024,,– § 9,510,56,43,30,8
169599,2024-09-19 12:31:27,RC-B10-0023/2024,,– § 10,576,3,26,34,8
169600,2024-09-19 12:31:40,RC-B10-0023/2024,,– § 11 – Am 4,293,285,39,22,8
169602,2024-09-19,,,§ 12,,,,639,8
169603,2024-09-19,,,§ 12,,,,639,8
169605,2024-09-19,,,§ 13,,,,639,8
169606,2024-09-19,,,§ 13,,,,639,8
169607,2024-09-19,,,§ 14,299,299,10,639,8
169609,2024-09-19,,,Recital A,,,,639,8
169610,2024-09-19,,,Recital A,,,,639,8
169612,2024-09-19,,,Recital B,,,,639,8
169613,2024-09-19,,,Recital B,,,,639,8
169615,2024-09-19,,,Recital H,,,,639,8
169616,2024-09-19,,,Recital H,,,,639,8
169618,2024-09-19,,,Recital L,,,,639,8
169619,2024-09-19,,,Recital L,,,,639,8
169621,2024-09-19,,,Recital M,,,,639,8
169622,2024-09-19,,,Recital M,273,324,14,639,8
169623,2024-09-19 12:35:49,RC-B10-0023/2024,,– Motion for a resolution (as a whole),309,201,12,117,8
169624,2024-09-19 12:14:05,RC-B10-0028/2024,,– § 1 – Am 4,50,544,18,27,8
169625,2024-09-19 12:14:20,RC-B10-0028/2024,,– § 1,565,33,18,23,8
169626,2024-09-19 12:14:35,RC-B10-0028/2024,,– § 2 – Am 5,76,529,13,21,8
169628,2024-09-19 12:14:52,RC-B10-0028/2024,,– § 2/1,551,49,19,20,8
169629,2024-09-19 12:15:04,RC-B10-0028/2024,,– § 2/2,498,86,37,18,8
169630,2024-09-19 12:15:16,RC-B10-0028/2024,,– § 2/3,447,135,35,22,8
169631,2024-09-19 12:15:29,RC-B10-0028/2024,,– After § 2 – Am 12,132,471,20,16,8
169632,2024-09-19 12:15:41,RC-B10-0028/2024,,– After § 2 – Am 13,166,414,34,25,8
169633,2024-09-19 12:15:54,RC-B10-0028/2024,,– After § 3 – Am 14,175,414,34,16,8
169634,2024-09-19 12:16:07,RC-B10-0028/2024,,– After § 3 – Am 15,105,481,30,23,8
169635,2024-09-19 12:16:20,RC-B10-0028/2024,,– § 5,466,118,40,15,8
169636,2024-09-19 12:16:34,RC-B10-0028/2024,,– § 6 – Am 6,45,547,29,18,8
169637,2024-09-19 12:16:47,RC-B10-0028/2024,,– § 7,471,61,82,25,8
169638,2024-09-19 12:16:59,RC-B10-0028/2024,,– After § 7 – Am 16,89,505,30,15,8
169639,2024-09-19 12:17:12,RC-B10-0028/2024,,– After § 7 – Am 17,68,514,34,23,8
169640,2024-09-19 12:17:24,RC-B10-0028/2024,,– After § 7 – Am 18,91,515,16,17,8
169641,2024-09-19 12:17:35,RC-B10-0028/2024,,– After § 7 – Am 19,166,430,27,16,8
169642,2024-09-19 12:17:48,RC-B10-0028/2024,,– § 8,377,191,51,20,8
169643,2024-09-19 12:18:04,RC-B10-0028/2024,,– After § 8 – Am 20,134,447,43,15,8
169644,2024-09-19 12:18:17,RC-B10-0028/2024,,– § 9 – Am 7,64,525,18,32,8
169645,2024-09-19 12:18:31,RC-B10-0028/2024,,– § 9 – Am 21,79,510,29,21,8
169647,2024-09-19 12:18:44,RC-B10-0028/2024,,– § 9/1,403,159,54,23,8
169648,2024-09-19 12:18:55,RC-B10-0028/2024,,– § 9/2,313,247,49,30,8
169649,2024-09-19 12:19:06,RC-B10-0028/2024,,– § 9/3,370,205,43,21,8
169650,2024-09-19 12:19:20,RC-B10-0028/2024,,– After § 10 – Am 22,151,429,37,22,8
169651,2024-09-19 12:19:33,RC-B10-0028/2024,,– § 11,448,129,45,17,8
169652,2024-09-19 12:19:47,RC-B10-0028/2024,,– § 12 – Am 8,58,500,62,19,8
169653,2024-09-19 12:19:59,RC-B10-0028/2024,,– § 12,432,108,77,22,8
169654,2024-09-19 12:20:12,RC-B10-0028/2024,,– § 14 – Am 2,410,181,29,19,8
169656,2024-09-19,,,§ 15,,,,639,8
169657,2024-09-19 12:20:32,RC-B10-0028/2024,,– § 15/2,475,90,37,37,8
169658,2024-09-19 12:20:57,RC-B10-0028/2024,,– § 18 – Am 27,484,44,82,29,8
169659,2024-09-19,,,§ 18,,,,639,8
169661,2024-09-19,,,§ 19,,,,639,8
169662,2024-09-19 12:21:23,RC-B10-0028/2024,,– § 19/2,424,122,61,32,8
169663,2024-09-19 12:21:34,RC-B10-0028/2024,,– § 19/3,463,101,50,25,8
169664,2024-09-19 12:21:47,RC-B10-0028/2024,,– After § 21 – Am 23,71,460,80,28,8
169665,2024-09-19 12:22:00,RC-B10-0028/2024,,– After § 23 – Am 9,142,395,66,36,8
169666,2024-09-19 12:22:12,RC-B10-0028/2024,,– After § 23 – Am 24,104,485,30,20,8
169668,2024-09-19 12:22:52,RC-B10-0028/2024,,– Recital H – Am 1/1,406,174,35,24,8
169669,2024-09-19 12:23:03,RC-B10-0028/2024,,– Recital H – Am 1/2,253,307,45,34,8
169670,2024-09-19 12:23:17,RC-B10-0028/2024,,– After recital H – Am 10,167,434,22,16,8
169672,2024-09-19,,,Recital M,,,,639,8
169673,2024-09-19 12:23:43,RC-B10-0028/2024,,– Recital M/2,445,96,81,17,8
169674,2024-09-19 12:23:54,RC-B10-0028/2024,,– Recital P – Am 11,364,186,64,25,8
169675,2024-09-19 12:24:07,RC-B10-0028/2024,,– Citation 2 – Am 25,238,303,75,23,8
169676,2024-09-19 12:24:22,RC-B10-0028/2024,,– Motion for a resolution (as a whole),425,131,63,20,8
169677,2024-09-19,,,§ 3,386,216,6,639,8
169678,2024-09-19 12:39:28,RC-B10-0057/2024,,– Recital B,458,77,72,32,8
169701,2024-10-08 12:33:50,A10-0002/2024,,– Georgios Aftias – Proposal for a decision,632,7,3,16,14
169725,2024-10-07 17:26:10,Tuesday’s agenda,,Request by the PfE Group,85,335,5,192,1
169726,2024-10-07 17:28:22,Tuesday’s agenda,,Request by The Left Group,189,254,8,166,1
169733,2024-10-09,,,After § 8,,,,670,1
169734,2024-10-09,,,After § 9,,,,670,1
169736,2024-10-09,,,Recital O,,,,670,1
169739,2024-10-09,B10-0072/2024,,B10-0072/2024,,,,670,1
169740,2024-10-09,B10-0073/2024,,B10-0073/2024,,,,670,1
169741,2024-10-09,B10-0080/2024,,B10-0080/2024,,,,670,1
169742,2024-10-09,B10-0081/2024,,B10-0081/2024,,,,670,1
169743,2024-10-09,B10-0082/2024,,B10-0082/2024,,,,670,1
169744,2024-10-09,B10-0085/2024,,B10-0085/2024,,,,670,1
169748,2024-10-09,,,§ 6,,,,670,1
169749,2024-10-09,,,§ 7,327,280,42,670,1
169750,2024-10-09,,,After § 9,,,,670,1
169753,2024-10-09,B10-0070/2024,,B10-0070/2024,,,,670,1
169754,2024-10-09,B10-0071/2024,,B10-0071/2024,,,,670,1
169755,2024-10-09,B10-0074/2024,,B10-0074/2024,,,,670,1
169756,2024-10-09,B10-0079/2024,,B10-0079/2024,,,,670,1
169757,2024-10-09,B10-0083/2024,,B10-0083/2024,,,,670,1
169758,2024-10-09,B10-0084/2024,,B10-0084/2024,,,,670,1
169759,2024-10-09,B10-0086/2024,,B10-0086/2024,,,,670,1
169760,2024-10-09 12:40:36,RC-B10-0072/2024,,– § 5,530,49,77,14,1
169761,2024-10-09 12:40:49,RC-B10-0072/2024,,– § 7 – Am 1,156,307,180,27,1
169762,2024-10-09 12:41:00,RC-B10-0072/2024,,– § 8,527,82,49,12,1
169764,2024-10-09,,,§ 9,515,85,28,670,1
169765,2024-10-09 12:41:34,RC-B10-0072/2024,,– § 9/2,500,119,41,10,1
169766,2024-10-09 12:41:49,RC-B10-0072/2024,,– § 11 – Am 2,467,95,90,18,1
169767,2024-10-09,,,§ 11,,,,670,1
169768,2024-10-09 12:42:02,RC-B10-0072/2024,,– § 17,542,70,49,9,1
169769,2024-10-09 12:42:25,RC-B10-0072/2024,,– Recital C,572,46,46,6,1
169770,2024-10-09 12:42:41,RC-B10-0072/2024,,– Motion for a resolution (as a whole),508,53,104,5,1
169771,2024-10-09 12:43:03,RC-B10-0070/2024,,– § 1 – Am 2,93,526,41,10,1
169773,2024-10-09 12:43:15,RC-B10-0070/2024,,– § 1/1,504,89,69,8,1
169774,2024-10-09 12:43:26,RC-B10-0070/2024,,– § 1/2,456,126,64,24,1
169775,2024-10-09 12:43:36,RC-B10-0070/2024,,– After § 1 – Am 1,212,316,134,8,1
169777,2024-10-09,,,§ 2,,,,670,1
169778,2024-10-09 12:43:52,RC-B10-0070/2024,,– § 2/2,499,98,67,6,1
169779,2024-10-09,,,§ 3,,,,670,1
169781,2024-10-09,,,§ 5,,,,670,1
169782,2024-10-09,,,§ 5,,,,670,1
169783,2024-10-09,,,§ 5,,,,670,1
169785,2024-10-09,,,§ 7,,,,670,1
169786,2024-10-09,,,§ 7,,,,670,1
169788,2024-10-09,,,§ 8,,,,670,1
169789,2024-10-09,,,§ 8,,,,670,1
169790,2024-10-09 12:44:50,RC-B10-0070/2024,,– § 9,490,114,61,5,1
169792,2024-10-09,,,§ 18,,,,670,1
169793,2024-10-09,,,§ 18,340,280,26,670,1
169795,2024-10-09,,,§ 19,,,,670,1
169796,2024-10-09,,,§ 19,,,,670,1
169798,2024-10-09,,,§ 21,350,259,43,670,1
169799,2024-10-09,,,§ 21,,,,670,1
169801,2024-10-09 12:45:54,RC-B10-0070/2024,,– § 22/1,501,65,95,9,1
169802,2024-10-09 12:46:03,RC-B10-0070/2024,,– § 22/2,487,113,50,20,1
169803,2024-10-09 12:46:14,RC-B10-0070/2024,,– Recital O,473,114,72,11,1
169805,2024-10-09,,,Recital P,,,,670,1
169806,2024-10-09,,,Recital P,,,,670,1
169807,2024-10-09,,,Recital P,,,,670,1
169808,2024-10-09 12:46:36,RC-B10-0070/2024,,– Motion for a resolution (as a whole),495,73,86,16,1
169814,2024-10-10,,,After § 1,,,,635,1
169815,2024-10-10,,,After § 2,312,279,15,635,1
169816,2024-10-10,,,After § 3,,,,635,1
169817,2024-10-10,,,Recital A,494,69,42,635,1
169818,2024-10-10,,,Motion for a resolution (as a whole),,,,635,1
169820,2024-10-10,B10-0088/2024,,B10-0088/2024,,,,635,1
169821,2024-10-10,B10-0089/2024,,B10-0089/2024,,,,635,1
169822,2024-10-10,B10-0090/2024,,B10-0090/2024,,,,635,1
169823,2024-10-10,B10-0091/2024,,B10-0091/2024,,,,635,1
169824,2024-10-10,B10-0092/2024,,B10-0092/2024,,,,635,1
169825,2024-10-10,B10-0093/2024,,B10-0093/2024,,,,635,1
169826,2024-10-10,B10-0094/2024,,B10-0094/2024,,,,635,1
169828,2024-10-10,,,§ 1,290,226,86,635,1
169831,2024-10-10,,,After § 5,,,,635,1
169832,2024-10-10,,,Motion for a resolution (as a whole),,,,635,1
169834,2024-10-10,B10-0095/2024,,B10-0095/2024,,,,635,1
169835,2024-10-10,B10-0096/2024,,B10-0096/2024,,,,635,1
169836,2024-10-10,B10-0097/2024,,B10-0097/2024,,,,635,1
169837,2024-10-10,B10-0098/2024,,B10-0098/2024,,,,635,1
169838,2024-10-10,B10-0099/2024,,B10-0099/2024,,,,635,1
169839,2024-10-10,B10-0100/2024,,B10-0100/2024,,,,635,1
169842,2024-10-10,,,Recital D,,,,635,1
169845,2024-10-10,B10-0101/2024,,B10-0101/2024,,,,635,1
169846,2024-10-10,B10-0114/2024,,B10-0114/2024,,,,635,1
169847,2024-10-10,B10-0115/2024,,B10-0115/2024,,,,635,1
169848,2024-10-10,B10-0116/2024,,B10-0116/2024,,,,635,1
169849,2024-10-10,B10-0117/2024,,B10-0117/2024,,,,635,1
169850,2024-10-10,B10-0118/2024,,B10-0118/2024,,,,635,1
169852,2024-10-10,,,§ 2,,,,635,1
169853,2024-10-10,,,§ 2,,,,635,1
169854,2024-10-10 12:22:08,RC-B10-0095/2024,,– After § 4 – Am 1,132,374,105,24,1
169855,2024-10-10 12:22:26,RC-B10-0095/2024,,– After § 5 – Am 2,132,442,27,34,1
169856,2024-10-10 12:23:17,B10-0101/2024,,– After § 3 – Am 1,59,524,30,22,1
169857,2024-10-10 12:23:40,B10-0101/2024,,– Motion for a resolution (as a whole),540,23,47,25,1
169881,2024-10-22,,,§ 4,,,,672,2
169882,2024-10-22,,,Recital B,,,,672,2
169883,2024-10-22,,,Recital C,,,,672,2
169884,2024-10-22,,,Recital F,,,,672,2
169885,2024-10-22 12:11:20,A10-0009/2024,,Michalis Hadjipantela - Proposition de résolution (ensemble du texte),601,47,17,7,2
169887,2024-10-22 12:10:05,A10-0007/2024,,Siegfried Mureşan - Proposition de résolution (ensemble du texte),522,115,25,10,2
169889,2024-10-22 12:06:31,A10-0006/2024,,Karin Karlsbro - Proposition de la Commission,518,56,61,37,2
169890,2024-10-22 12:08:45,A10-0005/2024,,Siegfried Mureşan - Proposition de résolution (ensemble du texte),531,91,35,15,2
169892,2024-10-22,,,Proposal for a decision,,,,672,2
169894,2024-10-22 12:13:17,A10-0003/2024,,Jonas Sjöstedt - Proposition de résolution (ensemble du texte),431,131,83,27,2
169898,2024-10-23 12:51:21,A10–0004/2024,,Li Andersson-Commission proposal,444,179,20,15,3
169901,2024-10-22 12:12:28,A10-0003/2024,,Jonas Sjöstedt - § 14,429,206,26,11,2
169903,2024-10-22,,,§ 16,,,,672,2
169904,2024-10-22 12:13:00,A10-0003/2024,,Jonas Sjöstedt - § 16/2,417,204,37,14,2
169905,2024-10-22 12:08:18,A10-0005/2024,,Siegfried Mureşan - § 6,417,192,50,13,2
169907,2024-10-22,,,§ 4,,,,672,2
169908,2024-10-22 12:09:23,A10-0007/2024,,Siegfried Mureşan - § 4/2,391,201,68,12,2
169909,2024-10-22 12:09:44,A10-0007/2024,,Siegfried Mureşan - Après le § 5 - Am 1,193,455,13,11,2
169916,2024-10-23,,,§ 1,,,,658,3
169917,2024-10-23,,,After § 1,,,,658,3
169918,2024-10-23,,,After § 2,,,,658,3
169921,2024-10-23,,,After § 6,,,,658,3
169939,2024-10-23,,,§ 42,,,,658,3
169949,2024-10-23,,,§ 62,,,,658,3
169961,2024-10-23,,,After § 67,,,,658,3
169963,2024-10-23,,,§ 75,,,,658,3
169968,2024-10-23,,,§ 78,,,,658,3
169971,2024-10-23,,,After § 82,,,,658,3
169972,2024-10-23,,,§ 84,,,,658,3
169978,2024-10-23,,,"§ 90, point g",449,177,18,658,3
169987,2024-10-23 12:45:30,A10–0008/2024,,"Victor Negrescu, Niclas Herbst-Motion for a resolution (text as a whole)",233,360,59,6,3
170005,2024-10-21 17:27:14,Tuesday’s agenda,,Request by the Verts/ALE Group,164,319,1,143,2
170006,2024-10-21 17:27:47,Tuesday’s agenda,,Request by the Renew Group,158,288,34,147,2
170009,2024-10-23,,,Amendments by the committee responsible – separate votes,,,,658,3
170010,2024-10-23 12:46:25,A10–0004/2024,,Li Andersson-Amendments by the committee responsible-separate votes-Am 1/2,430,188,22,18,3
170012,2024-10-23,,,Amendments by the committee responsible – separate votes,,,,658,3
170013,2024-10-23 12:46:43,A10–0004/2024,,Li Andersson-Amendments by the committee responsible-separate votes-Am 5/2,452,144,44,18,3
170015,2024-10-23 12:46:55,A10–0004/2024,,Li Andersson-Amendments by the committee responsible-separate votes-Am 10/1,418,180,31,29,3
170016,2024-10-23 12:47:06,A10–0004/2024,,Li Andersson-Amendments by the committee responsible-separate votes-Am 10/2,362,243,36,17,3
170018,2024-10-23,,,Amendments by the committee responsible – separate votes,,,,658,3
170019,2024-10-23 12:47:25,A10–0004/2024,,Li Andersson-Amendments by the committee responsible-separate votes-Am 11/2,456,134,45,23,3
170021,2024-10-23,,,Amendments by the committee responsible – separate votes,,,,658,3
170022,2024-10-23 12:47:41,A10–0004/2024,,Li Andersson-Amendments by the committee responsible-separate votes-Am 13/2,443,185,17,13,3
170023,2024-10-23 12:47:51,A10–0004/2024,,Li Andersson-Amendments by the committee responsible-separate votes-Am 15,263,356,9,30,3
170025,2024-10-23,,,Amendments by the committee responsible – separate votes,,,,658,3
170026,2024-10-23,,,Amendments by the committee responsible – separate votes,,,,658,3
170028,2024-10-23 12:48:11,A10–0004/2024,,"Li Andersson-Annex, guideline 6, § 3-Am 20/1",528,54,62,14,3
170029,2024-10-23 12:48:21,A10–0004/2024,,"Li Andersson-Annex, guideline 6, § 3-Am 20/2",424,192,11,31,3
170030,2024-10-23 12:48:31,A10–0004/2024,,"Li Andersson-Annex, guideline 6, § 3-Am 20/3",434,172,37,15,3
170031,2024-10-23,,,"Annex, guideline 6, § 3",,,,658,3
170034,2024-10-23,,,§ 1,276,317,46,658,3
170035,2024-10-23,,,After § 8,310,215,80,658,3
170036,2024-10-23,,,After recital N,332,252,35,658,3
170037,2024-10-23,,,After recital N,321,296,10,658,3
170038,2024-10-23,,,Motion for a resolution (as a whole),,,,658,3
170040,2024-10-23,B10-0121/2024,,B10-0121/2024,,,,658,3
170041,2024-10-23,B10-0122/2024,,B10-0122/2024,,,,658,3
170042,2024-10-23,B10-0123/2024,,B10-0123/2024,,,,658,3
170043,2024-10-23,B10-0124/2024,,B10-0124/2024,,,,658,3
170044,2024-10-23,B10-0125/2024,,B10-0125/2024,,,,658,3
170045,2024-10-23,B10-0126/2024,,B10-0126/2024,,,,658,3
170046,2024-10-23,B10-0127/2024,,B10-0127/2024,,,,658,3
170047,2024-10-23,B10-0128/2024,,B10-0128/2024,,,,658,3
170052,2024-10-23 12:20:43,A10–0008/2024,,"Victor Negrescu, Niclas Herbst-Before § 1-Am 3",46,600,8,4,3
170053,2024-10-23 12:20:54,A10–0008/2024,,"Victor Negrescu, Niclas Herbst-Before § 1-Am 4",109,444,96,9,3
170054,2024-10-23 12:21:08,A10–0008/2024,,"Victor Negrescu, Niclas Herbst-Before § 1-Am 5",118,512,16,12,3
170055,2024-10-23 12:21:18,A10–0008/2024,,"Victor Negrescu, Niclas Herbst-Before § 1-Am 6",163,414,69,12,3
170056,2024-10-23 12:21:29,A10–0008/2024,,"Victor Negrescu, Niclas Herbst-Before § 1-Am 7",78,554,16,10,3
170057,2024-10-23 12:21:53,A10–0008/2024,,"Victor Negrescu, Niclas Herbst-After § 4-Am 53",215,331,108,4,3
170059,2024-10-23,,,§ 5,,,,658,3
170060,2024-10-23 12:22:10,A10–0008/2024,,"Victor Negrescu, Niclas Herbst-§ 5/2",417,205,27,9,3
170061,2024-10-23 12:22:22,A10–0008/2024,,"Victor Negrescu, Niclas Herbst-After § 5-Am 54",142,462,44,10,3
170062,2024-10-23,,,§ 11,,,,658,3
170063,2024-10-23 12:22:41,A10–0008/2024,,"Victor Negrescu, Niclas Herbst-§ 12",482,145,22,9,3
170064,2024-10-23 12:22:53,A10–0008/2024,,"Victor Negrescu, Niclas Herbst-After § 13-Am 18",379,231,34,14,3
170065,2024-10-23,,,§ 14,,,,658,3
170066,2024-10-23 12:23:09,A10–0008/2024,,"Victor Negrescu, Niclas Herbst-§ 15",376,207,64,11,3
170067,2024-10-23 12:23:20,A10–0008/2024,,"Victor Negrescu, Niclas Herbst-After § 15-Am 42",167,437,42,12,3
170068,2024-10-23 12:23:31,A10–0008/2024,,"Victor Negrescu, Niclas Herbst-After § 15-Am 55",117,512,24,5,3
170069,2024-10-23 12:23:44,A10–0008/2024,,"Victor Negrescu, Niclas Herbst-After § 15-Am 56",121,501,31,5,3
170070,2024-10-23 12:23:55,A10–0008/2024,,"Victor Negrescu, Niclas Herbst-After § 15-Am 57",105,486,42,25,3
170071,2024-10-23 12:24:06,A10–0008/2024,,"Victor Negrescu, Niclas Herbst-After § 15-Am 58",134,454,49,21,3
170072,2024-10-23 12:24:16,A10–0008/2024,,"Victor Negrescu, Niclas Herbst-After § 15-Am 59",115,506,22,15,3
170073,2024-10-23 12:24:26,A10–0008/2024,,"Victor Negrescu, Niclas Herbst-After § 15-Am 60",106,466,65,21,3
170074,2024-10-23 12:24:36,A10–0008/2024,,"Victor Negrescu, Niclas Herbst-After § 15-Am 61",99,522,26,11,3
170075,2024-10-23,,,§ 21,,,,658,3
170077,2024-10-23 12:24:52,A10–0008/2024,,"Victor Negrescu, Niclas Herbst-After § 27-Am 21/1",192,437,23,6,3
170078,2024-10-23,,,After § 27,,,,658,3
170079,2024-10-23 12:25:09,A10–0008/2024,,"Victor Negrescu, Niclas Herbst-§ 31",536,82,24,16,3
170080,2024-10-23,,,§ 33,,,,658,3
170081,2024-10-23 12:25:24,A10–0008/2024,,"Victor Negrescu, Niclas Herbst-After § 34-Am 8",199,410,29,20,3
170082,2024-10-23 12:25:36,A10–0008/2024,,"Victor Negrescu, Niclas Herbst-After § 34-Am 9",176,389,86,7,3
170083,2024-10-23 12:25:47,A10–0008/2024,,"Victor Negrescu, Niclas Herbst-After § 34-Am 10",159,376,114,9,3
170084,2024-10-23 12:25:58,A10–0008/2024,,"Victor Negrescu, Niclas Herbst-After § 34-Am 11",222,310,117,9,3
170085,2024-10-23 12:26:09,A10–0008/2024,,"Victor Negrescu, Niclas Herbst-After § 34-Am 12",178,383,89,8,3
170087,2024-10-23,,,§ 35,,,,658,3
170088,2024-10-23,,,§ 35,,,,658,3
170090,2024-10-23,,,§ 36,,,,658,3
170091,2024-10-23,,,§ 36,,,,658,3
170093,2024-10-23 12:26:40,A10–0008/2024,,"Victor Negrescu, Niclas Herbst-After § 35-Am 22/1",190,454,7,7,3
170094,2024-10-23 12:26:51,A10–0008/2024,,"Victor Negrescu, Niclas Herbst-After § 35-Am 22/2",178,450,19,11,3
170095,2024-10-23 12:27:02,A10–0008/2024,,"Victor Negrescu, Niclas Herbst-After § 40-Am 62",176,406,69,7,3
170097,2024-10-23,,,§ 41,,,,658,3
170098,2024-10-23 12:27:16,A10–0008/2024,,"Victor Negrescu, Niclas Herbst-§ 41/2",623,10,18,7,3
170100,2024-10-23,,,§ 42,,,,658,3
170101,2024-10-23,,,§ 42,,,,658,3
170102,2024-10-23,,,§ 42,,,,658,3
170104,2024-10-23 12:27:47,A10–0008/2024,,"Victor Negrescu, Niclas Herbst-After § 43-Am 23/1",200,426,11,21,3
170105,2024-10-23 12:28:00,A10–0008/2024,,"Victor Negrescu, Niclas Herbst-After § 43-Am 23/2",180,452,15,11,3
170107,2024-10-23,,,§ 44,,,,658,3
170108,2024-10-23 12:28:16,A10–0008/2024,,"Victor Negrescu, Niclas Herbst-§ 44/2",620,15,13,10,3
170109,2024-10-23 12:28:28,A10–0008/2024,,"Victor Negrescu, Niclas Herbst-After § 44-Am 24",195,439,13,11,3
170111,2024-10-23 12:28:40,A10–0008/2024,,"Victor Negrescu, Niclas Herbst-§ 45/1",514,83,52,9,3
170112,2024-10-23 12:28:51,A10–0008/2024,,"Victor Negrescu, Niclas Herbst-§ 45/2",495,129,23,11,3
170113,2024-10-23 12:29:02,A10–0008/2024,,"Victor Negrescu, Niclas Herbst-After § 45-Am 25",212,414,24,8,3
170115,2024-10-23 12:29:13,A10–0008/2024,,"Victor Negrescu, Niclas Herbst-§ 46/1",511,94,41,12,3
170116,2024-10-23,,,§ 46,,,,658,3
170118,2024-10-23,,,§ 49,,,,658,3
170119,2024-10-23,,,§ 49,,,,658,3
170120,2024-10-23 12:29:36,A10–0008/2024,,"Victor Negrescu, Niclas Herbst-After § 50-Am 13",271,330,51,6,3
170121,2024-10-23 12:29:47,A10–0008/2024,,"Victor Negrescu, Niclas Herbst-After § 50-Am 14",206,408,37,7,3
170123,2024-10-23,,,§ 51,,,,658,3
170124,2024-10-23 12:30:02,A10–0008/2024,,"Victor Negrescu, Niclas Herbst-§ 51/2",606,20,26,6,3
170125,2024-10-23 12:30:14,A10–0008/2024,,"Victor Negrescu, Niclas Herbst-After § 51-Am 43",183,449,15,11,3
170126,2024-10-23 12:30:24,A10–0008/2024,,"Victor Negrescu, Niclas Herbst-§ 52",589,21,39,9,3
170127,2024-10-23 12:30:34,A10–0008/2024,,"Victor Negrescu, Niclas Herbst-§ 53",610,7,23,18,3
170129,2024-10-23,,,§ 54,,,,658,3
170130,2024-10-23 12:30:49,A10–0008/2024,,"Victor Negrescu, Niclas Herbst-§ 54/2",576,61,17,4,3
170132,2024-10-23 12:30:59,A10–0008/2024,,"Victor Negrescu, Niclas Herbst-§ 55/1",622,13,16,7,3
170133,2024-10-23,,,§ 55,,,,658,3
170134,2024-10-23,,,§ 55,,,,658,3
170135,2024-10-23 12:31:17,A10–0008/2024,,"Victor Negrescu, Niclas Herbst-After § 56-Am 26",293,285,68,12,3
170136,2024-10-23 12:31:29,A10–0008/2024,,"Victor Negrescu, Niclas Herbst-After § 57-Am 27",330,275,36,17,3
170138,2024-10-23,,,§ 61,,,,658,3
170139,2024-10-23,,,§ 61,,,,658,3
170140,2024-10-23 12:31:50,A10–0008/2024,,"Victor Negrescu, Niclas Herbst-After § 61-Am 2",197,395,57,9,3
170141,2024-10-23 12:32:08,A10–0008/2024,,"Victor Negrescu, Niclas Herbst-§ 62",432,191,24,11,3
170142,2024-10-23 12:32:19,A10–0008/2024,,"Victor Negrescu, Niclas Herbst-After § 62-Am 29",198,293,149,18,3
170143,2024-10-23 12:32:31,A10–0008/2024,,"Victor Negrescu, Niclas Herbst-After § 62-Am 44",158,448,37,15,3
170145,2024-10-23,,,§ 63,,,,658,3
170146,2024-10-23,,,§ 63,,,,658,3
170147,2024-10-23,,,§ 63,,,,658,3
170148,2024-10-23,,,§ 63,,,,658,3
170149,2024-10-23,,,§ 63,,,,658,3
170150,2024-10-23,,,§ 63,,,,658,3
170151,2024-10-23,,,§ 63,,,,658,3
170152,2024-10-23 12:33:06,A10–0008/2024,,"Victor Negrescu, Niclas Herbst-§ 63/8",620,13,15,10,3
170153,2024-10-23 12:33:16,A10–0008/2024,,"Victor Negrescu, Niclas Herbst-§ 63/9",506,111,18,23,3
170154,2024-10-23,,,§ 63,,,,658,3
170155,2024-10-23 12:33:31,A10–0008/2024,,"Victor Negrescu, Niclas Herbst-§ 63/11",483,116,49,10,3
170156,2024-10-23,,,§ 63,,,,658,3
170157,2024-10-23 12:33:46,A10–0008/2024,,"Victor Negrescu, Niclas Herbst-After § 63-Am 30",212,303,124,19,3
170158,2024-10-23 12:33:58,A10–0008/2024,,"Victor Negrescu, Niclas Herbst-After § 63-Am 45",329,297,15,17,3
170160,2024-10-23 12:34:12,A10–0008/2024,,"Victor Negrescu, Niclas Herbst-After § 63-Am 31/1",196,438,6,18,3
170161,2024-10-23 12:34:24,A10–0008/2024,,"Victor Negrescu, Niclas Herbst-After § 63-Am 31/2",169,461,19,9,3
170162,2024-10-23 12:34:36,A10–0008/2024,,"Victor Negrescu, Niclas Herbst-After § 63-Am 64",154,433,65,6,3
170163,2024-10-23 12:34:47,A10–0008/2024,,"Victor Negrescu, Niclas Herbst-After § 64-Am 32",330,295,22,11,3
170164,2024-10-23 12:35:01,A10–0008/2024,,"Victor Negrescu, Niclas Herbst-After § 64-Am 33",191,454,5,8,3
170165,2024-10-23 12:35:12,A10–0008/2024,,"Victor Negrescu, Niclas Herbst-After § 64-Am 34",192,455,3,8,3
170166,2024-10-23 12:35:23,A10–0008/2024,,"Victor Negrescu, Niclas Herbst-After § 64-Am 46",326,293,17,22,3
170167,2024-10-23 12:35:36,A10–0008/2024,,"Victor Negrescu, Niclas Herbst-After § 66-Am 15",73,558,17,10,3
170168,2024-10-23 12:35:53,A10–0008/2024,,"Victor Negrescu, Niclas Herbst-After § 68-Am 65",74,482,94,8,3
170170,2024-10-23,,,§ 75,,,,658,3
170171,2024-10-23,,,§ 75,,,,658,3
170172,2024-10-23 12:36:21,A10–0008/2024,,"Victor Negrescu, Niclas Herbst-§ 75/3",367,224,54,13,3
170173,2024-10-23 12:36:34,A10–0008/2024,,"Victor Negrescu, Niclas Herbst-After § 75-Am 1",280,304,51,23,3
170174,2024-10-23 12:36:47,A10–0008/2024,,"Victor Negrescu, Niclas Herbst-After § 75-Am 37",192,420,26,20,3
170175,2024-10-23 12:36:58,A10–0008/2024,,"Victor Negrescu, Niclas Herbst-After § 75-Am 69",333,267,37,21,3
170177,2024-10-23,,,§ 76,,,,658,3
170178,2024-10-23,,,§ 76,,,,658,3
170179,2024-10-23,,,§ 76,,,,658,3
170180,2024-10-23 12:37:26,A10–0008/2024,,"Victor Negrescu, Niclas Herbst-After § 76-Am 47",121,468,48,21,3
170182,2024-10-23,,,§ 78,,,,658,3
170183,2024-10-23 12:37:53,A10–0008/2024,,"Victor Negrescu, Niclas Herbst-§ 78/2",462,123,49,24,3
170184,2024-10-23 12:38:04,A10–0008/2024,,"Victor Negrescu, Niclas Herbst-§ 78/3",452,142,49,15,3
170185,2024-10-23 12:38:14,A10–0008/2024,,"Victor Negrescu, Niclas Herbst-§ 78/4",502,68,77,11,3
170186,2024-10-23 12:38:26,A10–0008/2024,,"Victor Negrescu, Niclas Herbst-After § 79-Am 38",176,449,19,14,3
170187,2024-10-23 12:38:38,A10–0008/2024,,"Victor Negrescu, Niclas Herbst-After § 79-Am 39",168,432,32,26,3
170188,2024-10-23 12:38:58,A10–0008/2024,,"Victor Negrescu, Niclas Herbst-After § 87-Am 72",110,460,76,12,3
170189,2024-10-23 12:39:11,A10–0008/2024,,"Victor Negrescu, Niclas Herbst-After § 87-Am 73",127,473,29,29,3
170190,2024-10-23 12:39:22,A10–0008/2024,,"Victor Negrescu, Niclas Herbst-§ 88",498,121,24,15,3
170192,2024-10-23 12:39:42,A10–0008/2024,,"Victor Negrescu, Niclas Herbst-§ 89-Am 50/1",504,94,30,30,3
170193,2024-10-23 12:39:52,A10–0008/2024,,"Victor Negrescu, Niclas Herbst-§ 89-Am 50/2",231,387,23,17,3
170194,2024-10-23 12:40:05,A10–0008/2024,,"Victor Negrescu, Niclas Herbst-§ 89-Am 50/3",500,110,40,8,3
170195,2024-10-23 12:40:16,A10–0008/2024,,"Victor Negrescu, Niclas Herbst-§ 89-Am 50/4",300,299,45,14,3
170196,2024-10-23 12:40:31,A10–0008/2024,,"Victor Negrescu, Niclas Herbst-§ 90, After point d-Am 19",291,322,39,6,3
170197,2024-10-23 12:40:42,A10–0008/2024,,"Victor Negrescu, Niclas Herbst-§ 90, point e-Am 20",327,309,13,9,3
170199,2024-10-23,,,"§ 90, point f",,,,658,3
170200,2024-10-23,,,"§ 90, point f",,,,658,3
170201,2024-10-23 12:41:21,A10–0008/2024,,"Victor Negrescu, Niclas Herbst-After § 90-Am 74",178,442,30,8,3
170202,2024-10-23 12:41:32,A10–0008/2024,,"Victor Negrescu, Niclas Herbst-After § 90-Am 75",79,526,37,16,3
170203,2024-10-23 12:41:42,A10–0008/2024,,"Victor Negrescu, Niclas Herbst-After § 90-Am 76",85,526,35,12,3
170205,2024-10-23 12:41:54,A10–0008/2024,,"Victor Negrescu, Niclas Herbst-After § 91-Am 67/1",284,289,79,6,3
170206,2024-10-23 12:42:07,A10–0008/2024,,"Victor Negrescu, Niclas Herbst-After § 91-Am 67/2",107,536,12,3,3
170208,2024-10-23 12:43:49,A10–0008/2024,,"Victor Negrescu, Niclas Herbst-After § 91-Am 68/1",520,66,54,18,3
170209,2024-10-23 12:44:01,A10–0008/2024,,"Victor Negrescu, Niclas Herbst-After § 91-Am 68/2",85,500,58,15,3
170210,2024-10-23 12:44:11,A10–0008/2024,,"Victor Negrescu, Niclas Herbst-After § 91-Am 68/3",500,62,81,15,3
170211,2024-10-23 12:44:22,A10–0008/2024,,"Victor Negrescu, Niclas Herbst-After § 91-Am 68/4",216,389,39,14,3
170212,2024-10-23 12:44:34,A10–0008/2024,,"Victor Negrescu, Niclas Herbst-§ 92-Am 16",255,314,80,9,3
170214,2024-10-23 12:44:49,A10–0008/2024,,"Victor Negrescu, Niclas Herbst-After § 92-Am 17/1",349,68,230,11,3
170215,2024-10-23 12:45:02,A10–0008/2024,,"Victor Negrescu, Niclas Herbst-After § 92-Am 17/2",139,481,29,9,3
170216,2024-10-23 12:45:14,A10–0008/2024,,"Victor Negrescu, Niclas Herbst-After § 98-Am 77",134,484,29,11,3
170219,2024-10-22,,,Approval without vote,,,,672,2
170221,2024-10-23,,,Amendments by the committee responsible – put to the vote collectively,,,,658,3
170223,2024-10-23,,,§ 1,,,,658,3
170224,2024-10-23,,,§ 1,,,,658,3
170226,2024-10-23 12:52:13,RC–B10–0123/2024,,§ 1/1,545,80,15,18,3
170227,2024-10-23 12:52:24,RC–B10–0123/2024,,§ 1/2,420,208,12,18,3
170229,2024-10-23,,,Block 1,,,,658,3
170230,2024-10-23,,,01 02 02 51,,,,658,3
170231,2024-10-23,,,01 02 02 51,,,,658,3
170232,2024-10-23,,,01 02 02 53,,,,658,3
170233,2024-10-23,,,01 02 02 53,,,,658,3
170234,2024-10-23,,,01 02 02 54,,,,658,3
170235,2024-10-23,,,01 02 02 54,,,,658,3
170236,2024-10-23,,,02 10 01,,,,658,3
170237,2024-10-23,,,02 10 02,,,,658,3
170238,2024-10-23 12:09:58,Draft general budget of the European Union for the financial year 2025,,all sections-03 02 02-Am 693,617,22,10,9,3
170239,2024-10-23,,,03 20 04,,,,658,3
170240,2024-10-23,,,Block 2,512,91,29,658,3
170241,2024-10-23,,,05 02 04,,,,658,3
170242,2024-10-23,,,05 03 03,,,,658,3
170243,2024-10-23,,,05 03 10,,,,658,3
170244,2024-10-23 12:10:52,Draft general of the European Union for the financial year 2025,,all sections-07 02 01-Am 309,72,513,67,6,3
170245,2024-10-23 12:11:05,Draft general of the European Union for the financial year 2025,,all sections-07 02 15-Am 332,87,512,47,12,3
170246,2024-10-23,,,07 02 16,,,,658,3
170247,2024-10-23,,,Block 3,,,,658,3
170248,2024-10-23,,,07 03 01 01,,,,658,3
170249,2024-10-23,,,07 03 02,,,,658,3
170250,2024-10-23,,,07 03 03,,,,658,3
170251,2024-10-23,,,07 06 03,,,,658,3
170252,2024-10-23,,,07 06 03,,,,658,3
170253,2024-10-23,,,07 10 05,474,169,8,658,3
170254,2024-10-23,,,07 10 05,,,,658,3
170255,2024-10-23,,,Block 4,,,,658,3
170256,2024-10-23 12:12:02,Draft general budget of the European Union for the financial year 2025,,all sections-08 02 02 01-Am 725,591,49,7,11,3
170257,2024-10-23 12:12:15,Draft general budget of the European Union for the financial year 2025,,all sections-08 02 02 02-Am 313,174,453,23,8,3
170258,2024-10-23 12:12:30,Draft general budget of the European Union for the financial year 2025,,all sections-08 02 02 02-Am 618,195,432,20,11,3
170259,2024-10-23 12:12:41,Draft general budget of the European Union for the financial year 2025,,all sections-08 02 02 03-Am 314,199,422,28,9,3
170260,2024-10-23 12:12:52,Draft general budget of the European Union for the financial year 2025,,all sections-08 02 02 05-Am 315,193,437,11,17,3
170261,2024-10-23 12:13:03,Draft general budget of the European Union for the financial year 2025,,all sections-08 02 03 03-Am 726,570,54,20,14,3
170262,2024-10-23 12:13:14,Draft general budget of the European Union for the financial year 2025,,all sections-08 02 04 03-Am 213,617,32,5,4,3
170263,2024-10-23 12:13:24,Draft general budget of the European Union for the financial year 2025,,all sections-08 04 01-Am 316,156,473,21,8,3
170264,2024-10-23 12:13:35,Draft general budget of the European Union for the financial year 2025,,all sections-08 04 02-Am 317,180,452,23,3,3
170265,2024-10-23,,,Block 5,,,,658,3
170266,2024-10-23,,,10 02 01,,,,658,3
170267,2024-10-23,,,10 02 01,,,,658,3
170268,2024-10-23 12:13:59,Draft general budget of the European Union for the financial year 2025,,all sections-11 02 01-Am 733,454,141,56,7,3
170269,2024-10-23,,,11 02 01,,,,658,3
170270,2024-10-23 12:14:20,Draft general budget of the European Union for the financial year 2025,,all sections-11 02 02-Am 334,141,486,12,19,3
170271,2024-10-23 12:14:33,Draft general budget of the European Union for the financial year 2025,,all sections-11 10 01-Am 156,519,74,57,8,3
170272,2024-10-23,,,11 10 01,,,,658,3
170273,2024-10-23,,,Block 6,,,,658,3
170274,2024-10-23,,,13 01 01,,,,658,3
170275,2024-10-23,,,13 01 02 01,,,,658,3
170276,2024-10-23,,,13 01 02 02,,,,658,3
170277,2024-10-23,,,13 01 02 03,,,,658,3
170278,2024-10-23,,,13 01 03 01,,,,658,3
170279,2024-10-23,,,13 01 03 74,,,,658,3
170280,2024-10-23,,,13 01 04,,,,658,3
170281,2024-10-23,,,13 01 05,,,,658,3
170282,2024-10-23 12:15:24,Draft general budget of the European Union for the financial year 2025,,all sections-13 02 01-Am 328,73,556,24,5,3
170283,2024-10-23,,,13 03 01,,,,658,3
170284,2024-10-23,,,13 04 01,,,,658,3
170285,2024-10-23,,,13 04 01,,,,658,3
170286,2024-10-23,,,13 04 01,,,,658,3
170287,2024-10-23,,,13 06 01,,,,658,3
170288,2024-10-23,,,13 07 01,,,,658,3
170289,2024-10-23,,,Block 7,,,,658,3
170290,2024-10-23 12:15:57,Draft general budget of the European Union for the financial year 2025,,all sections-14 02 01 10-Am 737,457,192,2,7,3
170291,2024-10-23,,,14 02 01 10,,,,658,3
170292,2024-10-23,,,14 02 01 10,,,,658,3
170293,2024-10-23,,,15 02 01 01,,,,658,3
170294,2024-10-23,,,15 02 02 01,,,,658,3
170295,2024-10-23,,,Block 8,,,,658,3
170296,2024-10-23,,,1 6 5 4,,,,658,3
170297,2024-10-23,,,Block 9,,,,658,3
170298,2024-10-23,,,Block 10,,,,658,3
170299,2024-10-23,,,Block 11,,,,658,3
170300,2024-10-23,,,Block 12,,,,658,3
170301,2024-10-23,,,Block 13,,,,658,3
170302,2024-10-23,,,Block 14,,,,658,3
170303,2024-10-23,,,Block 15,,,,658,3
170304,2024-10-23,,,Block 16,,,,658,3
170305,2024-10-23,,,Block 17,,,,658,3
170306,2024-10-23,,,PP 05 25 01,,,,658,3
170313,2024-10-23,,,Request for an urgent decision,,,,658,3
170319,2024-10-24,B10-0129/2024,,B10-0129/2024,,,,597,3
170320,2024-10-24,B10-0131/2024,,B10-0131/2024,,,,597,3
170321,2024-10-24,B10-0133/2024,,B10-0133/2024,,,,597,3
170322,2024-10-24,B10-0136/2024,,B10-0136/2024,,,,597,3
170323,2024-10-24,B10-0139/2024,,B10-0139/2024,,,,597,3
170324,2024-10-24,B10-0141/2024,,B10-0141/2024,,,,597,3
170325,2024-10-24,B10-0142/2024,,B10-0142/2024,,,,597,3
170327,2024-10-24,,,After § 2,,,,597,3
170328,2024-10-24,,,After § 3,,,,597,3
170329,2024-10-24,,,After § 3,,,,597,3
170330,2024-10-24,,,After § 3,,,,597,3
170331,2024-10-24,,,After § 5,,,,597,3
170333,2024-10-24,,,After § 21,,,,597,3
170336,2024-10-24,B10-0130/2024,,B10-0130/2024,,,,597,3
170337,2024-10-24,B10-0132/2024,,B10-0132/2024,,,,597,3
170338,2024-10-24,B10-0134/2024,,B10-0134/2024,,,,597,3
170339,2024-10-24,B10-0135/2024,,B10-0135/2024,,,,597,3
170340,2024-10-24,B10-0137/2024,,B10-0137/2024,,,,597,3
170341,2024-10-24,B10-0138/2024,,B10-0138/2024,,,,597,3
170342,2024-10-24,B10-0140/2024,,B10-0140/2024,,,,597,3
170343,2024-10-24 12:15:45,RC-B10-0134/2024,,§ 4,511,9,50,27,3
170345,2024-10-24 12:16:05,RC-B10-0134/2024,,§ 6/1,531,4,37,25,3
170346,2024-10-24,,,§ 6,,,,597,3
170348,2024-10-24,,,§ 8,,,,597,3
170349,2024-10-24 12:16:29,RC-B10-0134/2024,,§ 8/2,488,44,37,28,3
170350,2024-10-24 12:16:41,RC-B10-0134/2024,,Après le § 17 - Am 1,162,378,16,41,3
170351,2024-10-24 12:17:02,RC-B10-0134/2024,,Proposition de résolution (ensemble du texte),432,60,71,34,3
170352,2024-10-24 12:12:31,RC-B10-0133/2024,,§ 1,527,5,38,27,3
170354,2024-10-24 12:12:48,RC-B10-0133/2024,,§ 3/1,573,0,7,17,3
170355,2024-10-24,,,§ 3,,,,597,3
170356,2024-10-24 12:13:11,RC-B10-0133/2024,,§ 10 - Am 1,258,274,49,16,3
170357,2024-10-24 12:13:26,RC-B10-0133/2024,,§ 10 - Am 2,152,394,31,20,3
170359,2024-10-24,,,§ 10,,,,597,3
170360,2024-10-24 12:13:52,RC-B10-0133/2024,,§ 10/2,423,113,39,22,3
170362,2024-10-24,,,§ 12,,,,597,3
170363,2024-10-24,,,§ 12,,,,597,3
170364,2024-10-24 12:14:21,RC-B10-0133/2024,,§ 17,577,1,5,14,3
170365,2024-10-24 12:14:36,RC-B10-0133/2024,,§ 18,544,6,24,23,3
170366,2024-10-24 12:14:51,RC-B10-0133/2024,,Proposition de résolution (ensemble du texte),453,31,89,24,3
170381,2024-11-14 11:23:31,A10-0011/2024,,Herbert Dorfmann - Proposition de la Commission au Conseil,555,48,42,0,2
170382,2024-11-14 11:22:06,A10-0012/2024,,Aurore Lalucq - Proposition de la Commission au Conseil,621,10,11,0,2
170398,2024-11-14 11:19:15,C10-0119/2024,,Proposition de la Commission,371,240,30,0,2
170401,2024-11-14 11:27:41,A10-0013/2024,,Joachim Streit - Projet de décision du Conseil,510,105,27,0,2
170436,2024-11-14,,,Motion for a resolution (as a whole),,,,595,2
170438,2024-11-14,B10-0160/2024,,B10-0160/2024,,,,595,2
170439,2024-11-14,B10-0161/2024,,B10-0161/2024,,,,595,2
170440,2024-11-14,B10-0162/2024,,B10-0162/2024,,,,595,2
170441,2024-11-14,B10-0163/2024,,B10-0163/2024,,,,595,2
170442,2024-11-14,B10-0164/2024,,B10-0164/2024,,,,595,2
170443,2024-11-14,B10-0166/2024,,B10-0166/2024,,,,595,2
170449,2024-11-14,B10-0156/2024,,After § 43,,,,595,2
170457,2024-11-14,B10-0156/2024,,Recital I,,,,595,2
170458,2024-11-14,B10-0156/2024,,After recital AC,,,,595,2
170464,2024-11-14,,,"Article 1, § 1, before point 1 Regulation (EU) 2023/1115",,,,595,2
170465,2024-11-14,,,"Article 1, § 1, before point 1 Regulation (EU) 2023/1115",,,,595,2
170466,2024-11-14 11:10:00,C10-0119/2024,,"Article 1, § 1, avant le point 1 Règlement (UE) 2023/1115 - Am 3",306,303,18,0,2
170467,2024-11-14 11:10:20,C10-0119/2024,,"Article 1, § 1, avant le point 1 Règlement (UE) 2023/1115 - Am 4",324,296,15,0,2
170468,2024-11-14 11:10:35,C10-0119/2024,,"Article 1, § 1, avant le point 1 Règlement (UE) 2023/1115 - Am 5",308,303,20,0,2
170469,2024-11-14 11:10:52,C10-0119/2024,,"Article 1, § 1, avant le point 1 Règlement (UE) 2023/1115 - Am 6",308,303,19,0,2
170470,2024-11-14 11:13:23,C10-0119/2024,,"Article 1, § 1, avant le point 1 Règlement (UE) 2023/1115 - Am 7",303,292,20,0,2
170471,2024-11-14,,,"Article 1, § 1, before point 1 Regulation (EU) 2023/1115",,,,595,2
170472,2024-11-14 11:15:34,C10-0119/2024,,"Article 1, § 1, avant le point 1 Règlement (UE) 2023/1115 - Am 9",311,308,23,0,2
170473,2024-11-14 11:17:08,C10-0119/2024,,"Article 1, § 1, avant le point 1 Règlement (UE) 2023/1115 - Am 10",314,303,23,0,2
170474,2024-11-14 11:17:48,C10-0119/2024,,"Article 1, § 1, avant le point 1 Règlement (UE) 2023/1115 - Am 11",319,300,20,0,2
170475,2024-11-14 11:18:39,C10-0119/2024,,"Article 1, § 1, après le point 1 Règlement (UE) 2023/1115 Article 30, § 4 - Am 12",309,311,21,0,2
170476,2024-11-14,,,"Article 1, § 1, point 2 Regulation (EU) 2023/1115 Article 37, § 2",,,,595,2
170477,2024-11-14,,,"Article 1, § 1, point 3 Regulation (EU) 2023/1115 Article 38, § 2",,,,595,2
170478,2024-11-14,,,"Article 1, § 1, point 3 Regulation (EU) 2023/1115 Article 38, § 3",,,,595,2
170479,2024-11-14 11:48:11,RC-B10-0161/2024,,Après le § 1 - Am 1,113,458,65,0,2
170480,2024-11-14 11:49:22,RC-B10-0161/2024,,Après le § 2 - Am 2,116,483,36,0,2
170481,2024-11-14 11:50:00,RC-B10-0161/2024,,Après le § 2 - Am 3,76,524,34,0,2
170482,2024-11-14 11:50:25,RC-B10-0161/2024,,§ 4 - Am 4,167,384,78,0,2
170484,2024-11-14,,,§ 15,,,,595,2
170485,2024-11-14 11:50:59,RC-B10-0161/2024,,§ 15/2,477,132,21,0,2
170486,2024-11-14 11:51:46,RC-B10-0161/2024,,Après le § 15 - Am 6,131,444,57,0,2
170488,2024-11-14,,,§ 16,,,,595,2
170489,2024-11-14 11:54:28,RC-B10-0161/2024,,§ 16/2,482,108,40,0,2
170490,2024-11-14,,,§ 16,,,,595,2
170491,2024-11-14,,,§ 16,,,,595,2
170492,2024-11-14 11:55:20,RC-B10-0161/2024,,Considérant G - Am 5,252,318,64,0,2
170493,2024-11-14 11:29:24,B10-0156/2024,,§ 1 - Am 10,143,458,43,0,2
170494,2024-11-14 11:30:33,B10-0156/2024,,Après le § 1 - Am 11,141,459,43,0,2
170495,2024-11-14,,,§ 24,,,,595,2
170496,2024-11-14,,,§ 25,,,,595,2
170497,2024-11-14 11:31:37,B10-0156/2024,,§ 41 - Am 12,105,459,79,0,2
170498,2024-11-14 11:32:28,B10-0156/2024,,Après le § 41 - Am 13,110,460,74,0,2
170499,2024-11-14 11:32:44,B10-0156/2024,,Après le § 48 - Am 5,206,412,16,0,2
170500,2024-11-14 11:32:58,B10-0156/2024,,Après le § 56 - Am 14,105,462,75,0,2
170502,2024-11-14,,,§ 66,,,,595,2
170503,2024-11-14 11:33:14,B10-0156/2024,,§ 66/2,279,334,25,0,2
170505,2024-11-14,,,§ 72,,,,595,2
170506,2024-11-14 11:33:33,B10-0156/2024,,§ 72/2,333,210,92,0,2
170507,2024-11-14 11:40:47,B10-0156/2024,,Après le § 83 - Am 6,214,359,36,0,2
170509,2024-11-14,,,§ 90,,,,595,2
170510,2024-11-14,,,§ 90,292,337,10,595,2
170512,2024-11-14,,,§ 91,,,,595,2
170513,2024-11-14,,,§ 91,270,355,10,595,2
170514,2024-11-14 11:43:28,B10-0156/2024,,§ 95,424,195,18,0,2
170516,2024-11-14,,,§ 98,,,,595,2
170517,2024-11-14,,,§ 98,281,349,7,595,2
170519,2024-11-14,,,§ 131,,,,595,2
170520,2024-11-14,,,§ 131,,,,595,2
170522,2024-11-14 11:44:42,B10-0156/2024,,Après le § 131 - Am 1/1,250,358,24,0,2
170523,2024-11-14,B10-0156/2024,,After § 131,,,,595,2
170524,2024-11-14,B10-0156/2024,,After § 131,,,,595,2
170525,2024-11-14 11:45:12,B10-0156/2024,,Considérant A - Am 9,195,429,14,0,2
170526,2024-11-14 11:45:38,B10-0156/2024,,Après le considérant F - Am 3,187,437,17,0,2
170527,2024-11-14 11:46:45,B10-0156/2024,,Considérant G - Am 4,184,453,3,0,2
170528,2024-11-14 11:47:28,B10-0156/2024,,Proposition de résolution (ensemble du texte),429,183,24,0,2
170541,2024-11-13 15:23:59,Ordre du jour de mercredi,,Demande des groupes Renew et PPE,309,191,34,0,4
170542,2024-11-13 15:26:48,Ordre du jour de jeudi,,Demande du groupe The Left,201,353,7,0,4
170543,2024-11-14,,,Request for an urgent decision,,,,595,2
170544,2024-11-14,,,Request for an urgent decision,,,,595,2
170553,2024-11-14,,,Request for referral back (Rule 60(4)),394,220,15,595,2
170611,2024-11-27 12:24:05,,,Élection de la Commission,370,282,36,0,1
170621,2024-11-27 12:29:55,A10-0014/2024,,"Victor Negrescu, Niclas Herbst - Projet commun",418,185,67,12,1
170622,2024-11-26 12:07:29,B10-0148/2024,,Après le § 2 - Am 2,281,233,124,36,1
170623,2024-11-26 12:07:53,B10-0148/2024,,Après le considérant O - Am 1,275,288,68,43,1
170624,2024-11-26 12:08:16,B10-0148/2024,,Proposition de résolution (ensemble du texte),474,171,13,16,1
170625,2024-11-26 12:09:12,B10-0147/2024,,Après le § 2 - Am 2,281,233,128,32,1
170626,2024-11-26 12:09:33,B10-0147/2024,,Après le considérant O - Am 1,273,290,69,42,1
170627,2024-11-26 12:09:51,B10-0147/2024,,Proposition de résolution (ensemble du texte),476,169,14,15,1
170628,2024-11-26 12:08:40,B10-0145/2024,,Proposition de résolution,496,143,18,17,1
170629,2024-11-26 12:13:01,B10-0152/2024,,Après le § 2 - Am 2,274,232,136,32,1
170630,2024-11-26 12:13:20,B10-0152/2024,,Après le considérant K - Am 1,270,290,72,42,1
170631,2024-11-26 12:13:43,B10-0152/2024,,Proposition de résolution (ensemble du texte),478,165,16,15,1
170632,2024-11-27 12:29:20,A10-0017/2024,,Siegfried Mureşan - Proposition de résolution,525,75,81,1,1
170633,2024-11-26,,,Nomination of Iliana Ivanova,581,34,31,674,1
170634,2024-11-26 12:11:55,B10-0150/2024,,Après le § 2 - Am 2,276,232,138,28,1
170635,2024-11-26 12:12:16,B10-0150/2024,,Après le considérant K - Am 1,270,292,70,42,1
170636,2024-11-26 12:12:37,B10-0150/2024,,Proposition de résolution (ensemble du texte),474,166,17,17,1
170637,2024-11-26 12:14:22,B10-0153/2024,,Proposition de résolution,468,166,14,26,1
170638,2024-11-26 12:10:18,B10-0146/2024,,Proposition de résolution,464,163,27,20,1
170639,2024-11-26 12:10:44,B10-0149/2024,,Après le § 2 - Am 2,278,229,138,29,1
170640,2024-11-26 12:11:05,B10-0149/2024,,Après le considérant L - Am 1,270,291,68,45,1
170641,2024-11-26 12:11:24,B10-0149/2024,,Proposition de résolution (ensemble du texte),478,166,17,13,1
170665,2024-11-25 17:15:11,Ordre du jour de lundi,,Demande du groupe The Left,156,277,10,172,3
170666,2024-11-25,,,Tuesday’s agenda – Request by the S&amp;D Group,224,211,11,615,3
170667,2024-11-25 17:18:00,agenda week 48,,Ordre du jour de mercredi,415,5,3,192,3
170670,2024-11-27 12:29:00,A10-0020/2024,,Giuseppe Lupo - Proposition de résolution,660,11,4,7,1
170671,2024-11-27 12:26:56,A10-0015/2024,,Paulo Cunha - Proposition de la Commission,627,6,37,12,1
170679,2024-11-28,,,§ 2,,,,616,2
170686,2024-11-28,,,§ 6,,,,616,2
170688,2024-11-28,,,§ 8,346,206,13,616,2
170689,2024-11-28,,,After § 10,,,,616,2
170690,2024-11-28,,,After § 10,,,,616,2
170691,2024-11-28,,,§ 11,,,,616,2
170692,2024-11-28,,,After § 11,,,,616,2
170694,2024-11-28,,,After recital C,,,,616,2
170695,2024-11-28,,,After recital D,,,,616,2
170697,2024-11-28,,,Recital M,,,,616,2
170698,2024-11-28,,,Motion for a resolution (as a whole),150,342,14,616,2
170700,2024-11-28,B10-0173/2024,,B10-0173/2024,,,,616,2
170702,2024-11-28,B10-0174/2024,,§ 5,,,,616,2
170703,2024-11-28,B10-0174/2024,,§ 6,,,,616,2
170704,2024-11-28,B10-0174/2024,,§ 14,,,,616,2
170706,2024-11-28,B10-0175/2024,,B10-0175/2024,,,,616,2
170707,2024-11-28,B10-0176/2024,,B10-0176/2024,,,,616,2
170708,2024-11-28,B10-0177/2024,,B10-0177/2024,,,,616,2
170721,2024-11-27 12:27:29,B10-0178/2024,,Proposition de résolution,123,511,42,6,1
170722,2024-11-27 12:20:58,B10-0194/2024,,– Motion for a resolution,53,608,24,0,1
170723,2024-11-27 12:21:21,B10-0196/2024,,– § 3,200,480,9,0,1
170724,2024-11-27 12:22:06,B10-0196/2024,,– § 7,204,470,6,2,1
170725,2024-11-27 12:22:24,B10-0196/2024,,– § 11,173,455,55,0,1
170726,2024-11-27 12:22:40,B10-0196/2024,,– Motion for a resolution (as a whole),154,507,19,2,1
170727,2024-11-28 12:28:02,RC-B10-0173/2024,,Après le § 1 - Am 13,241,297,25,53,2
170728,2024-11-28 12:28:13,RC-B10-0173/2024,,Après le § 1 - Am 20,171,396,10,39,2
170729,2024-11-28 12:28:34,RC-B10-0173/2024,,§ 2 - Am 10,350,222,8,36,2
170731,2024-11-28,,,§ 2,,,,616,2
170732,2024-11-28,,,§ 2,,,,616,2
170733,2024-11-28 12:28:52,RC-B10-0173/2024,,§ 4 - Am 15,289,266,19,42,2
170734,2024-11-28 12:29:05,RC-B10-0173/2024,,Après le § 4 - Am 11,291,259,32,34,2
170736,2024-11-28 12:29:20,RC-B10-0173/2024,,§ 5 - Am 16/1,286,280,18,32,2
170737,2024-11-28 12:29:35,RC-B10-0173/2024,,§ 5 - Am 16/2,149,403,26,38,2
170738,2024-11-28,,,§ 5,,,,616,2
170739,2024-11-28 12:29:57,RC-B10-0173/2024,,§ 6 - Am 17,253,298,23,42,2
170740,2024-11-28 12:30:11,RC-B10-0173/2024,,§ 6 - Am 21,158,403,17,38,2
170742,2024-11-28 12:30:33,RC-B10-0173/2024,,§ 6/1,368,133,64,51,2
170743,2024-11-28 12:30:45,RC-B10-0173/2024,,§ 6/2,194,348,31,43,2
170744,2024-11-28 12:30:58,RC-B10-0173/2024,,§ 7 - Am 18,191,369,12,44,2
170749,2024-11-28,,,Recital C,,,,616,2
170750,2024-11-28,,,Recital C,,,,616,2
170752,2024-11-28,,,Recital D,,,,616,2
170753,2024-11-28,,,Recital D,,,,616,2
170754,2024-11-28,,,Recital E,337,216,5,616,2
170755,2024-11-28 12:33:11,RC-B10-0173/2024,,Après le considérant H - Am 12,263,277,21,55,2
170756,2024-11-28 12:33:31,RC-B10-0173/2024,,Considérant P,407,110,51,48,2
170758,2024-11-28,,,Recital R,,,,616,2
170759,2024-11-28 12:34:00,RC-B10-0173/2024,,Considérant R/2,409,142,16,49,2
170760,2024-11-28,,,Recital Q,,,,616,2
170761,2024-11-28,,,Recital T,,,,616,2
170763,2024-11-28,,,Recital V,,,,616,2
170764,2024-11-28,,,Recital V,,,,616,2
170765,2024-11-28 12:34:34,RC-B10-0173/2024,,Proposition de résolution (ensemble du texte),152,378,26,60,2
170767,2024-11-28 12:35:24,B10-0174/2024,,§ 2/1,222,204,23,167,2
170768,2024-11-28 12:35:36,B10-0174/2024,,§ 2/2,184,245,50,137,2
170772,2024-11-28,,,After § 10,,,,616,2
170774,2024-11-28,,,After § 12,,,,616,2
170775,2024-11-28,,,After § 13,,,,616,2
170779,2024-11-28,B10-0179/2024,,B10-0179/2024,,,,616,2
170780,2024-11-28,B10-0180/2024,,B10-0180/2024,,,,616,2
170781,2024-11-28,B10-0181/2024,,B10-0181/2024,,,,616,2
170782,2024-11-28,B10-0182/2024,,B10-0182/2024,,,,616,2
170783,2024-11-28,B10-0183/2024,,B10-0183/2024,,,,616,2
170784,2024-11-28,B10-0184/2024,,B10-0184/2024,,,,616,2
170795,2024-11-28,,,Recital A,,,,616,2
170800,2024-11-28,B10-0189/2024,,B10-0189/2024,,,,616,2
170801,2024-11-28,B10-0191/2024,,B10-0191/2024,,,,616,2
170802,2024-11-28,B10-0192/2024,,B10-0192/2024,,,,616,2
170803,2024-11-28,B10-0193/2024,,B10-0193/2024,,,,616,2
170804,2024-11-28,B10-0195/2024,,B10-0195/2024,,,,616,2
170805,2024-11-28,B10-0198/2024,,B10-0198/2024,,,,616,2
170806,2024-11-28,B10-0200/2024,,B10-0200/2024,,,,616,2
170825,2024-11-28,B10-0186/2024,,B10-0186/2024,,,,616,2
170826,2024-11-28,B10-0188/2024,,B10-0188/2024,,,,616,2
170827,2024-11-28,B10-0197/2024,,B10-0197/2024,,,,616,2
170828,2024-11-28,B10-0199/2024,,B10-0199/2024,,,,616,2
170829,2024-11-28,B10-0202/2024,,B10-0202/2024,,,,616,2
170830,2024-11-28,B10-0203/2024,,B10-0203/2024,,,,616,2
170831,2024-11-28,B10-0207/2024,,B10-0207/2024,,,,616,2
170833,2024-11-28,,,After § 3,,,,616,2
170834,2024-11-28,,,§ 4,,,,616,2
170835,2024-11-28,,,§ 6,,,,616,2
170838,2024-11-28,B10-0187/2024,,B10-0187/2024,,,,616,2
170839,2024-11-28,B10-0190/2024,,B10-0190/2024,,,,616,2
170840,2024-11-28,B10-0201/2024,,B10-0201/2024,,,,616,2
170841,2024-11-28,B10-0204/2024,,B10-0204/2024,,,,616,2
170842,2024-11-28,B10-0205/2024,,B10-0205/2024,,,,616,2
170843,2024-11-28,B10-0206/2024,,B10-0206/2024,,,,616,2
170845,2024-11-28,,,After § 3,237,170,181,616,2
170848,2024-11-28,B10-0208/2024,,B10-0208/2024,,,,616,2
170849,2024-11-28,B10-0209/2024,,B10-0209/2024,,,,616,2
170850,2024-11-28,B10-0210/2024,,B10-0210/2024,,,,616,2
170851,2024-11-28,B10-0211/2024,,B10-0211/2024,,,,616,2
170852,2024-11-28,B10-0212/2024,,B10-0212/2024,,,,616,2
170853,2024-11-28 12:15:42,RC-B10-0179/2024,,Après le § 1 - Am 1,110,451,43,12,2
170854,2024-11-28 12:15:54,RC-B10-0179/2024,,Après le § 1 - Am 2,100,418,84,14,2
170856,2024-11-28,,,§ 10,,,,616,2
170857,2024-11-28 12:16:17,RC-B10-0179/2024,,§ 10/2,411,121,70,14,2
170858,2024-11-28 12:16:37,RC-B10-0179/2024,,§ 11,435,101,66,14,2
170860,2024-11-28,,,§ 12,,,,616,2
170861,2024-11-28 12:17:26,RC-B10-0179/2024,,§ 12/2,327,214,60,15,2
170864,2024-11-28,,,Recital F,,,,616,2
170865,2024-11-28 12:18:10,RC-B10-0179/2024,,Considérant F/2,412,120,68,16,2
170866,2024-11-28 12:18:23,RC-B10-0179/2024,,Proposition de résolution (ensemble du texte),444,72,82,18,2
170867,2024-11-28 12:31:58,RC-B10-0173/2024,,§ 12 - Am 19,268,270,35,43,2
170868,2024-11-28,,,§ 12,237,259,98,616,2
170869,2024-11-28 12:17:50,RC-B10-0179/2024,,§ 21 - Am 7,331,98,166,21,2
170870,2024-11-28 12:13:48,RC-B10-0188/2024,,§ 1 - Am 1,177,406,10,23,2
170871,2024-11-28 12:14:01,RC-B10-0188/2024,,Proposition de résolution (ensemble du texte),562,2,30,22,2
170873,2024-11-28,,,§ 4,,,,616,2
170874,2024-11-28,,,§ 4,,,,616,2
170875,2024-11-28 12:13:21,RC-B10-0208/2024,,Proposition de résolution (ensemble du texte),473,23,98,22,2
170876,2024-11-28,,,§ 4,,,,616,2
170878,2024-11-28,,,§ 8,,,,616,2
170879,2024-11-28,,,§ 8,,,,616,2
170880,2024-11-28 12:15:14,RC-B10-0190/2024,,Proposition de résolution (ensemble du texte),492,5,102,17,2
170881,2024-11-28,,,§ 3,,,,616,2
170882,2024-11-28 12:19:24,RC-B10-0191/2024,,Après le § 4 - Am 8,135,412,58,11,2
170884,2024-11-28,,,§ 4,,,,616,2
170885,2024-11-28 12:19:47,RC-B10-0191/2024,,§ 4/2,443,73,70,30,2
170887,2024-11-28,,,§ 5,,,,616,2
170888,2024-11-28 12:20:06,RC-B10-0191/2024,,§ 5/2,323,184,95,14,2
170889,2024-11-28 12:20:19,RC-B10-0191/2024,,Après le § 5 - Am 9,115,439,29,33,2
170890,2024-11-28 12:20:31,RC-B10-0191/2024,,Après le § 11 - Am 10,82,435,57,42,2
170892,2024-11-28 12:20:49,RC-B10-0191/2024,,§ 13/1,415,98,85,18,2
170893,2024-11-28 12:21:00,RC-B10-0191/2024,,§ 13/2,380,160,52,24,2
170894,2024-11-28 12:21:12,RC-B10-0191/2024,,§ 13/3,304,229,51,32,2
170895,2024-11-28 12:21:24,RC-B10-0191/2024,,§ 13/4,462,92,38,24,2
170896,2024-11-28 12:21:33,RC-B10-0191/2024,,§ 13/5,354,178,63,21,2
170897,2024-11-28,,,§ 13,,,,616,2
170898,2024-11-28,,,§ 13,,,,616,2
170899,2024-11-28 12:22:07,RC-B10-0191/2024,,§ 14 - Am 12,435,121,41,19,2
170900,2024-11-28,,,§ 14,,,,616,2
170902,2024-11-28,,,§ 16,,,,616,2
170903,2024-11-28 12:23:27,RC-B10-0191/2024,,§ 16/2,419,138,32,27,2
170905,2024-11-28,,,§ 17,,,,616,2
170906,2024-11-28 12:25:00,RC-B10-0191/2024,,§ 17/2,464,74,54,24,2
170908,2024-11-28 12:25:15,RC-B10-0191/2024,,§ 19/1,371,156,69,20,2
170909,2024-11-28 12:25:26,RC-B10-0191/2024,,§ 19/2,383,128,78,27,2
170910,2024-11-28 12:25:35,RC-B10-0191/2024,,§ 19/3,370,170,49,27,2
170911,2024-11-28 12:25:44,RC-B10-0191/2024,,§ 19/4,377,161,52,26,2
170913,2024-11-28,,,§ 23,,,,616,2
170914,2024-11-28,,,§ 23,,,,616,2
170915,2024-11-28,,,§ 29,,,,616,2
170916,2024-11-28 12:26:52,RC-B10-0191/2024,,Considérant N,412,80,97,27,2
170917,2024-11-28 12:27:28,RC-B10-0191/2024,,Proposition de résolution (ensemble du texte),390,135,52,39,2
170918,2024-11-28 12:18:51,RC-B10-0191/2024,,Après le § 2 - Am 3,139,431,34,12,2
170919,2024-11-28 12:19:04,RC-B10-0191/2024,,Après le § 2 - Am 4,128,411,64,13,2
170920,2024-11-28 12:21:55,RC-B10-0191/2024,,Après le § 13 - Am 5,158,390,51,17,2
170921,2024-11-28 12:25:57,RC-B10-0191/2024,,Après le § 19 - Am 6,171,404,24,17,2
170922,2024-11-28 12:26:09,RC-B10-0191/2024,,Après le § 19 - Am 7,71,490,37,18,2
170923,2024-11-28 12:27:04,RC-B10-0191/2024,,Après le considérant T - Am 1,166,382,41,27,2
170924,2024-11-28 12:27:15,RC-B10-0191/2024,,Après le considérant T - Am 2,97,456,33,30,2
171122,2024-12-17,,,§ 8,,,,661,12
171123,2024-12-17,,,§ 13,,,,661,12
171124,2024-12-17 12:58:50,A10-0019/2024,,Matjaž Nemec - Proposition de résolution (ensemble du texte),599,50,7,5,12
171125,2024-12-17 12:57:43,A10-0026/2024,,Veronika Vrecionová - Proposition de la Commission,644,6,3,8,12
171133,2024-12-17 13:01:14,A10-0016/2024,,Alex Agius Saliba - Proposition de résolution (ensemble du texte),598,17,37,9,12
171135,2024-12-17,,,Rejection,,,,661,12
171137,2024-12-17,,,Text as a whole,,,,661,12
171138,2024-12-17 12:58:18,A10-0022/2024,,Veronika Vrecionová - Proposition de la Commission,499,131,27,4,12
171141,2024-12-19,,,"§ 1, after point h",,,,604,14
171143,2024-12-19,,,"§ 1, after point m",,,,604,14
171149,2024-12-19,,,"§ 1, after point aj",308,256,2,604,14
171153,2024-12-19,,,After recital G,,,,604,14
171154,2024-12-19,,,After recital J,293,249,6,604,14
171156,2024-12-19,,,After recital I,303,239,13,604,14
171157,2024-12-19 12:24:09,A10-0030/2024,,Lina Gálvez - Proposition de résolution (ensemble du texte),322,163,46,73,14
171158,2024-12-18 12:20:50,A10-0023/2024,,Dariusz Joński - Projet de décision du Conseil,545,81,26,7,21
171159,2024-12-18 12:21:17,A10-0021/2024,,Anna Cavazzini - Projet de décision du Conseil,591,7,53,8,21
171160,2024-12-18 12:22:13,A10-0025/2024,,Dariusz Joński - Projet de décision du Conseil,533,74,26,26,21
171161,2024-12-18 12:21:42,A10-0024/2024,,Dariusz Joński - Projet de décision du Conseil,543,77,31,8,21
171162,2024-12-17,,,Text as a whole,,,,661,12
171163,2024-12-17,,,"Article 1, § 1, point 1, point b; Regulation (EU) 2021/1058; Article 3, after § 1b",,,,661,12
171164,2024-12-17,,,"Article 2, § 1; Regulation (EU) 2021/1057; Article 12b, after § 8",,,,661,12
171165,2024-12-17,,,After recital 2,,,,661,12
171166,2024-12-17 12:57:18,A10-0031/2024,,"Andrzej Buła, Younous Omarjee - Proposition de la Commission",638,10,5,8,12
171182,2024-12-17 12:56:34,C10-0119/2024,,Accord provisoire (Proposition de la Commission - non modifiée),546,97,7,11,12
171184,2024-12-17,,,Commission statement,,,,661,12
171185,2024-12-17 12:59:06,A10-0016/2024,,Alex Agius Saliba - § 12 - Am 4,131,507,8,15,12
171186,2024-12-17,,,§ 12,,,,661,12
171187,2024-12-17 12:59:22,A10-0016/2024,,Alex Agius Saliba - Après le § 12 - Am 7,306,320,21,14,12
171188,2024-12-17 12:59:35,A10-0016/2024,,Alex Agius Saliba - § 13 - Am 5,116,518,15,12,12
171190,2024-12-17,,,§ 13,,,,661,12
171191,2024-12-17,,,§ 13,205,306,139,661,12
171192,2024-12-17 13:00:09,A10-0016/2024,,Alex Agius Saliba - Après le § 13 - Am 1,177,457,23,4,12
171193,2024-12-17 13:00:21,A10-0016/2024,,Alex Agius Saliba - Après le § 13 - Am 6,147,487,17,10,12
171194,2024-12-17,,,§ 16,415,65,161,661,12
171195,2024-12-17 13:00:49,A10-0016/2024,,Alex Agius Saliba - Après le § 19 - Am 2,276,338,29,18,12
171196,2024-12-17 13:01:01,A10-0016/2024,,Alex Agius Saliba - § 27 - Am 3,535,73,45,8,12
171214,2024-12-18,B10-0217/2024,,"§ 1, point a",,,,659,21
171215,2024-12-18,B10-0217/2024,,"§ 1, point b",,,,659,21
171217,2024-12-18,B10-0217/2024,,"§ 1, point f",,,,659,21
171220,2024-12-18,B10-0217/2024,,"§ 1, after point i",,,,659,21
171221,2024-12-18,B10-0217/2024,,"§ 1, point m",,,,659,21
171224,2024-12-18,B10-0217/2024,,§ 2,,,,659,21
171227,2024-12-18,B10-0217/2024,,After recital D,,,,659,21
171228,2024-12-18,B10-0217/2024,,Recital E,,,,659,21
171236,2024-12-18,B10-0215/2024,,"§ 4, point 2, introductory sentence",,,,659,21
171240,2024-12-18,B10-0215/2024,,"§ 4, point 4, point 1",,,,659,21
171248,2024-12-18,,,Appointment of Bruna Szego,569,20,61,659,21
171264,2024-12-17,,,Approval without vote,,,,661,12
171265,2024-12-18 12:15:32,B10-0216/2024,,"§ 1, après le point d - Am 2",101,533,10,15,21
171266,2024-12-18 12:15:43,B10-0216/2024,,"§ 1, après le point d - Am 3",106,530,10,13,21
171267,2024-12-18 12:15:55,B10-0216/2024,,"§ 1, après le point d - Am 4",182,453,15,9,21
171268,2024-12-18 12:16:06,B10-0216/2024,,"§ 1, après le point d - Am 5",206,383,56,14,21
171269,2024-12-18 12:16:18,B10-0216/2024,,"§ 1, point f - Am 6",177,457,17,8,21
171270,2024-12-18 12:16:31,B10-0216/2024,,Considérant A - Am 1,106,533,7,13,21
171271,2024-12-18 12:16:44,B10-0216/2024,,Proposition de décision (ensemble du texte),441,178,34,6,21
171272,2024-12-18 12:17:22,B10-0217/2024,,"§ 1, point c - Am 13",192,455,4,8,21
171273,2024-12-18 12:17:41,B10-0217/2024,,"§ 1, point h - Am 10",130,515,4,10,21
171274,2024-12-18 12:17:53,B10-0217/2024,,"§ 1, point h - Am 14",191,447,8,13,21
171275,2024-12-18 12:18:18,B10-0217/2024,,"§ 1, point o - Am 11",175,452,19,13,21
171276,2024-12-18 12:18:29,B10-0217/2024,,"§ 1, après le point p - Am 16",174,450,20,15,21
171277,2024-12-18 12:18:47,B10-0217/2024,,Considérant B - Am 8,118,495,27,19,21
171278,2024-12-18 12:18:59,B10-0217/2024,,Considérant D - Am 9,77,520,52,10,21
171279,2024-12-18 12:19:25,B10-0217/2024,,Considérant E - Am 12,202,439,8,10,21
171280,2024-12-18 12:19:42,B10-0217/2024,,Proposition de décision (ensemble du texte),480,148,20,11,21
171281,2024-12-18 12:11:29,B10-0215/2024,,§ 1 - Am 6,119,503,7,30,21
171282,2024-12-18 12:11:49,B10-0215/2024,,§ 2 - Am 1,131,492,10,26,21
171283,2024-12-18 12:12:02,B10-0215/2024,,Après le § 2 - Am 2,63,548,35,13,21
171284,2024-12-18 12:12:18,B10-0215/2024,,"§ 4, point 1 - Am 7",114,527,5,13,21
171285,2024-12-18 12:12:38,B10-0215/2024,,"§ 4, point 2, partie introductive - Am 8",141,461,44,13,21
171286,2024-12-18 12:12:51,B10-0215/2024,,"§ 4, point 2, sous-point 4 - Am 4",173,459,14,13,21
171287,2024-12-18 12:13:06,B10-0215/2024,,"§ 4, après le point 2, point 3 et après le point 3 - Am 9-14",111,510,30,8,21
171289,2024-12-18 12:13:25,B10-0215/2024,,"§ 4, point 4, partie introductive/1",470,128,51,10,21
171290,2024-12-18,,,"§ 4, point 4, introductory part",,,,659,21
171291,2024-12-18 12:13:59,B10-0215/2024,,"§ 4, point 4, sous-point 2 - Am 15",194,454,3,8,21
171292,2024-12-18 12:14:14,B10-0215/2024,,"§ 4, point 4, sous-point 3 - Am 16",169,479,4,7,21
171294,2024-12-18,,,"§ 4, point 4, point 3",,,,659,21
171295,2024-12-18 12:14:35,B10-0215/2024,,"§ 4, point 4, sous-point 3/2",466,144,38,11,21
171296,2024-12-18 12:14:50,B10-0215/2024,,"§ 4, point 4, sous-point 7",440,180,32,7,21
171297,2024-12-18 12:15:05,B10-0215/2024,,Proposition de décision (ensemble du texte),448,161,40,10,21
171299,2024-12-19 12:11:56,A10-0030/2024,,"Lina Gálvez - § 1, point a/1",464,99,9,32,14
171300,2024-12-19 12:12:10,A10-0030/2024,,"Lina Gálvez - § 1, point a/2",356,172,37,39,14
171301,2024-12-19 12:12:21,A10-0030/2024,,"Lina Gálvez - § 1, après le point a - Am 2",169,388,16,31,14
171302,2024-12-19 12:12:33,A10-0030/2024,,"Lina Gálvez - § 1, point h - Am 12",164,398,5,37,14
171303,2024-12-19 12:12:57,A10-0030/2024,,"Lina Gálvez - § 1, après le point i - Am 14",199,318,46,41,14
171305,2024-12-19 12:13:33,A10-0030/2024,,"Lina Gálvez - § 1, point q/1",400,148,23,33,14
171306,2024-12-19 12:13:47,A10-0030/2024,,"Lina Gálvez - § 1, point q/2",362,158,47,37,14
171307,2024-12-19 12:13:59,A10-0030/2024,,"Lina Gálvez - § 1, point q/3",398,142,24,40,14
171308,2024-12-19 12:14:11,A10-0030/2024,,"Lina Gálvez - § 1, après le point q - Am 3",202,361,10,31,14
171309,2024-12-19 12:14:24,A10-0030/2024,,"Lina Gálvez - § 1, après le point q - Am 4",198,359,8,39,14
171311,2024-12-19 12:14:37,A10-0030/2024,,"Lina Gálvez - § 1, point r/1",551,8,12,33,14
171312,2024-12-19 12:14:49,A10-0030/2024,,"Lina Gálvez - § 1, point r/2",389,153,26,36,14
171314,2024-12-19 12:15:02,A10-0030/2024,,"Lina Gálvez - § 1, point u/1",421,89,61,33,14
171315,2024-12-19 12:15:14,A10-0030/2024,,"Lina Gálvez - § 1, point u/2",276,287,5,36,14
171316,2024-12-19 12:15:30,A10-0030/2024,,"Lina Gálvez - § 1, point u/3",267,297,7,33,14
171317,2024-12-19 12:15:40,A10-0030/2024,,"Lina Gálvez - § 1, point u/4",382,159,21,42,14
171318,2024-12-19 12:15:53,A10-0030/2024,,"Lina Gálvez - § 1, point u/5",384,158,23,39,14
171320,2024-12-19 12:16:06,A10-0030/2024,,"Lina Gálvez - § 1, point w/1",395,151,24,34,14
171321,2024-12-19 12:16:19,A10-0030/2024,,"Lina Gálvez - § 1, point w/2",355,177,29,43,14
171323,2024-12-19 12:16:34,A10-0030/2024,,"Lina Gálvez - § 1, point ae/1",424,141,1,38,14
171324,2024-12-19 12:16:46,A10-0030/2024,,"Lina Gálvez - § 1, point ae/2",264,292,5,43,14
171326,2024-12-19 12:17:03,A10-0030/2024,,"Lina Gálvez - § 1, point af/1",549,14,4,37,14
171327,2024-12-19 12:17:16,A10-0030/2024,,"Lina Gálvez - § 1, point af/2",271,268,28,37,14
171328,2024-12-19 12:17:29,A10-0030/2024,,"Lina Gálvez - § 1, après le point af - Am 5",167,384,14,39,14
171329,2024-12-19 12:17:40,A10-0030/2024,,"Lina Gálvez - § 1, point ag - Am 6",210,332,13,49,14
171330,2024-12-19 12:17:53,A10-0030/2024,,"Lina Gálvez - § 1, après le point ag - Am 7",152,383,22,47,14
171331,2024-12-19 12:18:39,A10-0030/2024,,"Lina Gálvez - § 1, point ak - Am 8",204,355,7,38,14
171332,2024-12-19 12:18:53,A10-0030/2024,,"Lina Gálvez - § 1, point al - Am 17",154,379,26,45,14
171334,2024-12-19 12:19:09,A10-0030/2024,,"Lina Gálvez - § 1, point al/1",492,43,21,48,14
171335,2024-12-19 12:19:20,A10-0030/2024,,"Lina Gálvez - § 1, point al/2",366,116,64,58,14
171336,2024-12-19 12:19:32,A10-0030/2024,,"Lina Gálvez - § 1, point al/3",328,178,38,60,14
171337,2024-12-19 12:19:46,A10-0030/2024,,"Lina Gálvez - § 1, point al/4",356,157,36,55,14
171338,2024-12-19 12:19:57,A10-0030/2024,,"Lina Gálvez - § 1, point al/5",364,120,58,62,14
171339,2024-12-19 12:20:11,A10-0030/2024,,"Lina Gálvez - § 1, point an",319,183,45,57,14
171340,2024-12-19 12:20:24,A10-0030/2024,,"Lina Gálvez - § 1, après le point ar - Am 9",170,364,15,55,14
171341,2024-12-19,,,Citation 9,,,,604,14
171342,2024-12-19 12:20:47,A10-0030/2024,,Lina Gálvez - Visa 14,310,183,50,61,14
171343,2024-12-19 12:22:11,A10-0030/2024,,Lina Gálvez - Considérant K,328,143,85,48,14
171344,2024-12-19 12:22:25,A10-0030/2024,,Lina Gálvez - Après le considérant K - Am 1,197,342,12,53,14
171364,2024-12-19 12:11:13,A10-0029/2024,,Dennis Radtke - Décision d'engager des négociations interinstitutionnelles,300,254,21,29,14
171368,2024-12-19,B10-0219/2024,,B10-0219/2024,,,,604,14
171369,2024-12-19,B10-0229/2024,,B10-0229/2024,,,,604,14
171370,2024-12-19,B10-0232/2024,,B10-0232/2024,,,,604,14
171371,2024-12-19,B10-0233/2024,,B10-0233/2024,,,,604,14
171372,2024-12-19,B10-0235/2024,,B10-0235/2024,,,,604,14
171376,2024-12-19,B10-0222/2024,,B10-0222/2024,,,,604,14
171377,2024-12-19,B10-0224/2024,,B10-0224/2024,,,,604,14
171378,2024-12-19,B10-0225/2024,,B10-0225/2024,,,,604,14
171379,2024-12-19,B10-0227/2024,,B10-0227/2024,,,,604,14
171380,2024-12-19,B10-0228/2024,,B10-0228/2024,,,,604,14
171381,2024-12-19,B10-0230/2024,,B10-0230/2024,,,,604,14
171386,2024-12-19,B10-0218/2024,,B10-0218/2024,,,,604,14
171387,2024-12-19,B10-0221/2024,,B10-0221/2024,,,,604,14
171388,2024-12-19,B10-0223/2024,,B10-0223/2024,,,,604,14
171389,2024-12-19,B10-0226/2024,,B10-0226/2024,,,,604,14
171390,2024-12-19,B10-0231/2024,,B10-0231/2024,,,,604,14
171391,2024-12-19,B10-0234/2024,,B10-0234/2024,,,,604,14
171392,2024-12-19,B10-0236/2024,,B10-0236/2024,,,,604,14
171393,2024-12-19,,,§ 5,,,,604,14
171394,2024-12-19 12:10:17,RC-B10-0218/2024,,§ 6 - Am 1,88,429,51,36,14
171395,2024-12-19 12:10:34,RC-B10-0218/2024,,§ 6,431,96,42,35,14
171396,2024-12-19 12:10:48,RC-B10-0218/2024,,Proposition de résolution (ensemble du texte),434,30,89,51,14
171397,2024-12-19 12:09:36,RC-B10-0222/2024,,Proposition de résolution,492,28,41,43,14
171398,2024-12-19 12:09:02,RC-B10-0219/2024,,Proposition de résolution,446,25,51,82,14
171425,2025-01-21 12:28:42,A10-0027/2024,,Karlo Ressler - Projet de décision du Conseil,505,90,43,23,12
171426,2025-01-20 17:14:56,Ordre du jour de mercredi,,Demande du groupe PfE,108,313,6,177,13
171427,2025-01-20 17:17:17,Ordre du jour de mercredi,,Demande du groupe The Left,196,221,10,177,13
171428,2025-01-20,,,Wednesday’s agenda – Request by the Verts/ALE Group,,,,604,13
171430,2025-01-22,,,§ 5,,,,664,13
171431,2025-01-22,,,§ 15,,,,664,13
171432,2025-01-22,,,After § 17,,,,664,13
171434,2025-01-22,,,After § 20,,,,664,13
171435,2025-01-22,,,Recital K,,,,664,13
171438,2025-01-22,B10-0054/2025,,B10-0054/2025,,,,664,13
171439,2025-01-22,B10-0055/2025,,B10-0055/2025,,,,664,13
171440,2025-01-22,B10-0056/2025,,B10-0056/2025,,,,664,13
171441,2025-01-22,B10-0057/2025,,B10-0057/2025,,,,664,13
171442,2025-01-22,B10-0058/2025,,B10-0058/2025,,,,664,13
171443,2025-01-22,B10-0059/2025,,B10-0059/2025,,,,664,13
171461,2025-01-22 12:43:13,RC-B10-0055/2025,,§ 19 - Am 4= 7=,429,205,23,7,13
171462,2025-01-22 12:43:46,RC-B10-0055/2025,,Proposition de résolution (ensemble du texte),567,25,66,6,13
171470,2025-01-23,,,After § 14,226,321,59,627,12
171473,2025-01-23,B10-0064/2025,,B10-0064/2025,,,,627,12
171474,2025-01-23,B10-0068/2025,,B10-0068/2025,,,,627,12
171475,2025-01-23,B10-0071/2025,,B10-0071/2025,,,,627,12
171476,2025-01-23,B10-0080/2025,,B10-0080/2025,,,,627,12
171477,2025-01-23,B10-0083/2025,,B10-0083/2025,,,,627,12
171502,2025-01-23,,,§ 4,,,,627,12
171503,2025-01-23,,,§ 9,,,,627,12
171509,2025-01-23,,,Recital H,,,,627,12
171513,2025-01-23,B10-0074/2025,,B10-0074/2025,,,,627,12
171514,2025-01-23,B10-0075/2025,,B10-0075/2025,,,,627,12
171515,2025-01-23,B10-0076/2025,,B10-0076/2025,,,,627,12
171516,2025-01-23,B10-0077/2025,,B10-0077/2025,,,,627,12
171517,2025-01-23,B10-0079/2025,,B10-0079/2025,,,,627,12
171525,2025-01-23,,,After recital E,139,366,104,627,12
171528,2025-01-23,B10-0087/2025,,B10-0087/2025,,,,627,12
171529,2025-01-23,B10-0088/2025,,B10-0088/2025,,,,627,12
171530,2025-01-23,B10-0089/2025,,B10-0089/2025,,,,627,12
171531,2025-01-23,B10-0090/2025,,B10-0090/2025,,,,627,12
171532,2025-01-23,B10-0091/2025,,B10-0091/2025,,,,627,12
171533,2025-01-23,B10-0092/2025,,B10-0092/2025,,,,627,12
171534,2025-01-23,B10-0093/2025,,B10-0093/2025,,,,627,12
171537,2025-01-23,,,§ 7,,,,627,12
171540,2025-01-23,,,Motion for a resolution (as a whole),,,,627,12
171542,2025-01-23,B10-0065/2025,,B10-0065/2025,,,,627,12
171543,2025-01-23,B10-0069/2025,,B10-0069/2025,,,,627,12
171544,2025-01-23,B10-0070/2025,,B10-0070/2025,,,,627,12
171545,2025-01-23,B10-0072/2025,,B10-0072/2025,,,,627,12
171546,2025-01-23,B10-0078/2025,,B10-0078/2025,,,,627,12
171547,2025-01-23,B10-0081/2025,,B10-0081/2025,,,,627,12
171548,2025-01-23,B10-0084/2025,,B10-0084/2025,,,,627,12
171552,2025-01-23,,,After § 6,282,307,18,627,12
171556,2025-01-23,B10-0063/2025,,B10-0063/2025,,,,627,12
171557,2025-01-23,B10-0066/2025,,B10-0066/2025,,,,627,12
171558,2025-01-23,B10-0067/2025,,B10-0067/2025,,,,627,12
171559,2025-01-23,B10-0073/2025,,B10-0073/2025,,,,627,12
171560,2025-01-23,B10-0082/2025,,B10-0082/2025,,,,627,12
171561,2025-01-23,B10-0085/2025,,B10-0085/2025,,,,627,12
171562,2025-01-23,B10-0086/2025,,B10-0086/2025,,,,627,12
171563,2025-01-23 12:16:26,RC-B10-0064/2025,,§ 1,518,41,37,31,12
171564,2025-01-23 12:16:40,RC-B10-0064/2025,,Après le § 1 - Am 2,148,285,23,171,12
171566,2025-01-23 12:16:56,RC-B10-0064/2025,,§ 2/1,480,112,16,19,12
171567,2025-01-23 12:17:07,RC-B10-0064/2025,,§ 2/2,321,219,66,21,12
171568,2025-01-23 12:17:19,RC-B10-0064/2025,,Après le § 2 - Am 3,148,294,12,173,12
171569,2025-01-23 12:17:32,RC-B10-0064/2025,,§ 4,521,66,14,26,12
171571,2025-01-23 12:17:45,RC-B10-0064/2025,,§ 5/1,467,116,21,23,12
171572,2025-01-23 12:17:55,RC-B10-0064/2025,,§ 5/2,322,249,36,20,12
171573,2025-01-23 12:18:06,RC-B10-0064/2025,,§ 5/3,555,12,40,20,12
171575,2025-01-23,,,§ 6,,,,627,12
171576,2025-01-23,,,§ 6,,,,627,12
171577,2025-01-23 12:18:37,RC-B10-0064/2025,,Après le § 7 - Am 1,210,133,26,258,12
171578,2025-01-23 12:18:52,RC-B10-0064/2025,,Après le § 8 - Am 5,151,419,33,24,12
171579,2025-01-23 12:19:05,RC-B10-0064/2025,,Après le § 8 - Am 4,134,283,27,183,12
171581,2025-01-23,,,Recital A,,,,627,12
171582,2025-01-23,,,Recital A,,,,627,12
171584,2025-01-23,,,Recital F,,,,627,12
171585,2025-01-23,,,Recital F,,,,627,12
171586,2025-01-23,,,Recital F,,,,627,12
171587,2025-01-23 12:20:07,RC-B10-0064/2025,,Proposition de résolution (ensemble du texte),374,53,163,37,12
171588,2025-01-23 12:10:30,RC-B10-0087/2025,,Après le § 2 - Am 4,109,443,61,14,12
171589,2025-01-23 12:10:43,RC-B10-0087/2025,,§ 5 - Am 5,56,546,10,15,12
171590,2025-01-23 12:10:56,RC-B10-0087/2025,,§ 5 - Am 3,164,435,13,15,12
171591,2025-01-23 12:11:07,RC-B10-0087/2025,,Après le § 5 - Am 2,135,435,42,15,12
171592,2025-01-23 12:11:17,RC-B10-0087/2025,,Après le § 5 - Am 6,62,540,8,17,12
171593,2025-01-23 12:11:28,RC-B10-0087/2025,,Après le considérant D - Am 1,113,431,64,19,12
171594,2025-01-23 12:11:58,RC-B10-0087/2025,,Proposition de résolution (ensemble du texte),533,24,48,22,12
171595,2025-01-23 12:07:24,RC-B10-0069/2025,,Après le § 4 - Am 3,272,290,46,19,12
171596,2025-01-23 12:07:46,RC-B10-0069/2025,,Après le § 7 - Am 4,162,312,137,16,12
171597,2025-01-23 12:07:59,RC-B10-0069/2025,,Après le § 7 - Am 5,150,448,12,17,12
171598,2025-01-23 12:08:37,RC-B10-0066/2025,,§ 3 - Am 4,170,396,39,22,12
171599,2025-01-23 12:08:52,RC-B10-0066/2025,,Après le § 4 - Am 2,456,135,21,15,12
171601,2025-01-23,,,§ 6,,,,627,12
171602,2025-01-23,,,§ 6,,,,627,12
171603,2025-01-23 12:09:38,RC-B10-0066/2025,,Après le § 6 - Am 3,337,246,29,15,12
171605,2025-01-23,,,§ 7,,,,627,12
171606,2025-01-23 12:09:56,RC-B10-0066/2025,,§ 7/2,437,158,11,21,12
171607,2025-01-23 12:10:08,RC-B10-0066/2025,,Proposition de résolution (ensemble du texte),556,6,42,23,12
171608,2025-01-23,,,§ 6,,,,627,12
171609,2025-01-23,,,§ 9,,,,627,12
171611,2025-01-23 12:12:57,RC-B10-0074/2025,,§ 10/1,415,164,32,16,12
171612,2025-01-23 12:13:08,RC-B10-0074/2025,,§ 10/2,419,172,23,13,12
171613,2025-01-23 12:13:17,RC-B10-0074/2025,,§ 10/3,415,169,26,17,12
171614,2025-01-23 12:13:27,RC-B10-0074/2025,,§ 10/4,428,76,103,20,12
171615,2025-01-23 12:13:38,RC-B10-0074/2025,,§ 10/5,424,143,46,14,12
171616,2025-01-23 12:13:47,RC-B10-0074/2025,,§ 10/6,415,167,24,21,12
171617,2025-01-23 12:13:57,RC-B10-0074/2025,,§ 10/7,484,74,52,17,12
171618,2025-01-23 12:14:09,RC-B10-0074/2025,,§ 12,505,51,47,24,12
171619,2025-01-23 12:14:19,RC-B10-0074/2025,,§ 14 - Am 6,141,426,34,26,12
171621,2025-01-23 12:14:32,RC-B10-0074/2025,,§ 14/1,505,45,53,24,12
171622,2025-01-23 12:14:43,RC-B10-0074/2025,,§ 14/2,469,104,23,31,12
171623,2025-01-23 12:14:55,RC-B10-0074/2025,,Après le § 14 - Am 7,105,468,35,19,12
171624,2025-01-23 12:15:05,RC-B10-0074/2025,,Après le § 14 - Am 8,147,405,56,19,12
171625,2025-01-23 12:15:17,RC-B10-0074/2025,,§ 15 - Am 9,167,405,38,17,12
171626,2025-01-23 12:15:28,RC-B10-0074/2025,,Considérant G - Am 1,62,522,27,16,12
171627,2025-01-23 12:15:47,RC-B10-0074/2025,,Considérant I - Am 2,89,476,41,21,12
171628,2025-01-23 12:15:59,RC-B10-0074/2025,,Proposition de résolution (ensemble du texte),480,58,48,41,12
171661,2025-02-11,,,§ 1,,,,651,20
171664,2025-02-11,,,§ 3,,,,651,20
171665,2025-02-11,,,§ 6,,,,651,20
171666,2025-02-11,,,After § 6,,,,651,20
171667,2025-02-11,,,After § 6,,,,651,20
171668,2025-02-11,,,§ 9,,,,651,20
171670,2025-02-11,,,§ 15,,,,651,20
171671,2025-02-11,,,§ 16,,,,651,20
171672,2025-02-11,,,§ 18,,,,651,20
171674,2025-02-11,,,§ 18,,,,651,20
171675,2025-02-11,,,§ 19,,,,651,20
171676,2025-02-11,,,§ 21,,,,651,20
171677,2025-02-11,,,§ 23,,,,651,20
171679,2025-02-11,,,§ 26,,,,651,20
171680,2025-02-11,,,§ 26,330,275,38,651,20
171684,2025-02-11,,,§ 31,,,,651,20
171687,2025-02-11,,,§ 36,382,181,72,651,20
171690,2025-02-11,,,Citation 8,,,,651,20
171691,2025-02-11,,,Citation 10,,,,651,20
171692,2025-02-11,,,After citation 10,,,,651,20
171693,2025-02-11,,,After citation 12,,,,651,20
171694,2025-02-11,,,After citation 13,,,,651,20
171696,2025-02-11,,,Recital A,,,,651,20
171701,2025-02-11,,,Recital B,345,236,48,651,20
171702,2025-02-11 12:53:01,A10-0003/2025,,Anouk Van Brug - Proposition de résolution (ensemble du texte),378,233,26,14,20
171703,2025-02-11 12:43:00,A10-0005/2025,,Tomas Tobé - Projet de décision du Conseil,562,17,3,69,20
171704,2025-02-11 12:43:25,A10-0004/2025,,Paulo Do Nascimento Cabral - Projet de décision du Conseil,507,76,16,52,20
171705,2025-02-11 12:43:46,A10-0007/2025,,Borys Budka - Projet de décision du Conseil,591,9,9,42,20
171706,2025-02-12 12:07:39,A10-0001/2025,,Ľudovít Ódor - Projet du Conseil,589,42,10,21,13
171707,2025-02-12 12:08:20,A10-0002/2025,,Aurore Lalucq - Proposition de la Commission,608,33,8,13,13
171711,2025-02-12,B10-0060/2025,,After citation 8,,,,662,13
171717,2025-02-12,B10-0061/2025,,After citation 8,,,,662,13
171721,2025-02-11 12:44:15,A10-0003/2025,,Anouk Van Brug - Après le § 1 - Am 22,80,479,49,43,20
171722,2025-02-11 12:44:27,A10-0003/2025,,Anouk Van Brug - Après le § 1 - Am 23,67,530,16,38,20
171723,2025-02-11,,,§ 6,402,215,7,651,20
171725,2025-02-11 12:45:18,A10-0003/2025,,Anouk Van Brug - § 8/1,603,21,8,19,20
171726,2025-02-11 12:45:31,A10-0003/2025,,Anouk Van Brug - § 8/2,122,456,49,24,20
171727,2025-02-11 12:45:47,A10-0003/2025,,Anouk Van Brug - Après le § 13 - Am 30,178,358,102,13,20
171728,2025-02-11 12:46:11,A10-0003/2025,,Anouk Van Brug - § 18 - Am 26,155,451,28,17,20
171730,2025-02-11,,,§ 19,,,,651,20
171731,2025-02-11,,,§ 19,,,,651,20
171733,2025-02-11 12:46:55,A10-0003/2025,,Anouk Van Brug - § 23/1,509,113,16,13,20
171734,2025-02-11 12:47:07,A10-0003/2025,,Anouk Van Brug - § 23/2,545,70,22,14,20
171735,2025-02-11 12:47:17,A10-0003/2025,,Anouk Van Brug - § 23/3,610,9,18,14,20
171736,2025-02-11 12:47:28,A10-0003/2025,,Anouk Van Brug - § 25,489,114,37,11,20
171737,2025-02-11 12:47:39,A10-0003/2025,,Anouk Van Brug - § 26 - Am 27,125,449,63,14,20
171739,2025-02-11,,,§ 26,,,,651,20
171740,2025-02-11,,,§ 26,,,,651,20
171741,2025-02-11 12:48:20,A10-0003/2025,,Anouk Van Brug - Après le § 26 - Am 2,213,332,95,11,20
171742,2025-02-11 12:48:34,A10-0003/2025,,Anouk Van Brug - Après le § 26 - Am 41,501,17,120,13,20
171744,2025-02-11 12:48:47,A10-0003/2025,,Anouk Van Brug - § 27/1,532,60,44,15,20
171745,2025-02-11 12:48:59,A10-0003/2025,,Anouk Van Brug - § 27/2,262,315,58,16,20
171746,2025-02-11 12:49:13,A10-0003/2025,,Anouk Van Brug - § 28 - Am 6,316,286,42,7,20
171748,2025-02-11 12:49:30,A10-0003/2025,,Anouk Van Brug - § 32/1,512,89,40,10,20
171749,2025-02-11 12:49:41,A10-0003/2025,,Anouk Van Brug - § 32/2,494,87,45,25,20
171751,2025-02-11 12:49:55,A10-0003/2025,,Anouk Van Brug - § 36 - Am 32,141,461,34,15,20
171752,2025-02-11 12:50:27,A10-0003/2025,,Anouk Van Brug - § 39 - Am 29,163,450,30,8,20
171753,2025-02-11 12:50:39,A10-0003/2025,,Anouk Van Brug - Après le § 39 - Am 3,99,424,121,7,20
171755,2025-02-11,,,§ 42,,,,651,20
171756,2025-02-11 12:50:55,A10-0003/2025,,Anouk Van Brug - § 42/2,476,104,66,5,20
171757,2025-02-11 12:51:26,A10-0003/2025,,Anouk Van Brug - Avant le considérant A - Am 17,132,337,179,3,20
171758,2025-02-11 12:51:41,A10-0003/2025,,Anouk Van Brug - Après le considérant A - Am 18,133,359,154,5,20
171759,2025-02-11 12:51:52,A10-0003/2025,,Anouk Van Brug - Après le considérant A - Am 19,127,450,68,6,20
171760,2025-02-11 12:52:04,A10-0003/2025,,Anouk Van Brug - Après le considérant A - Am 20,153,477,13,8,20
171761,2025-02-11 12:52:15,A10-0003/2025,,Anouk Van Brug - Après le considérant A - Am 21,105,512,24,10,20
171763,2025-02-11,,,Recital H,,,,651,20
171764,2025-02-11 12:52:49,A10-0003/2025,,Anouk Van Brug - Considérant H/2,538,83,21,9,20
171785,2025-02-10 17:16:28,Ordre du jour de mercredi,,Demande du groupe ESN,99,317,22,162,25
171786,2025-02-12 12:10:17,B10-0060/2025,,Après le § 4 - Am 3,256,321,70,15,13
171787,2025-02-12 12:10:37,B10-0060/2025,,Après le § 5 - Am 5,209,408,33,12,13
171788,2025-02-12 12:11:05,B10-0060/2025,,Après le considérant J - Am 4,209,407,32,14,13
171789,2025-02-12 12:11:22,B10-0060/2025,,Après le considérant M - Am 2,293,250,107,12,13
171790,2025-02-12 12:11:40,B10-0060/2025,,Proposition de résolution (ensemble du texte),467,156,18,21,13
171791,2025-02-12 12:08:48,B10-0061/2025,,Après le § 4 - Am 3,262,309,76,15,13
171792,2025-02-12 12:09:19,B10-0061/2025,,Après le considérant V - Am 2,290,249,110,13,13
171793,2025-02-12 12:09:42,B10-0061/2025,,Proposition de résolution (ensemble du texte),477,152,20,13,13
171808,2025-02-13,B10-0102/2025,,B10-0102/2025,,,,595,16
171809,2025-02-13,B10-0105/2025,,B10-0105/2025,,,,595,16
171810,2025-02-13,B10-0109/2025,,B10-0109/2025,,,,595,16
171811,2025-02-13,B10-0125/2025,,B10-0125/2025,,,,595,16
171812,2025-02-13,B10-0127/2025,,B10-0127/2025,,,,595,16
171813,2025-02-13,B10-0129/2025,,B10-0129/2025,,,,595,16
171814,2025-02-13,B10-0133/2025,,B10-0133/2025,,,,595,16
171821,2025-02-13,,,§ 9,,,,595,16
171823,2025-02-13,,,§ 11,,,,595,16
171824,2025-02-13,,,§ 14,,,,595,16
171825,2025-02-13,,,§ 26,,,,595,16
171827,2025-02-13,,,Recital A,,,,595,16
171828,2025-02-13,,,After recital A,,,,595,16
171831,2025-02-13,B10-0106/2025,,B10-0106/2025,,,,595,16
171832,2025-02-13,B10-0107/2025,,B10-0107/2025,,,,595,16
171833,2025-02-13,B10-0108/2025,,B10-0108/2025,,,,595,16
171834,2025-02-13,B10-0112/2025,,B10-0112/2025,,,,595,16
171835,2025-02-13,B10-0114/2025,,B10-0114/2025,,,,595,16
171836,2025-02-13,B10-0116/2025,,B10-0116/2025,,,,595,16
171837,2025-02-13,B10-0118/2025,,B10-0118/2025,,,,595,16
171841,2025-02-13,,,Motion for a resolution (as a whole),,,,595,16
171843,2025-02-13,B10-0126/2025,,B10-0126/2025,,,,595,16
171844,2025-02-13,B10-0128/2025,,B10-0128/2025,,,,595,16
171845,2025-02-13,B10-0130/2025,,B10-0130/2025,,,,595,16
171846,2025-02-13,B10-0131/2025,,B10-0131/2025,,,,595,16
171847,2025-02-13,B10-0132/2025,,B10-0132/2025,,,,595,16
171848,2025-02-13,B10-0134/2025,,B10-0134/2025,,,,595,16
171849,2025-02-13,B10-0135/2025,,B10-0135/2025,,,,595,16
171850,2025-02-13 12:45:25,RC-B10-0102/2025,,§ 10,464,13,55,63,16
171851,2025-02-13 12:45:37,RC-B10-0102/2025,,§ 11 - Am 4,142,281,108,64,16
171852,2025-02-13 12:45:49,RC-B10-0102/2025,,§ 11,475,14,43,63,16
171853,2025-02-13 12:46:01,RC-B10-0102/2025,,§ 15 - Am 1,102,406,23,64,16
171855,2025-02-13 12:46:13,RC-B10-0102/2025,,§ 15/1,426,78,24,67,16
171856,2025-02-13 12:46:25,RC-B10-0102/2025,,§ 15/2,489,4,31,71,16
171857,2025-02-13 12:46:37,RC-B10-0102/2025,,§ 17 - Am 2,114,401,15,65,16
171858,2025-02-13 12:46:49,RC-B10-0102/2025,,Après le § 20 - Am 3,62,408,60,65,16
171859,2025-02-13 12:47:01,RC-B10-0102/2025,,Proposition de résolution (ensemble du texte),443,4,48,100,16
171863,2025-02-13,,,Motion for a resolution (as a whole),,,,595,16
171865,2025-02-13,B10-0101/2025,,B10-0101/2025,,,,595,16
171866,2025-02-13,B10-0104/2025,,B10-0104/2025,,,,595,16
171867,2025-02-13,B10-0111/2025,,B10-0111/2025,,,,595,16
171868,2025-02-13,B10-0113/2025,,B10-0113/2025,,,,595,16
171869,2025-02-13,B10-0117/2025,,B10-0117/2025,,,,595,16
171870,2025-02-13,B10-0120/2025,,B10-0120/2025,,,,595,16
171871,2025-02-13,B10-0122/2025,,B10-0122/2025,,,,595,16
171872,2025-02-13,B10-0123/2025,,B10-0123/2025,,,,595,16
171874,2025-02-13,,,§ 3,,,,595,16
171878,2025-02-13,,,Recital E,,,,595,16
171880,2025-02-13,,,Motion for a resolution (as a whole),,,,595,16
171882,2025-02-13,B10-0100/2025,,B10-0100/2025,,,,595,16
171883,2025-02-13,B10-0103/2025,,B10-0103/2025,,,,595,16
171884,2025-02-13,B10-0110/2025,,B10-0110/2025,,,,595,16
171885,2025-02-13,B10-0115/2025,,B10-0115/2025,,,,595,16
171886,2025-02-13,B10-0119/2025,,B10-0119/2025,,,,595,16
171887,2025-02-13,B10-0121/2025,,B10-0121/2025,,,,595,16
171888,2025-02-13,B10-0124/2025,,B10-0124/2025,,,,595,16
171889,2025-02-13 12:39:42,RC-B10-0126/2025,,Après le § 2 - Am 2,147,395,3,50,16
171890,2025-02-13 12:39:57,RC-B10-0126/2025,,§ 9 - Am 1,194,225,19,157,16
171891,2025-02-13 12:40:33,RC-B10-0101/2025,,Après le § 2 - Am 2,73,407,67,48,16
171892,2025-02-13 12:40:47,RC-B10-0101/2025,,Après le § 4 - Am 1,246,259,20,70,16
171893,2025-02-13 12:41:16,RC-B10-0106/2025,,Après le § 1 - Am 1,142,405,6,42,16
171895,2025-02-13 12:41:30,RC-B10-0106/2025,,§ 2/1,402,104,51,38,16
171896,2025-02-13,,,§ 2,,,,595,16
171897,2025-02-13 12:41:48,RC-B10-0106/2025,,§ 3,390,109,52,44,16
171899,2025-02-13 12:42:02,RC-B10-0106/2025,,§ 4/1,390,98,67,40,16
171900,2025-02-13,,,§ 4,,,,595,16
171901,2025-02-13 12:42:20,RC-B10-0106/2025,,§ 7,417,96,46,36,16
171902,2025-02-13 12:42:32,RC-B10-0106/2025,,§ 8,412,85,60,38,16
171904,2025-02-13,,,§ 9,,,,595,16
171905,2025-02-13 12:43:04,RC-B10-0106/2025,,§ 9/2,394,113,43,45,16
171906,2025-02-13 12:43:16,RC-B10-0106/2025,,§ 10 - Am 2,199,261,94,41,16
171907,2025-02-13 12:43:44,RC-B10-0106/2025,,§ 23,419,77,58,41,16
171908,2025-02-13 12:43:57,RC-B10-0106/2025,,§ 25,396,118,36,45,16
171909,2025-02-13,,,§ 26,,,,595,16
171910,2025-02-13 12:44:25,RC-B10-0106/2025,,§ 27 - Am 3,282,207,60,46,16
171911,2025-02-13 12:45:00,RC-B10-0106/2025,,Proposition de résolution (ensemble du texte),400,63,81,51,16
171912,2025-02-13 12:36:17,RC-B10-0100/2025,,§ 6 - Am 5,123,388,32,52,16
171913,2025-02-13 12:36:38,RC-B10-0100/2025,,§ 6,481,18,52,44,16
171914,2025-02-13 12:36:55,RC-B10-0100/2025,,§ 7 - Am 2,124,387,34,50,16
171915,2025-02-13 12:37:09,RC-B10-0100/2025,,§ 7 - Am 6,148,362,35,50,16
171916,2025-02-13 12:37:32,RC-B10-0100/2025,,Après le considérant E - Am 1,114,415,12,54,16
172102,2025-03-11 12:56:14,A10-0006/2025,,"– Siegfried Mureşan, Sven Mikser – Provisional agreement – Am 2",499,117,44,24,5
172110,2025-03-11 12:57:57,A10-0016/2025,,– Ilhan Kyuchyuk – Proposal for a decision,643,10,15,16,5
172111,2025-03-11,,,Appointment of Radek Urban,562,19,67,684,5
172112,2025-03-11,,,Appointment of Slavka Eley,539,43,37,684,5
172113,2025-03-11,,,Appointment of Miguel Carcaño Saenz Cenzano,570,46,29,684,5
172114,2025-03-12 12:06:40,A10-0013/2025,,Nikola Minchev - Projet de décision du Conseil,521,90,45,23,5
172115,2025-03-12 12:03:46,A10-0017/2025,,Željana Zovko - Projet de décision du Conseil,525,5,34,115,5
172132,2025-03-11 13:02:53,A10-0021/2025,,– Christian Ehler – After § 4 – Am 1,190,469,13,12,5
172133,2025-03-11 13:03:07,A10-0021/2025,,– Christian Ehler – After § 51 – Am 2,191,450,26,17,5
172134,2025-03-11 13:03:20,A10-0021/2025,,– Christian Ehler – After § 57 – Am 3,206,456,8,14,5
172135,2025-03-11 13:03:33,A10-0021/2025,,– Christian Ehler – After § 57 – Am 4,210,449,6,19,5
172136,2025-03-11 13:03:47,A10-0021/2025,,– Christian Ehler – Motion for a resolution (as a whole),472,75,92,45,5
172142,2025-03-11 12:58:14,A10-0014/2025,,– Marit Maij – Alternative motion for a resolution – Am 1,176,468,27,13,5
172144,2025-03-11,,,§ 17,,,,684,5
172145,2025-03-11,,,§ 17,376,241,53,684,5
172147,2025-03-11,,,§ 21,,,,684,5
172148,2025-03-11,,,§ 21,382,247,42,684,5
172149,2025-03-11,,,§ 24,335,314,15,684,5
172151,2025-03-11,,,§ 33,,,,684,5
172152,2025-03-11,,,§ 33,306,351,11,684,5
172154,2025-03-11,,,§ 41,,,,684,5
172155,2025-03-11,,,§ 41,319,342,8,684,5
172156,2025-03-11,,,Recital J,322,302,44,684,5
172157,2025-03-11,,,Recital K,331,299,36,684,5
172158,2025-03-11 13:00:59,A10-0014/2025,,– Marit Maij – Motion for a resolution (as a whole),432,155,82,15,5
172159,2025-03-10 17:20:27,Ordre du jour de mercredi,,Demande du groupe ECR,110,309,9,199,6
172160,2025-03-10 17:23:26,Ordre du jour de mercredi,,Demande du groupe ESN,109,317,7,194,6
172161,2025-03-10,,,Wednesday’s agenda – Request by the Verts/ALE Group,,,,627,6
172162,2025-03-11,,,Proposal for a decision,,,,684,5
172165,2025-03-12,,,§ 3,,,,679,5
172166,2025-03-12 12:07:14,A10-0022/2025,,Fernando Navarrete Rojas - § 3 - Am 15/2,188,460,19,12,5
172168,2025-03-12,,,§ 3,,,,679,5
172169,2025-03-12 12:07:31,A10-0022/2025,,Fernando Navarrete Rojas - § 3/2,465,187,16,11,5
172170,2025-03-12 12:07:46,A10-0022/2025,,Fernando Navarrete Rojas - § 4 - Am 3,115,508,46,10,5
172171,2025-03-12 12:08:00,A10-0022/2025,,Fernando Navarrete Rojas - Après le § 4 - Am 4,139,392,139,9,5
172172,2025-03-12,,,§ 5,,,,679,5
172173,2025-03-12 12:08:18,A10-0022/2025,,Fernando Navarrete Rojas - Après le § 5 - Am 5,112,531,29,7,5
172175,2025-03-12,,,§ 8,,,,679,5
172176,2025-03-12,,,§ 8,,,,679,5
172177,2025-03-12 12:08:43,A10-0022/2025,,Fernando Navarrete Rojas - Après le § 9 - Am 6,122,506,51,0,5
172179,2025-03-12 12:08:56,A10-0022/2025,,Fernando Navarrete Rojas - § 10/1,525,129,19,6,5
172180,2025-03-12 12:09:07,A10-0022/2025,,Fernando Navarrete Rojas - § 10/2,535,72,71,1,5
172181,2025-03-12,,,§ 15,,,,679,5
172182,2025-03-12 12:09:24,A10-0022/2025,,Fernando Navarrete Rojas - Après le § 21 - Am 7,109,556,13,1,5
172183,2025-03-12 12:09:34,A10-0022/2025,,Fernando Navarrete Rojas - Après le § 21 - Am 8,138,378,159,4,5
172184,2025-03-12,,,§ 22,,,,679,5
172185,2025-03-12 12:09:52,A10-0022/2025,,Fernando Navarrete Rojas - Après le § 23 - Am 9,115,543,21,0,5
172186,2025-03-12 12:10:03,A10-0022/2025,,Fernando Navarrete Rojas - Après le § 23 - Am 10,74,521,82,2,5
172188,2025-03-12,,,§ 29,,,,679,5
172189,2025-03-12 12:10:21,A10-0022/2025,,Fernando Navarrete Rojas - § 29/2,487,137,49,6,5
172190,2025-03-12 12:10:33,A10-0022/2025,,Fernando Navarrete Rojas - Après le § 31 - Am 11,103,531,44,1,5
172192,2025-03-12,,,§ 32,,,,679,5
172193,2025-03-12 12:10:54,A10-0022/2025,,Fernando Navarrete Rojas - § 32/2,529,132,17,1,5
172195,2025-03-12,,,§ 35,,,,679,5
172196,2025-03-12 12:11:13,A10-0022/2025,,Fernando Navarrete Rojas - § 35/2,501,164,14,0,5
172197,2025-03-12 12:11:25,A10-0022/2025,,Fernando Navarrete Rojas - Après le § 35 - Am 12,122,504,50,3,5
172198,2025-03-12 12:11:38,A10-0022/2025,,Fernando Navarrete Rojas - Après le § 35 - Am 14,172,473,37,0,5
172199,2025-03-12,,,§ 38,,,,679,5
172200,2025-03-12 12:11:58,A10-0022/2025,,Fernando Navarrete Rojas - Après le § 41 - Am 20,175,463,42,0,5
172202,2025-03-12,,,Recital E,,,,679,5
172203,2025-03-12,,,Recital E,,,,679,5
172204,2025-03-12 12:12:23,A10-0022/2025,,Fernando Navarrete Rojas - Après le considérant F - Am 1,175,484,22,0,5
172205,2025-03-12 12:12:36,A10-0022/2025,,Fernando Navarrete Rojas - Après le considérant K - Am 13,139,471,53,16,5
172207,2025-03-12,,,Recital N,,,,679,5
172208,2025-03-12,,,Recital N,,,,679,5
172209,2025-03-12,,,Recital P,,,,679,5
172210,2025-03-12 12:13:08,A10-0022/2025,,Fernando Navarrete Rojas - Après le considérant P - Am 2,129,499,55,0,5
172211,2025-03-12 12:13:24,A10-0022/2025,,Fernando Navarrete Rojas - Proposition de résolution (ensemble du texte),469,162,54,0,5
172212,2025-03-12,,,§ 1,,,,679,5
172213,2025-03-12,,,§ 2,,,,679,5
172214,2025-03-12,,,§ 3,,,,679,5
172215,2025-03-12 12:14:10,A10-0023/2025,,Maravillas Abadía Jover - § 3,325,294,56,4,5
172216,2025-03-12,,,§ 4,,,,679,5
172218,2025-03-12,,,§ 4,,,,679,5
172219,2025-03-12,,,§ 4,,,,679,5
172220,2025-03-12 12:14:43,A10-0023/2025,,Maravillas Abadía Jover - § 5,469,60,153,0,5
172221,2025-03-12,,,§ 7,,,,679,5
172223,2025-03-12,,,§ 7,,,,679,5
172224,2025-03-12 12:15:08,A10-0023/2025,,Maravillas Abadía Jover - § 7/2,312,359,9,0,5
172225,2025-03-12 12:15:22,A10-0023/2025,,Maravillas Abadía Jover - § 8,461,98,121,0,5
172227,2025-03-12,,,§ 12,,,,679,5
172228,2025-03-12,,,§ 12,,,,679,5
172229,2025-03-12,,,§ 13,,,,679,5
172231,2025-03-12,,,§ 13,,,,679,5
172232,2025-03-12,,,§ 13,,,,679,5
172233,2025-03-12,,,§ 14,,,,679,5
172235,2025-03-12,,,§ 14,,,,679,5
172236,2025-03-12,,,§ 14,,,,679,5
172238,2025-03-12,,,§ 15,,,,679,5
172239,2025-03-12,,,§ 15,,,,679,5
172241,2025-03-12,,,§ 16,,,,679,5
172242,2025-03-12,,,§ 16,324,345,9,679,5
172243,2025-03-12,,,§ 16,477,189,5,679,5
172244,2025-03-12,,,§ 16,303,365,10,679,5
172245,2025-03-12,,,After § 16,,,,679,5
172247,2025-03-12 12:18:25,A10-0023/2025,,Maravillas Abadía Jover - § 17/1,544,109,25,1,5
172248,2025-03-12 12:18:38,A10-0023/2025,,Maravillas Abadía Jover - § 17/2,452,194,21,12,5
172249,2025-03-12 12:18:50,A10-0023/2025,,Maravillas Abadía Jover - § 17/3,317,343,8,11,5
172250,2025-03-12,,,§ 19,,,,679,5
172254,2025-03-12,,,§ 22,,,,679,5
172256,2025-03-12,,,§ 23,,,,679,5
172257,2025-03-12 12:19:45,A10-0023/2025,,Maravillas Abadía Jover - § 23/2,299,347,34,0,5
172258,2025-03-12,,,§ 24,,,,679,5
172260,2025-03-12,,,§ 24,546,112,18,679,5
172261,2025-03-12 12:20:40,A10-0023/2025,,Maravillas Abadía Jover - § 24/2,338,278,59,4,5
172263,2025-03-12 12:20:58,A10-0023/2025,,Maravillas Abadía Jover - § 25/1,340,274,60,5,5
172264,2025-03-12 12:21:09,A10-0023/2025,,Maravillas Abadía Jover - § 25/2,288,320,69,2,5
172265,2025-03-12,,,§ 28,,,,679,5
172267,2025-03-12,,,§ 29,,,,679,5
172268,2025-03-12 12:21:36,A10-0023/2025,,Maravillas Abadía Jover - § 29/2,334,247,98,0,5
172269,2025-03-12,,,§ 30,,,,679,5
172271,2025-03-12,,,§ 31,,,,679,5
172272,2025-03-12,,,§ 31,,,,679,5
172273,2025-03-12 12:22:09,A10-0023/2025,,Maravillas Abadía Jover - § 31/3,311,367,4,0,5
172274,2025-03-12 12:22:21,A10-0023/2025,,Maravillas Abadía Jover - § 31/4,339,325,17,0,5
172275,2025-03-12,,,§ 31,498,168,7,679,5
172277,2025-03-12,,,§ 32,345,283,44,679,5
172279,2025-03-12,,,§ 33,,,,679,5
172280,2025-03-12,,,§ 33,,,,679,5
172281,2025-03-12,,,§ 33,,,,679,5
172282,2025-03-12,,,§ 33,,,,679,5
172283,2025-03-12,,,§ 33,302,366,3,679,5
172284,2025-03-12,,,§ 35,,,,679,5
172286,2025-03-12,,,§ 37,,,,679,5
172287,2025-03-12,,,§ 37,,,,679,5
172288,2025-03-12,,,§ 42,,,,679,5
172289,2025-03-12,,,§ 43,403,258,19,679,5
172290,2025-03-12,,,§ 45,301,314,50,679,5
172291,2025-03-12,,,§ 52,312,330,24,679,5
172293,2025-03-12,,,§ 53,,,,679,5
172294,2025-03-12,,,§ 53,,,,679,5
172295,2025-03-12,,,§ 53,,,,679,5
172296,2025-03-12,,,§ 53,,,,679,5
172298,2025-03-12,,,Recital D,,,,679,5
172299,2025-03-12,,,Recital D,,,,679,5
172300,2025-03-12,,,Recital D,,,,679,5
172302,2025-03-12,,,Recital E,,,,679,5
172303,2025-03-12,,,Recital E,303,357,7,679,5
172304,2025-03-12,,,Recital J,310,329,25,679,5
172306,2025-03-12,,,Recital R,,,,679,5
172307,2025-03-12,,,Recital R,,,,679,5
172309,2025-03-12,,,Recital S,,,,679,5
172310,2025-03-12,,,Recital S,,,,679,5
172312,2025-03-12,,,Recital AE,,,,679,5
172313,2025-03-12,,,Recital AF,,,,679,5
172314,2025-03-12,,,Recital AH,,,,679,5
172315,2025-03-12 12:28:36,A10-0023/2025,,Maravillas Abadía Jover - Proposition de résolution (ensemble du texte),351,260,70,0,5
172325,2025-03-12,,,After § 2,,,,679,5
172330,2025-03-12,,,After § 2,,,,679,5
172343,2025-03-12,,,§ 13,188,437,48,679,5
172350,2025-03-12,,,§ 19,,,,679,5
172408,2025-03-12,,,After recital B,,,,679,5
172409,2025-03-12,,,After recital C,,,,679,5
172411,2025-03-12,,,After recital E,,,,679,5
172414,2025-03-12,,,After recital N,,,,679,5
172416,2025-03-12,,,After recital N,,,,679,5
172417,2025-03-12,,,After recital N,,,,679,5
172418,2025-03-12,,,After recital N,,,,679,5
172419,2025-03-12,,,After recital N,,,,679,5
172421,2025-03-12,,,After recital P,,,,679,5
172422,2025-03-12,,,After recital R,,,,679,5
172423,2025-03-12,,,After recital R,,,,679,5
172427,2025-03-12,B10-0144/2025,,B10-0144/2025,,,,679,5
172428,2025-03-12,B10-0145/2025,,B10-0145/2025,,,,679,5
172429,2025-03-12,B10-0146/2025,,B10-0146/2025,,,,679,5
172430,2025-03-12,B10-0147/2025,,B10-0147/2025,,,,679,5
172431,2025-03-12,B10-0148/2025,,B10-0148/2025,,,,679,5
172432,2025-03-12,B10-0149/2025,,B10-0149/2025,,,,679,5
172433,2025-03-12,B10-0150/2025,,B10-0150/2025,,,,679,5
172434,2025-03-12,B10-0151/2025,,B10-0151/2025,,,,679,5
172439,2025-03-12 12:22:56,A10-0023/2025,,Maravillas Abadía Jover - § 31/6,444,204,11,20,5
172440,2025-03-12,,,Recital X,,,,679,5
172441,2025-03-12,,,§ 19,,,,679,5
172442,2025-03-12 12:19:18,A10-0023/2025,,Maravillas Abadía Jover - § 19/2,317,352,8,2,5
172443,2025-03-12 12:02:52,EP error,,11-12 novembre,294,77,7,301,5
172477,2025-03-12,B10-0156/2025,,B10-0156/2025,,,,679,5
172478,2025-03-12,B10-0158/2025,,B10-0158/2025,,,,679,5
172479,2025-03-12,B10-0159/2025,,B10-0159/2025,,,,679,5
172480,2025-03-12,B10-0161/2025,,B10-0161/2025,,,,679,5
172481,2025-03-12,B10-0163/2025,,B10-0163/2025,,,,679,5
172482,2025-03-12,B10-0165/2025,,B10-0165/2025,,,,679,5
172483,2025-03-12,B10-0166/2025,,B10-0166/2025,,,,679,5
172484,2025-03-12,B10-0168/2025,,B10-0168/2025,,,,679,5
172494,2025-03-12,,,After § 5,,,,679,5
172499,2025-03-12,,,After § 21,,,,679,5
172501,2025-03-12,,,§ 23,,,,679,5
172504,2025-03-12,,,§ 25,368,280,5,679,5
172505,2025-03-12,,,After § 25,,,,679,5
172506,2025-03-12,,,§ 26,,,,679,5
172512,2025-03-12,,,After recital B,,,,679,5
172515,2025-03-12,,,Recital F,,,,679,5
172518,2025-03-12,,,Recital L,,,,679,5
172525,2025-03-12,B10-0154/2025,,B10-0154/2025,,,,679,5
172526,2025-03-12,B10-0155/2025,,B10-0155/2025,,,,679,5
172527,2025-03-12,B10-0157/2025,,B10-0157/2025,,,,679,5
172528,2025-03-12,B10-0160/2025,,B10-0160/2025,,,,679,5
172529,2025-03-12,B10-0162/2025,,B10-0162/2025,,,,679,5
172530,2025-03-12,B10-0164/2025,,B10-0164/2025,,,,679,5
172531,2025-03-12,B10-0167/2025,,B10-0167/2025,,,,679,5
172532,2025-03-12,B10-0169/2025,,B10-0169/2025,,,,679,5
172533,2025-03-12 13:18:36,RC-B10-0157/2025,,Avant le § 1 - Am 8,41,506,47,85,5
172534,2025-03-12 13:18:46,RC-B10-0157/2025,,Après le § 1 - Am 26,234,421,8,16,5
172535,2025-03-12 13:18:57,RC-B10-0157/2025,,Après le § 1 - Am 27,135,468,70,6,5
172536,2025-03-12 13:19:06,RC-B10-0157/2025,,Après le § 1 - Am 28,205,447,13,14,5
172537,2025-03-12 13:19:15,RC-B10-0157/2025,,Après le § 4 - Am 9,96,389,174,20,5
172538,2025-03-12 13:19:24,RC-B10-0157/2025,,Après le § 4 - Am 10,235,389,40,15,5
172539,2025-03-12 13:19:35,RC-B10-0157/2025,,§ 5 - Am 29,115,462,91,11,5
172540,2025-03-12 13:19:45,RC-B10-0157/2025,,Après le § 5 - Am 11,247,409,7,16,5
172541,2025-03-12 13:19:59,RC-B10-0157/2025,,Après le § 6 - Am 15,173,461,29,16,5
172542,2025-03-12 13:20:10,RC-B10-0157/2025,,§ 7 - Am 31,122,450,93,14,5
172543,2025-03-12 13:20:20,RC-B10-0157/2025,,Après le § 7 - Am 30,213,436,11,19,5
172545,2025-03-12,,,§ 9,,,,679,5
172546,2025-03-12,,,§ 9,,,,679,5
172548,2025-03-12,,,§ 11,,,,679,5
172549,2025-03-12,,,§ 11,,,,679,5
172550,2025-03-12 13:20:46,RC-B10-0157/2025,,Après le § 13 - Am 16,205,459,3,12,5
172552,2025-03-12,,,§ 20,,,,679,5
172553,2025-03-12,,,§ 20,,,,679,5
172554,2025-03-12 13:21:16,RC-B10-0157/2025,,Après le § 22 - Am 17,120,475,79,5,5
172555,2025-03-12 13:21:33,RC-B10-0157/2025,,§ 23 - Am 18,185,475,8,11,5
172556,2025-03-12,,,§ 23,,,,679,5
172557,2025-03-12 13:21:48,RC-B10-0157/2025,,§ 25 - Am 4,220,373,71,15,5
172558,2025-03-12,,,§ 25,,,,679,5
172559,2025-03-12 13:22:24,RC-B10-0157/2025,,Après le § 26 - Am 7,376,236,62,5,5
172560,2025-03-12 13:22:38,RC-B10-0157/2025,,§ 27 - Am 32,235,406,17,21,5
172561,2025-03-12 13:22:49,RC-B10-0157/2025,,§ 27 - Am 19,206,450,8,15,5
172563,2025-03-12,,,§ 28,,,,679,5
172564,2025-03-12 13:23:04,RC-B10-0157/2025,,§ 28/2,303,299,53,24,5
172565,2025-03-12 13:23:16,RC-B10-0157/2025,,§ 31 - Am 33,193,437,37,12,5
172567,2025-03-12,,,§ 31,,,,679,5
172568,2025-03-12 13:23:32,RC-B10-0157/2025,,§ 31/2,460,149,45,25,5
172569,2025-03-12 13:23:42,RC-B10-0157/2025,,Après le § 31 - Am 20,207,451,11,10,5
172571,2025-03-12,,,§ 32,,,,679,5
172572,2025-03-12,,,§ 32,,,,679,5
172573,2025-03-12 13:24:04,RC-B10-0157/2025,,Considérant D - Am 21,194,458,17,10,5
172574,2025-03-12 13:24:16,RC-B10-0157/2025,,Considérant D - Am 38,224,411,19,25,5
172575,2025-03-12 13:24:35,RC-B10-0157/2025,,Considérant F - Am 39,231,412,19,17,5
172577,2025-03-12 13:24:47,RC-B10-0157/2025,,Considérant H,497,136,33,13,5
172578,2025-03-12 13:24:58,RC-B10-0157/2025,,Considérant H,344,297,17,21,5
172579,2025-03-12,,,Recital J,,,,679,5
172580,2025-03-12 13:25:15,RC-B10-0157/2025,,Considérant K - Am 22,219,440,8,12,5
172581,2025-03-12 13:25:31,RC-B10-0157/2025,,Considérant M - Am 23,217,444,10,8,5
172582,2025-03-12 13:25:44,RC-B10-0157/2025,,Considérant N - Am 24,182,455,23,19,5
172583,2025-03-12 13:25:55,RC-B10-0157/2025,,Considérant P - Am 25,197,455,13,14,5
172584,2025-03-12 13:26:06,RC-B10-0157/2025,,Après le considérant P - Am 14,186,470,11,12,5
172585,2025-03-12 13:26:19,RC-B10-0157/2025,,Proposition de résolution (ensemble du texte),462,76,106,35,5
172586,2025-03-12 12:31:06,RC-B10-0156/2025,,Avant le § 1 - Am 14,145,499,22,13,5
172587,2025-03-12 12:31:17,RC-B10-0156/2025,,Avant le § 1 - Am 15,99,510,46,24,5
172588,2025-03-12 12:31:28,RC-B10-0156/2025,,Avant le § 1 - Am 16,141,508,20,10,5
172589,2025-03-12 12:31:40,RC-B10-0156/2025,,Avant le § 1 - Am 17,112,535,28,4,5
172590,2025-03-12 12:31:55,RC-B10-0156/2025,,Avant le § 1 - Am 18,86,500,84,9,5
172591,2025-03-12 12:32:08,RC-B10-0156/2025,,§ 1,622,32,15,10,5
172592,2025-03-12 12:32:21,RC-B10-0156/2025,,§ 2,610,26,31,12,5
172594,2025-03-12 12:32:34,RC-B10-0156/2025,,§ 3/1,603,29,35,12,5
172595,2025-03-12 12:32:46,RC-B10-0156/2025,,§ 3/2,474,135,62,8,5
172596,2025-03-12 12:33:02,RC-B10-0156/2025,,Après le § 3 - Am 3,185,477,15,2,5
172597,2025-03-12 12:33:15,RC-B10-0156/2025,,§ 4,535,78,54,12,5
172598,2025-03-12 12:33:26,RC-B10-0156/2025,,Après le § 4 - Am 1,113,523,35,8,5
172599,2025-03-12 12:33:37,RC-B10-0156/2025,,Après le § 4 - Am 2,100,480,91,8,5
172600,2025-03-12 12:33:51,RC-B10-0156/2025,,§ 5 - Am 19,225,394,54,6,5
172602,2025-03-12 12:34:05,RC-B10-0156/2025,,§ 5/1,430,133,102,14,5
172603,2025-03-12 12:34:17,RC-B10-0156/2025,,§ 5/2,494,88,92,5,5
172604,2025-03-12 12:34:30,RC-B10-0156/2025,,§ 5/3,428,195,47,9,5
172606,2025-03-12,,,§ 6,,,,679,5
172607,2025-03-12,,,§ 6,295,327,39,679,5
172608,2025-03-12,,,§ 6,,,,679,5
172609,2025-03-12 12:35:23,RC-B10-0156/2025,,§ 6/4,393,234,44,8,5
172610,2025-03-12,,,§ 6,,,,679,5
172611,2025-03-12,,,§ 6,,,,679,5
172612,2025-03-12 12:35:46,RC-B10-0156/2025,,Après le § 7 - Am 20,122,481,71,5,5
172613,2025-03-12 12:35:58,RC-B10-0156/2025,,Après le § 9 - Am 21,91,523,53,12,5
172614,2025-03-12 12:36:11,RC-B10-0156/2025,,Après le § 9 - Am 22,83,495,93,8,5
172615,2025-03-12 12:36:25,RC-B10-0156/2025,,§ 10,433,175,62,9,5
172616,2025-03-12 12:36:38,RC-B10-0156/2025,,Après le § 11 - Am 5,182,439,53,5,5
172617,2025-03-12 12:36:52,RC-B10-0156/2025,,§ 12 - Am 23,143,492,36,8,5
172618,2025-03-12 12:37:05,RC-B10-0156/2025,,§ 12,423,160,86,10,5
172619,2025-03-12,,,§ 13,,,,679,5
172620,2025-03-12 12:39:32,RC-B10-0156/2025,,Après le § 13 - Am 4,188,456,33,2,5
172621,2025-03-12 12:39:45,RC-B10-0156/2025,,Après le § 13 - Am 10,159,461,46,13,5
172622,2025-03-12 12:39:57,RC-B10-0156/2025,,Après le § 14 - Am 24,86,496,89,8,5
172623,2025-03-12 12:40:11,RC-B10-0156/2025,,§ 15,480,137,52,10,5
172624,2025-03-12 12:40:24,RC-B10-0156/2025,,Après le § 17 - Am 11,70,477,102,30,5
172626,2025-03-12,,,§ 18,,,,679,5
172627,2025-03-12 12:40:44,RC-B10-0156/2025,,§ 18/2,474,145,48,12,5
172628,2025-03-12,,,§ 18,,,,679,5
172629,2025-03-12 12:41:02,RC-B10-0156/2025,,Après le § 18 - Am 12,73,544,29,33,5
172630,2025-03-12 12:41:16,RC-B10-0156/2025,,Après le § 18 - Am 13,68,523,60,28,5
172632,2025-03-12,,,§ 19,,,,679,5
172633,2025-03-12,,,§ 19,,,,679,5
172634,2025-03-12,,,§ 19,,,,679,5
172635,2025-03-12,,,§ 19,,,,679,5
172636,2025-03-12,,,§ 19,,,,679,5
172637,2025-03-12,,,§ 20,,,,679,5
172638,2025-03-12 12:42:01,RC-B10-0156/2025,,§ 21 - Am 25,70,449,152,8,5
172639,2025-03-12 12:42:16,RC-B10-0156/2025,,§ 23 - Am 26,219,421,24,15,5
172641,2025-03-12,,,§ 23,,,,679,5
172642,2025-03-12 12:42:34,RC-B10-0156/2025,,§ 23/2,472,104,73,30,5
172643,2025-03-12 12:42:46,RC-B10-0156/2025,,Après le § 23 - Am 27,84,535,50,10,5
172645,2025-03-12,,,§ 24,,,,679,5
172646,2025-03-12 12:43:04,RC-B10-0156/2025,,§ 24/2,468,113,86,12,5
172647,2025-03-12 12:43:17,RC-B10-0156/2025,,§ 25 - Am 28,336,274,57,12,5
172648,2025-03-12 12:43:30,RC-B10-0156/2025,,Après le § 25 - Am 29,101,495,74,9,5
172649,2025-03-12 12:43:44,RC-B10-0156/2025,,Après le § 25 - Am 30,99,444,128,8,5
172650,2025-03-12,,,§ 28,,,,679,5
172652,2025-03-12,,,§ 33,,,,679,5
172653,2025-03-12,,,§ 33,,,,679,5
172654,2025-03-12,,,§ 33,,,,679,5
172655,2025-03-12,,,Recital M,,,,679,5
172656,2025-03-12,,,Recital N,,,,679,5
172657,2025-03-12,,,Recital O,,,,679,5
172658,2025-03-12,,,Recital Q,,,,679,5
172659,2025-03-12 12:44:45,RC-B10-0156/2025,,Après le considérant U - Am 6,69,532,70,8,5
172660,2025-03-12 12:44:57,RC-B10-0156/2025,,Après le considérant U - Am 7,95,535,26,23,5
172661,2025-03-12 12:45:11,RC-B10-0156/2025,,Après le considérant U - Am 8,100,541,19,19,5
172662,2025-03-12 12:45:23,RC-B10-0156/2025,,Après le considérant U - Am 9,73,541,49,16,5
172663,2025-03-12 12:45:37,RC-B10-0156/2025,,Proposition de résolution (ensemble du texte),442,98,126,13,5
172664,2025-03-12 12:46:24,RC-B10-0146/2025,,Avant le § 1 - Am 36,87,520,14,58,5
172665,2025-03-12 12:47:19,RC-B10-0146/2025,,Avant le § 1 - Am 37,93,557,15,14,5
172666,2025-03-12 12:47:32,RC-B10-0146/2025,,Avant le § 1 - Am 38,57,582,23,17,5
172667,2025-03-12 12:47:42,RC-B10-0146/2025,,§ 1 - Am 102,94,533,49,3,5
172668,2025-03-12 12:47:51,RC-B10-0146/2025,,Après le § 1 - Am 2,68,497,99,15,5
172669,2025-03-12 12:48:01,RC-B10-0146/2025,,Après le § 1 - Am 7,199,447,22,11,5
172670,2025-03-12 12:48:10,RC-B10-0146/2025,,Après le § 1 - Am 39,75,543,60,1,5
172671,2025-03-12 12:48:21,RC-B10-0146/2025,,Après le § 2 - Am 3,78,582,15,4,5
172672,2025-03-12 12:48:34,RC-B10-0146/2025,,Après le § 2 - Am 41,48,555,67,9,5
172673,2025-03-12 12:48:44,RC-B10-0146/2025,,Après le § 2 - Am 42,173,458,48,0,5
172674,2025-03-12 12:48:53,RC-B10-0146/2025,,Après le § 2 - Am 43,248,381,43,7,5
172675,2025-03-12 12:49:05,RC-B10-0146/2025,,Après le § 2 - Am 44,75,547,60,0,5
172677,2025-03-12,,,§ 3,,,,679,5
172678,2025-03-12,,,§ 3,,,,679,5
172679,2025-03-12,,,§ 3,,,,679,5
172680,2025-03-12 12:49:33,RC-B10-0146/2025,,Après le § 3 - Am 83,407,212,60,0,5
172682,2025-03-12 12:49:48,RC-B10-0146/2025,,§ 4 - Am 46/1,432,207,19,21,5
172683,2025-03-12 12:50:02,RC-B10-0146/2025,,§ 4 - Am 46/2,101,550,14,14,5
172685,2025-03-12,,,§ 4,,,,679,5
172686,2025-03-12,,,§ 4,,,,679,5
172687,2025-03-12 12:50:33,RC-B10-0146/2025,,Après le § 4 - Am 47,89,561,27,2,5
172688,2025-03-12 12:50:47,RC-B10-0146/2025,,§ 5 - Am 48,102,550,22,5,5
172689,2025-03-12 12:50:58,RC-B10-0146/2025,,Après le § 5 - Am 49,286,261,129,3,5
172690,2025-03-12 12:51:11,RC-B10-0146/2025,,Après le § 5 - Am 50,118,510,52,0,5
172691,2025-03-12,,,After § 5,358,270,31,679,5
172692,2025-03-12 12:53:37,RC-B10-0146/2025,,Après le § 6 - Am 51,64,572,14,29,5
172693,2025-03-12 12:53:48,RC-B10-0146/2025,,§ 7 - Am 4,239,353,80,7,5
172695,2025-03-12,,,§ 7,,,,679,5
172696,2025-03-12 12:54:06,RC-B10-0146/2025,,§ 7/2,420,222,32,5,5
172697,2025-03-12 12:54:17,RC-B10-0146/2025,,Après le § 7 - Am 8,206,447,20,6,5
172699,2025-03-12,,,§ 8,,,,679,5
172700,2025-03-12,,,§ 8,,,,679,5
172701,2025-03-12 12:54:35,RC-B10-0146/2025,,Après le § 10 - Am 5,251,309,116,3,5
172702,2025-03-12 12:54:45,RC-B10-0146/2025,,Après le § 11 - Am 6,83,536,48,12,5
172704,2025-03-12,,,§ 12,448,150,70,679,5
172705,2025-03-12,,,§ 12,,,,679,5
172707,2025-03-12,,,§ 12,,,,679,5
172708,2025-03-12,,,§ 12,,,,679,5
172709,2025-03-12 12:55:46,RC-B10-0146/2025,,§ 13 - Am 104,356,229,86,8,5
172711,2025-03-12,,,§ 13,,,,679,5
172712,2025-03-12,,,§ 13,,,,679,5
172714,2025-03-12 12:56:04,RC-B10-0146/2025,,Après le § 14 - Am 52/1,216,399,48,16,5
172715,2025-03-12 12:56:14,RC-B10-0146/2025,,Après le § 14 - Am 52/2,99,538,34,8,5
172716,2025-03-12 12:56:24,RC-B10-0146/2025,,§ 15 - Am 53,205,395,69,10,5
172718,2025-03-12 12:56:37,RC-B10-0146/2025,,§ 15/1,475,138,63,3,5
172719,2025-03-12 12:56:47,RC-B10-0146/2025,,§ 15/2,448,159,65,7,5
172720,2025-03-12 12:56:57,RC-B10-0146/2025,,§ 15/3,422,183,57,17,5
172721,2025-03-12 12:57:07,RC-B10-0146/2025,,§ 15/4,584,51,22,22,5
172722,2025-03-12 12:57:22,RC-B10-0146/2025,,Après le § 15 - Am 54,215,391,70,3,5
172724,2025-03-12 12:57:34,RC-B10-0146/2025,,Après le § 16 - Am 106/1,425,189,60,5,5
172725,2025-03-12 12:57:43,RC-B10-0146/2025,,Après le § 16 - Am 106/2,278,357,40,4,5
172726,2025-03-12,,,§ 17,,,,679,5
172728,2025-03-12 12:57:59,RC-B10-0146/2025,,Après le § 17 - Am 107/1,439,163,72,5,5
172729,2025-03-12 12:58:09,RC-B10-0146/2025,,Après le § 17 - Am 107/2,314,322,32,11,5
172731,2025-03-12,,,§ 18,,,,679,5
172732,2025-03-12,,,§ 18,,,,679,5
172734,2025-03-12 12:58:36,RC-B10-0146/2025,,§ 19/1,452,123,107,0,5
172735,2025-03-12 12:58:45,RC-B10-0146/2025,,§ 19/2,409,208,52,10,5
172736,2025-03-12 12:58:54,RC-B10-0146/2025,,§ 19/3,466,142,62,9,5
172737,2025-03-12 12:59:04,RC-B10-0146/2025,,§ 19/4,469,132,69,9,5
172738,2025-03-12 12:59:13,RC-B10-0146/2025,,§ 20 - Am 55,379,270,26,4,5
172739,2025-03-12 12:59:22,RC-B10-0146/2025,,Après le § 22 - Am 56,91,501,85,2,5
172740,2025-03-12 12:59:33,RC-B10-0146/2025,,Après le § 22 - Am 57,77,510,71,21,5
172741,2025-03-12 12:59:44,RC-B10-0146/2025,,Après le § 22 - Am 84,457,172,45,5,5
172742,2025-03-12 12:59:54,RC-B10-0146/2025,,Après le § 22 - Am 105,523,76,72,8,5
172744,2025-03-12,,,§ 29,,,,679,5
172745,2025-03-12 13:00:08,RC-B10-0146/2025,,§ 29/2,567,27,75,10,5
172746,2025-03-12 13:00:18,RC-B10-0146/2025,,§ 29/3,528,63,85,3,5
172747,2025-03-12 13:00:30,RC-B10-0146/2025,,§ 32 - Am 10,219,445,15,0,5
172749,2025-03-12,,,§ 32,,,,679,5
172750,2025-03-12,,,§ 32,,,,679,5
172751,2025-03-12 13:00:50,RC-B10-0146/2025,,Après le § 32 - Am 59,485,129,55,10,5
172752,2025-03-12,,,§ 33,,,,679,5
172753,2025-03-12 13:01:06,RC-B10-0146/2025,,§ 33,581,41,57,0,5
172754,2025-03-12 13:01:19,RC-B10-0146/2025,,§ 34 - Am 100,281,318,78,2,5
172756,2025-03-12,,,§ 34,,,,679,5
172757,2025-03-12,,,§ 34,,,,679,5
172758,2025-03-12,,,§ 34,,,,679,5
172759,2025-03-12 13:01:42,RC-B10-0146/2025,,§ 37 - Am 11,236,427,16,0,5
172760,2025-03-12 13:01:55,RC-B10-0146/2025,,§ 39 - Am 101,159,442,73,5,5
172762,2025-03-12 13:02:07,RC-B10-0146/2025,,§ 44/1,561,76,41,1,5
172763,2025-03-12 13:02:16,RC-B10-0146/2025,,§ 44/2,513,122,32,12,5
172764,2025-03-12,,,§ 46,,,,679,5
172766,2025-03-12 13:02:31,RC-B10-0146/2025,,§ 46 - Am 103/1,478,102,94,5,5
172767,2025-03-12 13:02:41,RC-B10-0146/2025,,§ 46 - Am 103/2,316,281,58,24,5
172769,2025-03-12,,,§ 46,,,,679,5
172770,2025-03-12,,,§ 46,,,,679,5
172771,2025-03-12 13:02:56,RC-B10-0146/2025,,Après le § 47 - Am 96,203,448,13,15,5
172772,2025-03-12 13:03:08,RC-B10-0146/2025,,Après le § 47 - Am 97,203,456,18,2,5
172773,2025-03-12 13:03:18,RC-B10-0146/2025,,Après le § 48 - Am 9,188,473,20,0,5
172774,2025-03-12,,,§ 49,235,409,35,679,5
172775,2025-03-12,,,§ 50,330,298,42,679,5
172776,2025-03-12 13:04:11,RC-B10-0146/2025,,§ 52,439,136,96,8,5
172777,2025-03-12,,,§ 53,407,238,20,679,5
172779,2025-03-12,,,§ 53,,,,679,5
172780,2025-03-12,,,§ 53,,,,679,5
172781,2025-03-12 13:04:43,RC-B10-0146/2025,,§ 54 - Am 61,176,459,25,19,5
172782,2025-03-12 13:04:56,RC-B10-0146/2025,,Après le § 55 - Am 98,92,541,40,6,5
172783,2025-03-12 13:05:07,RC-B10-0146/2025,,Après le § 56 - Am 12,209,283,180,7,5
172784,2025-03-12 13:05:19,RC-B10-0146/2025,,§ 57,466,176,36,1,5
172785,2025-03-12 13:05:31,RC-B10-0146/2025,,Après le § 57 - Am 13,191,445,31,12,5
172786,2025-03-12 13:05:43,RC-B10-0146/2025,,§ 58 - Am 62,258,383,35,3,5
172788,2025-03-12,,,§ 58,,,,679,5
172789,2025-03-12,,,§ 58,,,,679,5
172790,2025-03-12 13:06:05,RC-B10-0146/2025,,§ 58/3,373,279,24,3,5
172791,2025-03-12 13:06:16,RC-B10-0146/2025,,§ 58/4,467,114,77,21,5
172792,2025-03-12,,,§ 58,,,,679,5
172793,2025-03-12,,,After § 58,,,,679,5
172794,2025-03-12,,,After § 58,,,,679,5
172795,2025-03-12 13:06:39,RC-B10-0146/2025,,Après le § 58 - Am 65,62,588,29,0,5
172796,2025-03-12 13:06:51,RC-B10-0146/2025,,§ 59,476,184,13,6,5
172798,2025-03-12,,,§ 60,,,,679,5
172799,2025-03-12,,,§ 60,,,,679,5
172800,2025-03-12,,,§ 61,325,299,43,679,5
172801,2025-03-12,,,§ 61,,,,679,5
172802,2025-03-12 13:07:34,RC-B10-0146/2025,,Après le § 61 - Am 67,64,514,93,8,5
172804,2025-03-12 13:07:45,RC-B10-0146/2025,,§ 62 - Am 66/1,122,502,47,8,5
172805,2025-03-12 13:07:57,RC-B10-0146/2025,,§ 62 - Am 66/2,227,425,21,6,5
172806,2025-03-12,,,§ 62,,,,679,5
172807,2025-03-12 13:08:14,RC-B10-0146/2025,,Après le § 63 - Am 68,65,571,35,8,5
172808,2025-03-12 13:08:23,RC-B10-0146/2025,,Après le § 63 - Am 69,52,566,43,18,5
172809,2025-03-12 13:08:34,RC-B10-0146/2025,,Après le § 63 - Am 70,54,569,44,12,5
172810,2025-03-12 13:08:43,RC-B10-0146/2025,,Après le § 64 - Am 71,102,528,46,3,5
172811,2025-03-12 13:08:53,RC-B10-0146/2025,,Après le § 66 - Am 85,200,425,53,1,5
172812,2025-03-12 13:09:04,RC-B10-0146/2025,,§ 68 - Am 14,231,390,53,5,5
172813,2025-03-12,,,§ 68,,,,679,5
172814,2025-03-12 13:09:19,RC-B10-0146/2025,,§ 68 - Am 108,97,517,56,9,5
172815,2025-03-12 13:09:30,RC-B10-0146/2025,,§ 68,480,130,67,2,5
172816,2025-03-12 13:09:42,RC-B10-0146/2025,,Après le § 68 - Am 15,198,459,14,8,5
172817,2025-03-12 13:09:52,RC-B10-0146/2025,,Après le § 68 - Am 16,208,400,70,1,5
172818,2025-03-12,,,After § 68,,,,679,5
172819,2025-03-12,,,§ 69,,,,679,5
172820,2025-03-12,,,§ 69,250,384,43,679,5
172821,2025-03-12,,,§ 69,190,441,42,679,5
172823,2025-03-12 13:10:49,RC-B10-0146/2025,,§ 69/1,528,75,67,9,5
172824,2025-03-12 13:10:59,RC-B10-0146/2025,,§ 69/2,355,155,159,10,5
172825,2025-03-12 13:11:09,RC-B10-0146/2025,,§ 69/3,305,309,53,12,5
172826,2025-03-12 13:11:22,RC-B10-0146/2025,,Après le § 69 - Am 17,216,438,25,0,5
172827,2025-03-12 13:11:34,RC-B10-0146/2025,,Après le § 69 - Am 18,303,316,62,0,5
172828,2025-03-12,,,After § 69,,,,679,5
172830,2025-03-12 13:11:51,RC-B10-0146/2025,,§ 70/1,489,127,64,0,5
172831,2025-03-12 13:12:12,RC-B10-0146/2025,,§ 70/2,363,180,126,10,5
172833,2025-03-12 13:12:28,RC-B10-0146/2025,,§ 71 - Am 76/1,267,280,119,13,5
172834,2025-03-12 13:12:42,RC-B10-0146/2025,,§ 71 - Am 76/2,217,422,29,11,5
172836,2025-03-12,,,§ 71,,,,679,5
172837,2025-03-12,,,§ 71,,,,679,5
172838,2025-03-12,,,After § 72,316,335,20,679,5
172840,2025-03-12 13:13:21,RC-B10-0146/2025,,§ 73/1,400,216,58,5,5
172841,2025-03-12,,,§ 73,,,,679,5
172842,2025-03-12 13:13:38,RC-B10-0146/2025,,§ 74 - Am 19,181,384,112,2,5
172844,2025-03-12,,,§ 74,,,,679,5
172845,2025-03-12,,,§ 74,,,,679,5
172846,2025-03-12 13:13:59,RC-B10-0146/2025,,Après le § 74 - Am 77,190,444,44,1,5
172847,2025-03-12 13:14:12,RC-B10-0146/2025,,Après le § 74 - Am 78,61,572,41,5,5
172848,2025-03-12,,,After § 76,457,132,73,679,5
172849,2025-03-12,,,After § 76,273,298,96,679,5
172850,2025-03-12,,,After § 76,457,122,87,679,5
172852,2025-03-12,,,After § 76,468,130,66,679,5
172853,2025-03-12,,,After § 76,312,282,76,679,5
172854,2025-03-12,,,After § 76,,,,679,5
172855,2025-03-12 13:15:54,RC-B10-0146/2025,,Considérant A - Am 99,494,114,70,1,5
172856,2025-03-12 13:16:13,RC-B10-0146/2025,,Après le considérant E - Am 22,106,524,49,0,5
172857,2025-03-12 13:16:29,RC-B10-0146/2025,,Après le considérant E - Am 24,279,301,94,5,5
172858,2025-03-12 13:16:42,RC-B10-0146/2025,,Après le considérant J - Am 25,365,234,79,1,5
172860,2025-03-12,,,After recital N,,,,679,5
172861,2025-03-12,,,After recital N,,,,679,5
172862,2025-03-12 13:17:21,RC-B10-0146/2025,,Après le considérant P - Am 32,118,526,36,0,5
172864,2025-03-12,,,Recital S,,,,679,5
172865,2025-03-12,,,Recital S,,,,679,5
172866,2025-03-12 13:17:54,RC-B10-0146/2025,,Après le considérant T - Am 1,78,515,87,0,5
172867,2025-03-12 13:18:11,RC-B10-0146/2025,,Proposition de résolution (ensemble du texte),419,204,46,10,5
172874,2025-03-13,,,§ 1,,,,635,5
172875,2025-03-13,,,§ 1,,,,635,5
172876,2025-03-13,,,§ 1,,,,635,5
172877,2025-03-13,B10-0143/2025,,§ 2,,,,635,5
172879,2025-03-13,,,§ 2,,,,635,5
172880,2025-03-13,,,§ 2,,,,635,5
172881,2025-03-13,,,§ 2,,,,635,5
172883,2025-03-13,,,§ 3,,,,635,5
172884,2025-03-13,,,§ 3,,,,635,5
172886,2025-03-13 12:13:56,B10-0143/2025,,§ 5/1,404,204,15,12,5
172887,2025-03-13 12:14:06,B10-0143/2025,,§ 5/2,279,313,19,24,5
172888,2025-03-13 12:14:15,B10-0143/2025,,§ 5/3,604,9,8,14,5
172889,2025-03-13 12:14:25,B10-0143/2025,,§ 5/4,258,284,83,10,5
172890,2025-03-13 12:14:35,B10-0143/2025,,§ 5/5,473,141,14,7,5
172891,2025-03-13 12:14:45,B10-0143/2025,,§ 5/6,429,175,22,9,5
172892,2025-03-13 12:14:54,B10-0143/2025,,§ 5/7,549,63,8,15,5
172894,2025-03-13,,,§ 6,,,,635,5
172895,2025-03-13,,,§ 6,,,,635,5
172897,2025-03-13,,,§ 8,,,,635,5
172898,2025-03-13,,,§ 8,,,,635,5
172899,2025-03-13,,,§ 8,,,,635,5
172900,2025-03-13,,,§ 8,357,201,62,635,5
172901,2025-03-13,,,§ 8,277,326,18,635,5
172902,2025-03-13,,,§ 8,,,,635,5
172904,2025-03-13,,,§ 11,,,,635,5
172905,2025-03-13,,,§ 11,,,,635,5
172906,2025-03-13,B10-0143/2025,,§ 12,,,,635,5
172908,2025-03-13,,,§ 12,,,,635,5
172909,2025-03-13,,,§ 12,,,,635,5
172910,2025-03-13,,,§ 12,,,,635,5
172912,2025-03-13 12:16:45,B10-0143/2025,,§ 13/1,440,137,45,13,5
172913,2025-03-13 12:16:56,B10-0143/2025,,§ 13/2,278,326,19,12,5
172915,2025-03-13,,,§ 14,,,,635,5
172916,2025-03-13,,,§ 14,265,343,16,635,5
172917,2025-03-13,,,§ 14,,,,635,5
172918,2025-03-13,,,§ 14,,,,635,5
172919,2025-03-13,,,§ 14,,,,635,5
172920,2025-03-13,,,§ 15,,,,635,5
172922,2025-03-13 12:18:10,B10-0143/2025,,§ 16/1,558,25,40,12,5
172923,2025-03-13 12:18:19,B10-0143/2025,,§ 16/2,307,272,38,18,5
172924,2025-03-13 12:18:29,B10-0143/2025,,§ 16/3,385,137,96,17,5
172925,2025-03-13 12:18:39,B10-0143/2025,,§ 16/4,322,218,77,18,5
172926,2025-03-13,,,§ 17,,,,635,5
172927,2025-03-13 12:18:58,B10-0143/2025,,§ 18,284,273,57,21,5
172928,2025-03-13,,,§ 19,,,,635,5
172930,2025-03-13,,,Recital A,,,,635,5
172931,2025-03-13,,,Recital A,,,,635,5
172932,2025-03-13,,,Recital A,,,,635,5
172934,2025-03-13,,,Recital B,,,,635,5
172935,2025-03-13,,,Recital B,,,,635,5
172937,2025-03-13,,,Recital D,,,,635,5
172938,2025-03-13,,,Recital D,314,270,22,635,5
172940,2025-03-13,,,Recital E,,,,635,5
172941,2025-03-13,,,Recital E,,,,635,5
172943,2025-03-13,,,Recital G,,,,635,5
172944,2025-03-13,,,Recital G,,,,635,5
172945,2025-03-13,B10-0143/2025,,Recital I,,,,635,5
172946,2025-03-13,,,Recital I,,,,635,5
172947,2025-03-13,,,Motion for a resolution (as a whole),,,,635,5
172949,2025-03-13,B10-0152/2025,,B10-0152/2025,,,,635,5
172950,2025-03-12,,,Motion for adjournment of the vote - ECR Group (Rule 206(4)),203,428,14,679,5
172953,2025-03-12,B10-0156/2025,,RC-B10-0156/2025 – After § 13 – Am 4,188,456,33,679,5
172960,2025-03-13,B10-0175/2025,,B10-0175/2025,,,,635,5
172961,2025-03-13,B10-0185/2025,,B10-0185/2025,,,,635,5
172962,2025-03-13,B10-0186/2025,,B10-0186/2025,,,,635,5
172963,2025-03-13,B10-0187/2025,,B10-0187/2025,,,,635,5
172964,2025-03-13,B10-0188/2025,,B10-0188/2025,,,,635,5
172965,2025-03-13,B10-0189/2025,,B10-0189/2025,,,,635,5
172966,2025-03-13,B10-0190/2025,,B10-0190/2025,,,,635,5
172970,2025-03-13,B10-0174/2025,,B10-0174/2025,,,,635,5
172971,2025-03-13,B10-0176/2025,,B10-0176/2025,,,,635,5
172972,2025-03-13,B10-0191/2025,,B10-0191/2025,,,,635,5
172973,2025-03-13,B10-0192/2025,,B10-0192/2025,,,,635,5
172974,2025-03-13,B10-0193/2025,,B10-0193/2025,,,,635,5
172975,2025-03-13,B10-0194/2025,,B10-0194/2025,,,,635,5
172979,2025-03-13,,,§ 7,,,,635,5
172984,2025-03-13,B10-0177/2025,,B10-0177/2025,,,,635,5
172985,2025-03-13,B10-0178/2025,,B10-0178/2025,,,,635,5
172986,2025-03-13,B10-0179/2025,,B10-0179/2025,,,,635,5
172987,2025-03-13,B10-0180/2025,,B10-0180/2025,,,,635,5
172988,2025-03-13,B10-0181/2025,,B10-0181/2025,,,,635,5
172989,2025-03-13,B10-0182/2025,,B10-0182/2025,,,,635,5
172990,2025-03-13,B10-0183/2025,,B10-0183/2025,,,,635,5
172991,2025-03-13,B10-0184/2025,,B10-0184/2025,,,,635,5
172992,2025-03-12,,,After § 13,,,,679,5
172993,2025-03-12,,,Adopted without vote,,,,679,5
172994,2025-03-13,,,Request for an urgent decision,,,,635,5
172995,2025-03-13 12:08:12,RC-B10-0174/2025,,Proposition de résolution (ensemble du texte),482,57,68,28,5
172997,2025-03-13,,,§ 3,,,,635,5
172998,2025-03-13 12:08:43,RC-B10-0175/2025,,§ 3/2,499,88,27,21,5
172999,2025-03-13 12:08:56,RC-B10-0175/2025,,Après le § 7 - Am 1,177,400,41,17,5
173000,2025-03-13 12:09:08,RC-B10-0175/2025,,Après le § 8 - Am 2,113,443,61,18,5
173001,2025-03-13 12:09:19,RC-B10-0175/2025,,Proposition de résolution (ensemble du texte),575,7,35,18,5
173002,2025-03-13 12:09:44,RC-B10-0177/2025,,Après le § 6 - Am 1/REV,226,306,51,52,5
173003,2025-03-13 12:09:56,RC-B10-0177/2025,,§ 7 - Am 4,165,439,5,26,5
173005,2025-03-13 12:10:19,RC-B10-0177/2025,,§ 7/1,464,115,39,17,5
173006,2025-03-13 12:10:29,RC-B10-0177/2025,,§ 7/2,496,42,75,22,5
173007,2025-03-13,,,Recital C,,,,635,5
173008,2025-03-13 12:12:30,RC-B10-0177/2025,,Proposition de résolution (ensemble du texte),523,3,84,25,5
173681,2025-04-01,,,Proposal for a decision,,,,679,7
173682,2025-04-01,,,Proposal for a decision,,,,679,7
173683,2025-04-01,,,Proposal for a decision,,,,679,7
173684,2025-04-01,,,Proposal for a decision,,,,679,7
173685,2025-04-01,,,Nomination of Lucian Romașcanu,437,128,92,679,7
173686,2025-04-02 12:30:34,A10-0027/2025,,Jaroslav Bžoch - Projet de décision du Conseil,619,9,45,5,8
173687,2025-04-02 12:29:16,A10-0028/2025,,Eric Sargiacomo - Projet de décision du Conseil,518,104,61,0,8
173688,2025-04-02 12:27:26,A10-0036/2025,,Željana Zovko - Projet de décision du Conseil,528,121,32,0,8
173690,2025-04-01 12:15:12,A10-0038/2025,,Céline Imart - Proposition de la Commission,571,59,46,3,7
173691,2025-04-01 12:11:33,A10-0019/2025,,Dimitris Tsiodras - Proposition de la Commission et amendements,482,110,81,6,7
173692,2025-04-01,,,Request for referral back (Rule 60(4)),,,,679,7
173693,2025-04-01 12:12:31,A10-0020/2025,,Dimitris Tsiodras - Proposition de la Commission et amendements,486,171,18,4,7
173694,2025-04-01,,,Request for referral back (Rule 60(4)),,,,679,7
173695,2025-04-01 12:09:49,A10-0018/2025,,Dimitris Tsiodras - Proposition de la Commission et amendements,481,170,22,6,7
173696,2025-04-01,,,Request for referral back (Rule 60(4)),,,,679,7
173699,2025-04-02,,,"Article 3, § 2, sub§ 2",,,,678,8
173703,2025-04-02,,,Recital 22,,,,678,8
173705,2025-04-02,,,Recital 23,,,,678,8
173706,2025-04-02,,,Recital 26,,,,678,8
173707,2025-04-02,,,Recital 26,,,,678,8
173708,2025-04-02 12:32:41,A10-0041/2025,,Malik Azmani - Proposition de la Commission,377,279,16,6,8
173712,2025-04-02,,,§ 1,,,,678,8
173724,2025-04-02,,,After § 8,,,,678,8
173743,2025-04-02,,,After § 13,,,,678,8
173748,2025-04-02,,,After § 15,,,,678,8
173758,2025-04-02,,,§ 21,,,,678,8
173767,2025-04-02,,,After § 22,,,,678,8
173768,2025-04-02,,,After § 22,,,,678,8
173770,2025-04-02,,,After § 22,,,,678,8
173771,2025-04-02,,,After § 22,,,,678,8
173775,2025-04-02,,,After § 25,,,,678,8
173779,2025-04-02,,,After § 25,,,,678,8
173784,2025-04-02,,,After § 26,300,350,34,678,8
173790,2025-04-02,,,After § 32,236,382,48,678,8
173792,2025-04-02,,,After § 32,222,334,121,678,8
173799,2025-04-02,,,After recital A,,,,678,8
173800,2025-04-02,,,After recital B,,,,678,8
173801,2025-04-02 12:26:58,A10-0042/2025,,Andrzej Halicki - Proposition de résolution (ensemble du texte),441,173,70,0,8
173802,2025-04-02,,,§ 1,,,,678,8
173803,2025-04-02,,,§ 1,,,,678,8
173805,2025-04-02,,,§ 2,,,,678,8
173806,2025-04-02,,,§ 3,,,,678,8
173808,2025-04-02,,,§ 4,,,,678,8
173811,2025-04-02,,,§ 5,,,,678,8
173814,2025-04-02,,,After § 5,,,,678,8
173815,2025-04-02,,,§ 7,,,,678,8
173819,2025-04-02,,,§ 14,,,,678,8
173820,2025-04-02,,,§ 15,388,213,60,678,8
173821,2025-04-02,,,§ 15,,,,678,8
173822,2025-04-02,,,After § 15,,,,678,8
173823,2025-04-02,,,§ 17,,,,678,8
173824,2025-04-02,,,§ 18,,,,678,8
173826,2025-04-02,,,§ 21,,,,678,8
173828,2025-04-02,,,§ 23,,,,678,8
173831,2025-04-02,,,After § 24,,,,678,8
173832,2025-04-02,,,After § 25,,,,678,8
173833,2025-04-02,,,After § 25,,,,678,8
173834,2025-04-02,,,After § 25,,,,678,8
173835,2025-04-02,,,After § 26,,,,678,8
173837,2025-04-02,,,§ 28,,,,678,8
173838,2025-04-02,,,§ 29,,,,678,8
173842,2025-04-02,,,After § 29,,,,678,8
173845,2025-04-02,,,After § 30,,,,678,8
173846,2025-04-02,,,§ 31,,,,678,8
173848,2025-04-02,,,§ 32,419,160,59,678,8
173849,2025-04-02,,,§ 33,233,338,86,678,8
173850,2025-04-02,,,§ 40,,,,678,8
173852,2025-04-02,,,After § 40,482,168,4,678,8
173854,2025-04-02,,,§ 42,246,335,68,678,8
173855,2025-04-02,,,§ 43,,,,678,8
173856,2025-04-02,,,§ 43,,,,678,8
173857,2025-04-02,,,§ 43,,,,678,8
173858,2025-04-02,,,§ 43,,,,678,8
173868,2025-04-02,,,§ 47,,,,678,8
173872,2025-04-02,,,After § 52,,,,678,8
173875,2025-04-02,,,§ 54,,,,678,8
173877,2025-04-02,,,§ 56,,,,678,8
173879,2025-04-02,,,After § 58,,,,678,8
173882,2025-04-02,,,Citation 41,,,,678,8
173883,2025-04-02,,,After recital A,,,,678,8
173884,2025-04-02,,,Recital D,,,,678,8
173885,2025-04-02,,,After recital D,,,,678,8
173886,2025-04-02,,,Recital E,,,,678,8
173887,2025-04-02,,,Recital F,,,,678,8
173888,2025-04-02,,,Recital I,,,,678,8
173890,2025-04-02,,,Recital L,,,,678,8
173891,2025-04-02,,,Recital M,,,,678,8
173892,2025-04-02,,,After recital N,,,,678,8
173893,2025-04-02,,,Recital P,,,,678,8
173896,2025-04-02,,,After recital S,,,,678,8
173897,2025-04-02 13:41:03,A10-0012/2025,,Isabel Wiseler-Lima - Proposition de résolution (ensemble du texte),390,116,126,46,8
173898,2025-04-02,,,After § 5,,,,678,8
173899,2025-04-02,,,§ 9,,,,678,8
173901,2025-04-02,,,After § 21,,,,678,8
173902,2025-04-02,,,After § 25,,,,678,8
173903,2025-04-02 12:30:10,A10-0040/2025,,Eric Sargiacomo - Proposition de résolution (ensemble du texte),605,68,10,0,8
173904,2025-04-02,,,§ 1,,,,678,8
173906,2025-04-02,,,After § 1,,,,678,8
173908,2025-04-02,,,After § 1,,,,678,8
173911,2025-04-02,,,§ 3,,,,678,8
173912,2025-04-02,,,After § 3,,,,678,8
173913,2025-04-02,,,§ 4,,,,678,8
173915,2025-04-02,,,After § 4,,,,678,8
173916,2025-04-02,,,§ 5,,,,678,8
173917,2025-04-02,,,§ 5,,,,678,8
173918,2025-04-02,,,After § 5,,,,678,8
173919,2025-04-02,,,§ 7,,,,678,8
173920,2025-04-02,,,§ 7,,,,678,8
173923,2025-04-02,,,§ 8,,,,678,8
173924,2025-04-02,,,§ 9,,,,678,8
173926,2025-04-02,,,After § 9,,,,678,8
173927,2025-04-02,,,After § 9,,,,678,8
173929,2025-04-02,,,After § 9,,,,678,8
173931,2025-04-02,,,§ 10,,,,678,8
173933,2025-04-02,,,§ 10,,,,678,8
173934,2025-04-02,,,§ 10,,,,678,8
173935,2025-04-02,,,After § 10,,,,678,8
173936,2025-04-02,,,After § 10,,,,678,8
173938,2025-04-02,,,§ 11,,,,678,8
173939,2025-04-02,,,After § 12,,,,678,8
173940,2025-04-02,,,After § 12,,,,678,8
173941,2025-04-02,,,After § 12,,,,678,8
173942,2025-04-02,,,After § 12,,,,678,8
173943,2025-04-02,,,After § 12,,,,678,8
173945,2025-04-02,,,§ 13,,,,678,8
173946,2025-04-02,,,§ 13,,,,678,8
173947,2025-04-02,,,After § 13,,,,678,8
173948,2025-04-02,,,After § 13,,,,678,8
173949,2025-04-02,,,§ 14,,,,678,8
173950,2025-04-02,,,§ 15,319,283,65,678,8
173951,2025-04-02,,,§ 15,,,,678,8
173952,2025-04-02,,,§ 17,,,,678,8
173954,2025-04-02,,,§ 18,,,,678,8
173956,2025-04-02,,,§ 19,,,,678,8
173957,2025-04-02,,,§ 20,,,,678,8
173958,2025-04-02,,,§ 21,,,,678,8
173959,2025-04-02,,,§ 24,,,,678,8
173963,2025-04-02,,,§ 26,,,,678,8
173964,2025-04-02,,,§ 27,,,,678,8
173966,2025-04-02,,,§ 30,340,288,43,678,8
173967,2025-04-02,,,After § 30,,,,678,8
173969,2025-04-02,,,After § 32,,,,678,8
173970,2025-04-02,,,§ 33,,,,678,8
173972,2025-04-02,,,After § 40,,,,678,8
173973,2025-04-02,,,§ 42,,,,678,8
173974,2025-04-02,,,§ 43,,,,678,8
173979,2025-04-02,,,After § 53,,,,678,8
173981,2025-04-02,,,After § 55,,,,678,8
173982,2025-04-02,,,After § 55,,,,678,8
173983,2025-04-02,,,After § 55,,,,678,8
173985,2025-04-02,,,§ 57,176,422,61,678,8
173988,2025-04-02,,,§ 59,,,,678,8
173989,2025-04-02,,,§ 66,319,316,12,678,8
173991,2025-04-02,,,§ 68,,,,678,8
173992,2025-04-02,,,After § 68,,,,678,8
173993,2025-04-02,,,After § 68,,,,678,8
173995,2025-04-02,,,After § 69,,,,678,8
173996,2025-04-02,,,After § 74,,,,678,8
173998,2025-04-02,,,After § 83,,,,678,8
173999,2025-04-02,,,§ 85,,,,678,8
174000,2025-04-02,,,§ 88,,,,678,8
174001,2025-04-02,,,After § 88,,,,678,8
174002,2025-04-02,,,§ 90,,,,678,8
174003,2025-04-02,,,§ 98,,,,678,8
174004,2025-04-02,,,§ 102,,,,678,8
174005,2025-04-02,,,§ 113,,,,678,8
174007,2025-04-02,,,§ 124,,,,678,8
174010,2025-04-02,,,After § 127,,,,678,8
174011,2025-04-02,,,§ 129,,,,678,8
174012,2025-04-02,,,After § 129,263,317,83,678,8
174013,2025-04-02,,,After § 129,431,178,50,678,8
174014,2025-04-02,,,After § 132,,,,678,8
174015,2025-04-02,,,§ 135,,,,678,8
174017,2025-04-02,,,§ 137,,,,678,8
174019,2025-04-02,,,§ 140,,,,678,8
174023,2025-04-02,,,After § 145,,,,678,8
174024,2025-04-02,,,Subheading 28,,,,678,8
174025,2025-04-02,,,After § 149,,,,678,8
174026,2025-04-02,,,After § 150,,,,678,8
174027,2025-04-02,,,After § 150,,,,678,8
174029,2025-04-02,,,§ 153,,,,678,8
174030,2025-04-02,,,§ 155,,,,678,8
174031,2025-04-02,,,§ 158,,,,678,8
174032,2025-04-02,,,After § 158,,,,678,8
174034,2025-04-02,,,Citation 35,,,,678,8
174043,2025-04-02,,,Recital A,,,,678,8
174044,2025-04-02,,,After recital B,,,,678,8
174045,2025-04-02,,,After recital D,,,,678,8
174046,2025-04-02,,,Recital E,,,,678,8
174047,2025-04-02,,,Recital L,,,,678,8
174048,2025-04-02,,,After recital M,,,,678,8
174049,2025-04-02,,,After recital P,,,,678,8
174050,2025-04-02,,,Recital X,,,,678,8
174051,2025-04-02,,,After recital AA,,,,678,8
174052,2025-04-02,,,After recital AC,,,,678,8
174053,2025-04-02 13:22:11,A10-0011/2025,,Nicolás Pascual de la Parte - Proposition de résolution (ensemble du texte),399,198,71,10,8
174055,2025-04-01 12:27:15,A10-0034/2025,,Bernd Lange - Accord provisoire - Am 1,593,7,35,44,7
174057,2025-04-02,,,"§ 1, after point 1",,,,678,8
174058,2025-04-02,,,"§ 3, introductory part",,,,678,8
174059,2025-04-02,,,"§ 3, indent 2",,,,678,8
174060,2025-04-02,,,"§ 3, indent 3",,,,678,8
174061,2025-04-02,,,"§ 3, indent 5",,,,678,8
174063,2025-04-02,,,"§ 3, indent 6",,,,678,8
174064,2025-04-02,,,"§ 3, indent 8",,,,678,8
174065,2025-04-02,,,"§ 3, indent 12",,,,678,8
174066,2025-04-02,,,"§ 4, indent 1",,,,678,8
174067,2025-04-02,,,"§ 4, indent 2",,,,678,8
174068,2025-04-02,,,"§ 4, indent 2",,,,678,8
174071,2025-04-02,,,"§ 4, indent 8",,,,678,8
174074,2025-04-02,,,"§ 4, indent 9",,,,678,8
174075,2025-04-02,,,"§ 4, indent 11",,,,678,8
174076,2025-04-02,,,"§ 4, indent 15",,,,678,8
174078,2025-04-02,,,"§ 4, after indent 21",,,,678,8
174079,2025-04-02,,,"§ 4, after indent 24",,,,678,8
174080,2025-04-02,,,"§ 4, indent 26",,,,678,8
174081,2025-04-02,,,"§ 4, indent 26",,,,678,8
174082,2025-04-02,,,"§ 5, indent 2",,,,678,8
174083,2025-04-02,,,"§ 5, indent 3",341,299,23,678,8
174084,2025-04-02,,,"§ 5, indent 3",,,,678,8
174085,2025-04-02,,,"§ 5, indent 5",,,,678,8
174086,2025-04-02,,,"§ 5, indent 6",,,,678,8
174087,2025-04-02,,,"§ 5, indent 10",,,,678,8
174088,2025-04-02,,,"§ 5, indent 14",,,,678,8
174089,2025-04-02,,,§ 7,,,,678,8
174091,2025-04-02,,,§ 9,,,,678,8
174092,2025-04-02,,,§ 9,,,,678,8
174095,2025-04-02,,,After § 9,,,,678,8
174098,2025-04-02,,,After § 9,,,,678,8
174099,2025-04-02,,,After § 9,,,,678,8
174100,2025-04-02,,,§ 10,,,,678,8
174101,2025-04-02,,,§ 11,,,,678,8
174102,2025-04-02,,,§ 13,,,,678,8
174103,2025-04-02,,,§ 17,,,,678,8
174105,2025-04-02,,,§ 19,,,,678,8
174106,2025-04-02,,,§ 20,,,,678,8
174107,2025-04-02,,,§ 20,,,,678,8
174108,2025-04-02,,,§ 20,,,,678,8
174109,2025-04-02,,,§ 21,,,,678,8
174110,2025-04-02,,,§ 21,,,,678,8
174111,2025-04-02,,,§ 22,,,,678,8
174112,2025-04-02,,,§ 23,,,,678,8
174113,2025-04-02,,,§ 24,,,,678,8
174117,2025-04-02,,,After § 28,528,30,105,678,8
174119,2025-04-02,,,§ 29,,,,678,8
174120,2025-04-02,,,§ 29,,,,678,8
174124,2025-04-02,,,After § 29,,,,678,8
174126,2025-04-02,,,After § 29,,,,678,8
174127,2025-04-02,,,After § 29,,,,678,8
174128,2025-04-02,,,§ 30,,,,678,8
174129,2025-04-02,,,§ 30,,,,678,8
174131,2025-04-02,,,§ 30,,,,678,8
174132,2025-04-02,,,§ 31,,,,678,8
174133,2025-04-02,,,§ 32,,,,678,8
174134,2025-04-02,,,§ 33,,,,678,8
174135,2025-04-02,,,§ 33,,,,678,8
174137,2025-04-02,,,§ 36,,,,678,8
174139,2025-04-02,,,§ 38,,,,678,8
174140,2025-04-02,,,§ 39,,,,678,8
174142,2025-04-02,,,After § 41,,,,678,8
174144,2025-04-02,,,§ 42,106,426,133,678,8
174145,2025-04-02,,,§ 42,,,,678,8
174146,2025-04-02,,,§ 42,,,,678,8
174147,2025-04-02,,,§ 42,373,288,11,678,8
174149,2025-04-02,,,§ 43,,,,678,8
174152,2025-04-02,,,§ 46,,,,678,8
174153,2025-04-02,,,After § 46,,,,678,8
174154,2025-04-02,,,After § 46,,,,678,8
174155,2025-04-02,,,§ 49,,,,678,8
174157,2025-04-02,,,§ 50,,,,678,8
174158,2025-04-02,,,§ 50,291,373,9,678,8
174159,2025-04-02,,,After § 50,,,,678,8
174160,2025-04-02,,,After § 50,,,,678,8
174161,2025-04-02,,,§ 51,,,,678,8
174164,2025-04-02,,,§ 58,,,,678,8
174165,2025-04-02,,,§ 67,,,,678,8
174166,2025-04-02,,,§ 68,,,,678,8
174167,2025-04-02,,,§ 69,,,,678,8
174169,2025-04-02,,,§ 71,,,,678,8
174170,2025-04-02,,,§ 74,,,,678,8
174173,2025-04-02,,,§ 75,,,,678,8
174183,2025-04-02,,,"§ 88, indent 3",,,,678,8
174184,2025-04-02,,,"§ 88, indent 4",,,,678,8
174185,2025-04-02,,,"§ 88, indent 7",327,312,33,678,8
174187,2025-04-02,,,Citation 1,,,,678,8
174188,2025-04-02,,,Citation 6,,,,678,8
174189,2025-04-02,,,Citation 7,,,,678,8
174190,2025-04-02,,,After citation 13,,,,678,8
174191,2025-04-02,,,After citation 38,,,,678,8
174192,2025-04-02,,,Recital B,,,,678,8
174193,2025-04-02,,,Recital C,,,,678,8
174194,2025-04-02,,,Recital D,,,,678,8
174195,2025-04-02,,,Recital E,,,,678,8
174196,2025-04-02,,,Recital F,,,,678,8
174197,2025-04-02,,,Recital G,,,,678,8
174198,2025-04-02,,,Recital G,,,,678,8
174200,2025-04-02,,,After recital L,,,,678,8
174201,2025-04-02,,,After recital L,,,,678,8
174203,2025-04-02,,,Recital M,,,,678,8
174204,2025-04-02,,,Recital M,,,,678,8
174207,2025-04-02,,,Recital R,,,,678,8
174208,2025-04-02,,,After recital R,,,,678,8
174209,2025-04-02,,,Recital S,,,,678,8
174211,2025-04-02,,,Recital W,,,,678,8
174212,2025-04-02,,,Recital Y,,,,678,8
174213,2025-04-02,,,Recital Z,,,,678,8
174214,2025-04-02,,,Recital Z,,,,678,8
174215,2025-04-02,,,Recital AB,,,,678,8
174216,2025-04-02,,,Recital AD,428,161,71,678,8
174217,2025-04-02,,,Recital AH,,,,678,8
174218,2025-04-02,,,Recital AI,,,,678,8
174219,2025-04-02,,,Recital AJ,,,,678,8
174220,2025-04-02 13:01:14,A10-0010/2025,,David McAllister - Proposition de résolution (ensemble du texte),378,188,105,7,8
174225,2025-04-03,B10-0209/2025,,After § 1,,,,629,8
174227,2025-04-03,B10-0209/2025,,§ 2,160,429,23,629,8
174228,2025-04-03,B10-0209/2025,,§ 3,,,,629,8
174230,2025-04-03,B10-0209/2025,,After § 5,,,,629,8
174231,2025-04-03,B10-0209/2025,,§ 6,,,,629,8
174236,2025-04-03,B10-0209/2025,,§ 7,279,300,10,629,8
174238,2025-04-03,B10-0209/2025,,§ 7,,,,629,8
174239,2025-04-03,B10-0209/2025,,§ 12,,,,629,8
174240,2025-04-03,B10-0209/2025,,§ 12,,,,629,8
174241,2025-04-03,B10-0209/2025,,§ 14,,,,629,8
174246,2025-04-03,B10-0209/2025,,Recital F,,,,629,8
174247,2025-04-03,,,Motion for a resolution (as a whole),,,,629,8
174256,2025-04-01,,,"Article 2, § 2",,,,679,7
174257,2025-04-01,,,"Article 2, § 2",,,,679,7
174267,2025-04-01,,,Recital 6,395,263,20,679,7
174273,2025-04-01 12:25:50,A10-0037/2025,,Céline Imart - Proposition de la Commission et amendements,452,182,40,5,7
174285,2025-03-31 17:14:51,Ordre du jour de mardi,,Demande du groupe Verts/ALE,82,357,11,184,8
174286,2025-03-31 17:15:34,Ordre du jour de mardi,,Demande du groupe PfE,118,326,7,183,8
174287,2025-03-31 17:18:40,Ordre du jour de mercredi,,Demande du groupe The Left,110,335,6,183,8
174288,2025-04-01 12:07:25,C10-0038/2025,,Demande de décision d'urgence,427,221,14,17,7
174289,2025-04-02,,,Amendments by the committee responsible – put to the vote collectively,468,174,38,678,8
174290,2025-04-02 12:31:18,A10-0041/2025,,Malik Azmani - Amendements de la commission compétente - votes séparés - Am 8,432,202,25,19,8
174291,2025-04-02 12:31:30,A10-0041/2025,,"Malik Azmani - Article 3, § 2, alinéa 2 - Am 26",205,460,10,3,8
174292,2025-04-02 12:31:44,A10-0041/2025,,"Malik Azmani - Article 6, § 1, après le point e - Am 27",205,463,8,2,8
174293,2025-04-02 12:31:53,A10-0041/2025,,Malik Azmani - Après le considérant 2 - Am 28,125,536,10,7,8
174294,2025-04-02 12:32:03,A10-0041/2025,,Malik Azmani - Après le considérant 4 - Am 29,184,479,8,7,8
174295,2025-04-02 12:32:18,A10-0041/2025,,Malik Azmani - Considérant 23 - Am 24,208,465,5,0,8
174296,2025-04-02 12:29:51,A10-0040/2025,,Eric Sargiacomo - Après le § 10 - Am 2,192,446,40,0,8
174297,2025-04-01,,,Amendments by the committee responsible – put to the vote collectively,,,,679,7
174299,2025-04-01,,,Amendments by the committee responsible – separate votes,,,,679,7
174300,2025-04-01,,,Amendments by the committee responsible – separate votes,,,,679,7
174301,2025-04-01 12:18:30,A10-0037/2025,,Céline Imart - Amendements de la commission compétente - votes séparés - Am 5/3,434,234,3,8,7
174302,2025-04-01,,,Amendments by the committee responsible – separate votes,,,,679,7
174304,2025-04-01,,,Amendments by the committee responsible – separate votes,,,,679,7
174305,2025-04-01 12:19:01,A10-0037/2025,,Céline Imart - Amendements de la commission compétente - votes séparés - Am 7/2,443,226,0,10,7
174306,2025-04-01,,,Amendments by the committee responsible – separate votes,,,,679,7
174307,2025-04-01 12:19:17,A10-0037/2025,,Céline Imart - Amendements de la commission compétente - votes séparés - Am 7/4,423,232,19,5,7
174309,2025-04-01,,,Amendments by the committee responsible – separate votes,,,,679,7
174310,2025-04-01 12:19:37,A10-0037/2025,,Céline Imart - Amendements de la commission compétente - votes séparés - Am 8/2,435,236,3,5,7
174312,2025-04-01,,,Amendments by the committee responsible – separate votes,,,,679,7
174313,2025-04-01 12:19:57,A10-0037/2025,,Céline Imart - Amendements de la commission compétente - votes séparés - Am 17/2,439,232,3,5,7
174314,2025-04-01 12:20:09,A10-0037/2025,,"Céline Imart - Article 1, § 1 - Am 34",247,288,133,11,7
174315,2025-04-01 12:20:24,A10-0037/2025,,"Céline Imart - Article 1, § 3, alinéa 2 - Am 43",305,332,33,9,7
174316,2025-04-01 12:20:37,A10-0037/2025,,"Céline Imart - Article 1, § 3, alinéa 2 - Am 30",235,387,51,6,7
174317,2025-04-01 12:20:50,A10-0037/2025,,"Céline Imart - Article 1, § 3, après l'alinéa 2 - Am 44",359,275,40,5,7
174318,2025-04-01 12:21:03,A10-0037/2025,,"Céline Imart - Article 2, § 1 - Am 45",313,331,28,7,7
174320,2025-04-01 12:21:18,A10-0037/2025,,"Céline Imart - Article 2, § 1 - Am 19/1",646,7,21,5,7
174321,2025-04-01 12:21:28,A10-0037/2025,,"Céline Imart - Article 2, § 1 - Am 19/2",448,203,19,9,7
174322,2025-04-01 12:21:39,A10-0037/2025,,"Céline Imart - Article 2, § 1 - Am 19/3",575,60,24,20,7
174323,2025-04-01 12:21:51,A10-0037/2025,,"Céline Imart - Article 2, § 2 - Am 46",301,338,37,3,7
174324,2025-04-01 12:22:19,A10-0037/2025,,"Céline Imart - Article 3, § 1 - Am 47",294,328,52,5,7
174325,2025-04-01 12:22:30,A10-0037/2025,,"Céline Imart - Article 3, § 2 - Am 48",301,326,45,7,7
174326,2025-04-01 12:22:43,A10-0037/2025,,"Céline Imart - Article 3, § 2 - Am 32",227,390,57,5,7
174327,2025-04-01 12:22:54,A10-0037/2025,,"Céline Imart - Article 3, après le § 2 - Am 35",134,416,120,9,7
174328,2025-04-01 12:23:06,A10-0037/2025,,"Céline Imart - Article 4, § 3, alinéa 1, point a - Am 36",228,413,30,8,7
174329,2025-04-01 12:23:18,A10-0037/2025,,"Céline Imart - Article 4, § 3, alinéa 1, point b - Am 37",217,409,40,13,7
174330,2025-04-01 12:23:29,A10-0037/2025,,"Céline Imart - Article 4, § 3, alinéa 1, point c - Am 49",321,309,42,7,7
174331,2025-04-01 12:23:50,A10-0037/2025,,Céline Imart - Considérant 3 - Am 39,327,247,102,3,7
174332,2025-04-01 12:24:03,A10-0037/2025,,Céline Imart - Considérant 5 - Am 40,312,262,100,5,7
174333,2025-04-01 12:24:16,A10-0037/2025,,Céline Imart - Considérant 6 - Am 38,220,409,45,5,7
174334,2025-04-01 12:24:57,A10-0037/2025,,Céline Imart - Après le considérant 6 - Am 29,254,377,28,20,7
174335,2025-04-01 12:25:08,A10-0037/2025,,Céline Imart - Considérant 22 - Am 41,302,335,30,12,7
174336,2025-04-01 12:25:20,A10-0037/2025,,Céline Imart - Considérant 28 - Am 42,327,311,37,4,7
174337,2025-04-01 12:25:33,A10-0037/2025,,Céline Imart - Après le considérant 28 - Am 33,232,389,49,9,7
174338,2025-04-01,,,Request for referral back (Rule 60(4)),,,,679,7
174339,2025-04-02 12:33:05,A10-0010/2025,,David McAllister - § 1 - Am 14,197,463,10,8,8
174340,2025-04-02,,,"§ 3, indent 5",,,,678,8
174341,2025-04-02,,,"§ 3, indent 6",,,,678,8
174342,2025-04-02 12:34:01,A10-0010/2025,,"David McAllister - § 4, après le tiret 6 - Am 27",548,60,64,6,8
174343,2025-04-02 12:34:14,A10-0010/2025,,"David McAllister - § 4, tiret 7 - Am 145",192,448,11,27,8
174345,2025-04-02,,,"§ 4, indent 7",,,,678,8
174346,2025-04-02 12:34:29,A10-0010/2025,,"David McAllister - § 4, tiret 7/2",282,340,46,10,8
174347,2025-04-02 12:34:45,A10-0010/2025,,"David McAllister - § 4, tiret 8",664,5,8,1,8
174349,2025-04-02,,,"§ 4, after indent 8",,,,678,8
174350,2025-04-02,,,"§ 4, after indent 8",,,,678,8
174351,2025-04-02 12:35:05,A10-0010/2025,,"David McAllister - § 4, après le tiret 8 - Am 147",172,445,22,39,8
174353,2025-04-02,,,"§ 4, indent 16",,,,678,8
174354,2025-04-02,,,"§ 4, indent 16",448,223,1,678,8
174355,2025-04-02 12:35:53,A10-0010/2025,,"David McAllister - § 4, tiret 20 - Am 149",187,469,14,8,8
174356,2025-04-02 12:36:04,A10-0010/2025,,"David McAllister - § 4, tiret 20",528,61,85,4,8
174357,2025-04-02,,,"§ 4, indent 21",372,247,45,678,8
174359,2025-04-02,,,"§ 4, indent 26",,,,678,8
174360,2025-04-02,,,"§ 4, indent 26",,,,678,8
174361,2025-04-02,,,"§ 5, indent 15",,,,678,8
174363,2025-04-02 12:38:11,A10-0010/2025,,David McAllister - § 8 - Am 30/1,246,379,52,1,8
174364,2025-04-02 12:38:24,A10-0010/2025,,David McAllister - § 8 - Am 30/2,130,463,77,8,8
174366,2025-04-02,,,§ 9,,,,678,8
174367,2025-04-02,,,§ 9,,,,678,8
174368,2025-04-02,,,§ 9,,,,678,8
174369,2025-04-02 12:38:47,A10-0010/2025,,David McAllister - Après le § 9 - Am 31,121,500,52,5,8
174370,2025-04-02 12:38:57,A10-0010/2025,,David McAllister - Après le § 9 - Am 32,70,565,38,5,8
174371,2025-04-02 12:39:13,A10-0010/2025,,David McAllister - Après le § 9 - Am 34,106,518,42,12,8
174372,2025-04-02 12:39:26,A10-0010/2025,,David McAllister - Après le § 9 - Am 35,102,486,40,50,8
174373,2025-04-02 12:40:46,A10-0010/2025,,David McAllister - § 28 - Am 18,237,339,97,5,8
174374,2025-04-02 12:40:57,A10-0010/2025,,David McAllister - § 28 - Am 154,185,445,20,28,8
174376,2025-04-02,,,§ 28,,,,678,8
174378,2025-04-02 12:41:28,A10-0010/2025,,David McAllister - § 28/3,308,332,35,3,8
174379,2025-04-02 12:41:40,A10-0010/2025,,David McAllister - § 28/4,290,339,33,16,8
174381,2025-04-02 12:41:58,A10-0010/2025,,David McAllister - Après le § 28 - Am 36,114,532,28,4,8
174383,2025-04-02 12:42:26,A10-0010/2025,,David McAllister - Après le § 28 - Am 106/1,406,227,39,6,8
174384,2025-04-02 12:42:39,A10-0010/2025,,David McAllister - Après le § 28 - Am 106/2,537,77,57,7,8
174386,2025-04-02,,,§ 29,,,,678,8
174387,2025-04-02,,,§ 29,,,,678,8
174388,2025-04-02 12:43:02,A10-0010/2025,,David McAllister - Après le § 29 - Am 37,114,517,40,7,8
174389,2025-04-02 12:43:13,A10-0010/2025,,David McAllister - Après le § 29 - Am 38,196,420,49,13,8
174390,2025-04-02 12:43:24,A10-0010/2025,,David McAllister - Après le § 29 - Am 39,258,347,69,4,8
174392,2025-04-02,,,After § 29,255,360,59,678,8
174393,2025-04-02,,,After § 29,,,,678,8
174394,2025-04-02 12:44:19,A10-0010/2025,,David McAllister - § 30 - Am 19,284,355,34,5,8
174396,2025-04-02 12:44:36,A10-0010/2025,,David McAllister - § 30/1,603,31,45,0,8
174397,2025-04-02 12:44:46,A10-0010/2025,,David McAllister - § 30/2,357,95,209,17,8
174398,2025-04-02 12:44:56,A10-0010/2025,,David McAllister - § 30/3,571,43,57,7,8
174399,2025-04-02 12:45:07,A10-0010/2025,,David McAllister - § 30/4,614,42,15,7,8
174400,2025-04-02 12:45:18,A10-0010/2025,,David McAllister - § 30/5,509,39,119,11,8
174401,2025-04-02 12:45:30,A10-0010/2025,,David McAllister - § 30/6,620,40,3,15,8
174403,2025-04-02,,,§ 34,,,,678,8
174404,2025-04-02,,,§ 34,,,,678,8
174406,2025-04-02 12:46:10,A10-0010/2025,,David McAllister - Après le § 35 - Am 45/1,451,140,74,13,8
174407,2025-04-02 12:46:21,A10-0010/2025,,David McAllister - Après le § 35 - Am 45/2,439,181,43,15,8
174408,2025-04-02,,,§ 37,316,229,124,678,8
174409,2025-04-02 12:46:55,A10-0010/2025,,David McAllister - Après le § 37 - Am 46,291,335,42,10,8
174411,2025-04-02,,,§ 40,,,,678,8
174412,2025-04-02,,,§ 40,,,,678,8
174413,2025-04-02 12:47:26,A10-0010/2025,,David McAllister - § 41 - Am 159,134,450,72,22,8
174414,2025-04-02 12:47:40,A10-0010/2025,,David McAllister - Après le § 41 - Am 48,239,409,23,7,8
174415,2025-04-02 12:48:33,A10-0010/2025,,David McAllister - § 43 - Am 15,228,429,11,10,8
174416,2025-04-02,,,§ 43,,,,678,8
174417,2025-04-02 12:48:55,A10-0010/2025,,David McAllister - § 44 - Am 49,205,403,71,0,8
174419,2025-04-02,,,§ 44,,,,678,8
174420,2025-04-02 12:49:12,A10-0010/2025,,David McAllister - § 44/2,381,275,19,3,8
174421,2025-04-02 12:49:23,A10-0010/2025,,David McAllister - § 45 - Am 16,239,418,16,5,8
174423,2025-04-02 12:49:36,A10-0010/2025,,David McAllister - § 45/1,345,305,26,2,8
174424,2025-04-02 12:49:48,A10-0010/2025,,David McAllister - § 45/2,547,81,39,11,8
174425,2025-04-02 12:49:58,A10-0010/2025,,David McAllister - § 45/3,339,299,32,8,8
174426,2025-04-02 12:50:10,A10-0010/2025,,David McAllister - § 45/4,369,267,41,1,8
174427,2025-04-02 12:50:24,A10-0010/2025,,David McAllister - § 45/5,362,283,30,3,8
174429,2025-04-02,,,§ 48,,,,678,8
174430,2025-04-02 12:50:53,A10-0010/2025,,David McAllister - § 48/2,415,251,11,1,8
174431,2025-04-02 12:51:08,A10-0010/2025,,David McAllister - § 50 - Am 50,92,536,44,6,8
174433,2025-04-02,,,§ 50,,,,678,8
174434,2025-04-02,,,§ 50,,,,678,8
174436,2025-04-02,,,§ 51,,,,678,8
174437,2025-04-02,,,§ 51,,,,678,8
174438,2025-04-02 12:52:02,A10-0010/2025,,David McAllister - Après le § 51 - Am 17,196,445,30,7,8
174439,2025-04-02 12:52:16,A10-0010/2025,,David McAllister - Après le § 51 - Am 51,206,396,71,5,8
174441,2025-04-02,,,§ 70,,,,678,8
174442,2025-04-02 12:52:48,A10-0010/2025,,David McAllister - § 70/2,410,238,29,1,8
174443,2025-04-02 12:53:01,A10-0010/2025,,David McAllister - Après le § 70 - Am 52,133,450,77,18,8
174444,2025-04-02 12:53:24,A10-0010/2025,,David McAllister - § 74 - Am 164,194,472,11,1,8
174445,2025-04-02,,,§ 75,,,,678,8
174446,2025-04-02 12:53:45,A10-0010/2025,,David McAllister - § 76 - Am 53,266,324,88,0,8
174447,2025-04-02 12:54:00,A10-0010/2025,,David McAllister - § 76 - Am 64,230,320,125,3,8
174448,2025-04-02 12:54:14,A10-0010/2025,,David McAllister - § 76 - Am 1,265,254,146,13,8
174449,2025-04-02,,,§ 76,,,,678,8
174450,2025-04-02,,,§ 76,,,,678,8
174451,2025-04-02 12:54:31,A10-0010/2025,,David McAllister - Après le § 76 - Am 54,127,480,60,11,8
174452,2025-04-02 12:54:44,A10-0010/2025,,David McAllister - Après le § 76 - Am 55,273,344,52,9,8
174453,2025-04-02,,,After § 77,,,,678,8
174454,2025-04-02 12:55:04,A10-0010/2025,,David McAllister - § 81 - Am 65,349,288,29,12,8
174455,2025-04-02 12:55:18,A10-0010/2025,,David McAllister - Après le § 87 - Am 7,566,36,67,9,8
174457,2025-04-02,,,"§ 88, indent 7",,,,678,8
174458,2025-04-02,,,"§ 88, indent 7",,,,678,8
174459,2025-04-02,,,§ 96,,,,678,8
174460,2025-04-02 12:56:06,A10-0010/2025,,"David McAllister - § 97, tiret 3 - Am 9",242,404,22,10,8
174461,2025-04-02,,,"§ 97, indent 4",,,,678,8
174462,2025-04-02,,,Citation 37,301,298,67,678,8
174463,2025-04-02,,,Citation 38,282,335,50,678,8
174465,2025-04-02,,,Recital F,,,,678,8
174466,2025-04-02,,,Recital F,430,218,22,678,8
174467,2025-04-02,,,Recital Η,,,,678,8
174468,2025-04-02 12:58:21,A10-0010/2025,,David McAllister - Après le considérant L - Am 21,243,353,76,6,8
174469,2025-04-02 12:58:42,A10-0010/2025,,David McAllister - Après le considérant L - Am 24,237,340,95,6,8
174470,2025-04-02 12:59:02,A10-0010/2025,,David McAllister - Considérant Q - Am 12,141,464,70,3,8
174471,2025-04-02 12:59:13,A10-0010/2025,,David McAllister - Après le considérant Q - Am 13,92,554,23,9,8
174472,2025-04-02 12:59:37,A10-0010/2025,,David McAllister - Considérant U - Am 26,75,533,58,12,8
174473,2025-04-02 13:00:07,A10-0010/2025,,David McAllister - Considérant Z,403,237,35,3,8
174474,2025-04-02,,,Recital AB,,,,678,8
174476,2025-04-02,,,Recital AJ,,,,678,8
174477,2025-04-02,,,Recital AJ,,,,678,8
174478,2025-04-02 13:22:41,A10-0012/2025,,Isabel Wiseler-Lima - Après le § 1 - Am 7,183,466,12,17,8
174479,2025-04-02 13:23:00,A10-0012/2025,,Isabel Wiseler-Lima - § 3 - Am 51,194,460,13,11,8
174480,2025-04-02 13:25:11,A10-0012/2025,,Isabel Wiseler-Lima - Après le § 4 - Am 33,109,494,45,30,8
174481,2025-04-02 13:25:25,A10-0012/2025,,Isabel Wiseler-Lima - Après le § 4 - Am 34,128,418,93,39,8
174483,2025-04-02,,,After § 5,,,,678,8
174484,2025-04-02,,,After § 5,,,,678,8
174485,2025-04-02 13:25:48,A10-0012/2025,,Isabel Wiseler-Lima - Après le § 5 - Am 52,192,458,12,16,8
174486,2025-04-02 13:26:09,A10-0012/2025,,Isabel Wiseler-Lima - Après le § 8 - Am 73,240,394,28,16,8
174487,2025-04-02 13:26:22,A10-0012/2025,,Isabel Wiseler-Lima - Après le § 10 - Am 74,250,377,32,19,8
174488,2025-04-02 13:26:33,A10-0012/2025,,Isabel Wiseler-Lima - Après le § 12 - Am 36,104,528,24,22,8
174490,2025-04-02,,,§ 14,,,,678,8
174491,2025-04-02 13:26:52,A10-0012/2025,,Isabel Wiseler-Lima - § 14/2,410,241,10,17,8
174492,2025-04-02 13:27:02,A10-0012/2025,,Isabel Wiseler-Lima - § 14/3,357,271,27,23,8
174493,2025-04-02,,,§ 14,,,,678,8
174495,2025-04-02,,,§ 15,,,,678,8
174496,2025-04-02,,,§ 15,,,,678,8
174498,2025-04-02 13:27:55,A10-0012/2025,,Isabel Wiseler-Lima - § 19 - Am 76/1,566,51,45,16,8
174499,2025-04-02 13:28:07,A10-0012/2025,,Isabel Wiseler-Lima - § 19 - Am 76/2,190,422,46,20,8
174501,2025-04-02,,,§ 20,,,,678,8
174502,2025-04-02,,,§ 20,297,352,11,678,8
174503,2025-04-02 13:28:44,A10-0012/2025,,Isabel Wiseler-Lima - § 23 - Am 54,180,468,14,16,8
174505,2025-04-02,,,§ 23,,,,678,8
174506,2025-04-02 13:29:04,A10-0012/2025,,Isabel Wiseler-Lima - § 23/2,430,186,46,16,8
174507,2025-04-02 13:29:18,A10-0012/2025,,Isabel Wiseler-Lima - Après le § 23 - Am 11,158,483,24,13,8
174508,2025-04-02 13:29:30,A10-0012/2025,,Isabel Wiseler-Lima - § 24 - Am 79,199,403,61,15,8
174509,2025-04-02 13:30:00,A10-0012/2025,,Isabel Wiseler-Lima - § 27 - Am 80,137,395,127,19,8
174510,2025-04-02 13:30:18,A10-0012/2025,,Isabel Wiseler-Lima - Après le § 29 - Am 12,106,461,98,13,8
174512,2025-04-02,,,After § 29,355,194,110,678,8
174513,2025-04-02,,,After § 29,,,,678,8
174514,2025-04-02 13:30:53,A10-0012/2025,,Isabel Wiseler-Lima - Après le § 29 - Am 41,108,491,58,21,8
174515,2025-04-02 13:31:10,A10-0012/2025,,Isabel Wiseler-Lima - Après le § 29 - Am 43,58,509,94,17,8
174516,2025-04-02 13:31:24,A10-0012/2025,,Isabel Wiseler-Lima - Après le § 30 - Am 44,93,489,72,24,8
174518,2025-04-02,,,§ 31,,,,678,8
174519,2025-04-02,,,§ 31,,,,678,8
174520,2025-04-02,,,§ 31,,,,678,8
174521,2025-04-02,,,§ 31,,,,678,8
174522,2025-04-02 13:32:06,A10-0012/2025,,Isabel Wiseler-Lima - § 32 - Am 13,172,440,41,25,8
174523,2025-04-02 13:32:59,A10-0012/2025,,Isabel Wiseler-Lima - Après le § 40 - Am 14,181,474,5,18,8
174524,2025-04-02 13:33:27,A10-0012/2025,,Isabel Wiseler-Lima - § 41 - Am 55,190,453,21,14,8
174526,2025-04-02,,,§ 43,,,,678,8
174527,2025-04-02,,,§ 43,,,,678,8
174528,2025-04-02,,,§ 43,,,,678,8
174529,2025-04-02 13:34:22,A10-0012/2025,,Isabel Wiseler-Lima - Après le § 43 - Am 46,366,222,64,26,8
174530,2025-04-02 13:34:37,A10-0012/2025,,Isabel Wiseler-Lima - Après le § 43 - Am 57,182,458,16,22,8
174531,2025-04-02 13:34:52,A10-0012/2025,,Isabel Wiseler-Lima - Après le § 43 - Am 90,218,246,150,64,8
174532,2025-04-02 13:35:08,A10-0012/2025,,Isabel Wiseler-Lima - Après le § 44 - Am 58,189,385,61,43,8
174533,2025-04-02 13:35:22,A10-0012/2025,,Isabel Wiseler-Lima - § 45 - Am 91,220,431,10,17,8
174535,2025-04-02,,,§ 45,,,,678,8
174536,2025-04-02 13:35:39,A10-0012/2025,,Isabel Wiseler-Lima - § 45/2,468,102,88,20,8
174537,2025-04-02 13:35:51,A10-0012/2025,,Isabel Wiseler-Lima - Après le § 45 - Am 16,185,456,19,18,8
174538,2025-04-02 13:36:03,A10-0012/2025,,Isabel Wiseler-Lima - Après le § 45 - Am 59,200,431,29,18,8
174539,2025-04-02 13:36:16,A10-0012/2025,,Isabel Wiseler-Lima - Après le § 45 - Am 60,198,445,15,20,8
174540,2025-04-02 13:36:27,A10-0012/2025,,Isabel Wiseler-Lima - Après le § 45 - Am 61,211,411,28,28,8
174541,2025-04-02,,,§ 46,,,,678,8
174542,2025-04-02 13:36:50,A10-0012/2025,,Isabel Wiseler-Lima - § 50 - Am 17,106,479,80,13,8
174543,2025-04-02 13:37:02,A10-0012/2025,,Isabel Wiseler-Lima - Après le § 52 - Am 18,200,434,26,18,8
174544,2025-04-02 13:37:15,A10-0012/2025,,Isabel Wiseler-Lima - Après le § 52 - Am 62,231,404,17,26,8
174545,2025-04-02 13:37:34,A10-0012/2025,,Isabel Wiseler-Lima - Après le § 52 - Am 64,209,287,16,166,8
174546,2025-04-02 13:37:48,A10-0012/2025,,Isabel Wiseler-Lima - § 54 - Am 19,193,462,7,16,8
174547,2025-04-02 13:38:02,A10-0012/2025,,Isabel Wiseler-Lima - § 55 - Am 20,186,458,12,22,8
174548,2025-04-02,,,§ 56,,,,678,8
174549,2025-04-02 13:38:17,A10-0012/2025,,Isabel Wiseler-Lima - Après le § 56 - Am 92,153,467,36,22,8
174550,2025-04-02 13:38:33,A10-0012/2025,,Isabel Wiseler-Lima - Après le § 58 - Am 65,201,457,5,15,8
174552,2025-04-02,,,§ 60,,,,678,8
174553,2025-04-02,,,§ 60,,,,678,8
174554,2025-04-02 13:38:53,A10-0012/2025,,Isabel Wiseler-Lima - § 61 - Am 21,156,502,5,15,8
174555,2025-04-02 13:39:31,A10-0012/2025,,Isabel Wiseler-Lima - Après le considérant J - Am 67,252,305,87,34,8
174557,2025-04-02,,,Recital M,,,,678,8
174558,2025-04-02,,,Recital M,410,186,60,678,8
174559,2025-04-02 13:40:21,A10-0012/2025,,Isabel Wiseler-Lima - Après le considérant R - Am 5,174,438,37,29,8
174561,2025-04-02 13:40:34,A10-0012/2025,,Isabel Wiseler-Lima - Après le considérant R - Am 70/1,551,55,45,27,8
174562,2025-04-02 13:40:45,A10-0012/2025,,Isabel Wiseler-Lima - Après le considérant R - Am 70/2,137,440,61,40,8
174563,2025-04-02 12:08:21,A10-0042/2025,,Andrzej Halicki - Avant le § 1 - Am 3,84,467,69,58,8
174564,2025-04-02 12:08:36,A10-0042/2025,,Andrzej Halicki - Avant le § 1 - Am 4,63,507,70,38,8
174565,2025-04-02 12:08:49,A10-0042/2025,,Andrzej Halicki - Avant le § 1 - Am 6,68,475,110,25,8
174566,2025-04-02 12:09:05,A10-0042/2025,,Andrzej Halicki - Après le § 1 - Am 34,181,442,21,34,8
174567,2025-04-02 12:09:16,A10-0042/2025,,Andrzej Halicki - Après le § 2 - Am 49,188,443,20,27,8
174568,2025-04-02 12:09:27,A10-0042/2025,,Andrzej Halicki - Après le § 3 - Am 35,218,425,2,33,8
174569,2025-04-02 12:09:38,A10-0042/2025,,Andrzej Halicki - Après le § 3 - Am 50,210,434,5,29,8
174571,2025-04-02,,,§ 4,,,,678,8
174572,2025-04-02,,,§ 4,,,,678,8
174573,2025-04-02 12:09:57,A10-0042/2025,,Andrzej Halicki - Après le § 4 - Am 7,116,520,28,14,8
174574,2025-04-02 12:10:09,A10-0042/2025,,Andrzej Halicki - Après le § 4 - Am 36,192,456,19,11,8
174575,2025-04-02 12:10:21,A10-0042/2025,,Andrzej Halicki - Après le § 4 - Am 51,193,464,7,14,8
174576,2025-04-02 12:10:33,A10-0042/2025,,Andrzej Halicki - Après le § 6 - Am 8,100,505,71,2,8
174577,2025-04-02 12:10:44,A10-0042/2025,,Andrzej Halicki - Après le § 6 - Am 9,66,568,40,4,8
174578,2025-04-02 12:10:54,A10-0042/2025,,Andrzej Halicki - Après le § 6 - Am 10,93,517,67,1,8
174579,2025-04-02 12:11:04,A10-0042/2025,,Andrzej Halicki - Après le § 7 - Am 11,77,586,8,7,8
174580,2025-04-02 12:11:18,A10-0042/2025,,Andrzej Halicki - Après le § 10 - Am 14,158,475,37,8,8
174581,2025-04-02 12:11:29,A10-0042/2025,,Andrzej Halicki - § 11 - Am 37,151,468,47,12,8
174582,2025-04-02 12:11:41,A10-0042/2025,,Andrzej Halicki - § 11 - Am 29,342,310,22,4,8
174583,2025-04-02 12:11:54,A10-0042/2025,,Andrzej Halicki - Après le § 11 - Am 15,172,428,76,2,8
174584,2025-04-02 12:12:05,A10-0042/2025,,Andrzej Halicki - Après le § 11 - Am 38,172,465,37,4,8
174585,2025-04-02 12:12:16,A10-0042/2025,,Andrzej Halicki - Après le § 11 - Am 52,212,448,11,7,8
174586,2025-04-02 12:12:26,A10-0042/2025,,Andrzej Halicki - Après le § 11 - Am 53,210,453,12,3,8
174587,2025-04-02 12:12:37,A10-0042/2025,,Andrzej Halicki - Après le § 11 - Am 54,178,473,19,8,8
174588,2025-04-02 12:12:47,A10-0042/2025,,Andrzej Halicki - Après le § 11 - Am 55,213,450,8,7,8
174589,2025-04-02 12:12:58,A10-0042/2025,,Andrzej Halicki - Après le § 11 - Am 56,321,318,11,28,8
174590,2025-04-02 12:13:12,A10-0042/2025,,Andrzej Halicki - § 12 - Am 24,221,420,25,12,8
174591,2025-04-02 12:13:24,A10-0042/2025,,Andrzej Halicki - § 12 - Am 30,328,297,55,0,8
174592,2025-04-02,,,§ 12,,,,678,8
174593,2025-04-02 12:15:04,A10-0042/2025,,Andrzej Halicki - Après le § 12 - Am 25,231,411,26,10,8
174598,2025-04-02 12:15:20,A10-0042/2025,,Andrzej Halicki - Après le § 12 - Am 57,206,453,12,7,8
174599,2025-04-02 12:15:31,A10-0042/2025,,Andrzej Halicki - Après le § 12 - Am 58,195,466,9,8,8
174600,2025-04-02 12:15:42,A10-0042/2025,,Andrzej Halicki - Après le § 13 - Am 39,206,457,12,3,8
174601,2025-04-02 12:15:57,A10-0042/2025,,Andrzej Halicki - § 14 - Am 13,139,443,96,0,8
174602,2025-04-02 12:16:07,A10-0042/2025,,Andrzej Halicki - Après le § 14 - Am 16,155,437,86,0,8
174603,2025-04-02 12:16:18,A10-0042/2025,,Andrzej Halicki - Après le § 14 - Am 17,318,246,114,0,8
174604,2025-04-02 12:16:30,A10-0042/2025,,Andrzej Halicki - Après le § 15 - Am 40,225,439,5,9,8
174605,2025-04-02 12:16:46,A10-0042/2025,,Andrzej Halicki - Après le § 15 - Am 61,131,513,28,6,8
174606,2025-04-02 12:17:22,A10-0042/2025,,Andrzej Halicki - Après le § 17 - Am 81,129,499,18,32,8
174607,2025-04-02 12:17:33,A10-0042/2025,,Andrzej Halicki - § 18 - Am 79,308,309,55,6,8
174609,2025-04-02,,,§ 18,563,86,22,678,8
174610,2025-04-02,,,§ 18,,,,678,8
174611,2025-04-02,,,§ 18,,,,678,8
174612,2025-04-02 12:18:13,A10-0042/2025,,Andrzej Halicki - Après le § 18 - Am 41,189,471,14,4,8
174613,2025-04-02 12:18:23,A10-0042/2025,,Andrzej Halicki - Après le § 19 - Am 33,372,279,29,0,8
174614,2025-04-02 12:18:35,A10-0042/2025,,Andrzej Halicki - Après le § 19 - Am 62,191,463,5,19,8
174615,2025-04-02 12:18:46,A10-0042/2025,,Andrzej Halicki - Après le § 20 - Am 18,106,523,53,0,8
174616,2025-04-02 12:19:01,A10-0042/2025,,Andrzej Halicki - Après le § 21 - Am 19,75,519,86,0,8
174617,2025-04-02 12:19:12,A10-0042/2025,,Andrzej Halicki - Après le § 21 - Am 42,160,481,42,0,8
174618,2025-04-02 12:19:24,A10-0042/2025,,Andrzej Halicki - Après le § 21 - Am 63,127,497,54,0,8
174619,2025-04-02 12:19:34,A10-0042/2025,,Andrzej Halicki - Après le § 21 - Am 80,252,381,41,4,8
174620,2025-04-02 12:19:45,A10-0042/2025,,Andrzej Halicki - § 22 - Am 64,337,311,11,19,8
174621,2025-04-02 12:19:56,A10-0042/2025,,Andrzej Halicki - Après le § 22 - Am 65,326,315,15,22,8
174622,2025-04-02 12:20:08,A10-0042/2025,,Andrzej Halicki - Après le § 22 - Am 82,145,529,10,0,8
174623,2025-04-02 12:20:18,A10-0042/2025,,Andrzej Halicki - Après le § 22 - Am 83,125,524,31,0,8
174624,2025-04-02 12:20:37,A10-0042/2025,,Andrzej Halicki - Après le § 22 - Am 86,118,549,14,0,8
174625,2025-04-02 12:20:56,A10-0042/2025,,Andrzej Halicki - Après le § 24 - Am 20,184,412,81,1,8
174626,2025-04-02 12:21:08,A10-0042/2025,,Andrzej Halicki - Après le § 24 - Am 66,182,466,25,5,8
174627,2025-04-02 12:21:21,A10-0042/2025,,Andrzej Halicki - Après le § 25 - Am 22,309,304,65,0,8
174628,2025-04-02 12:21:38,A10-0042/2025,,Andrzej Halicki - Après le § 25 - Am 90,143,478,60,0,8
174629,2025-04-02 12:21:49,A10-0042/2025,,Andrzej Halicki - Après le § 25 - Am 91,137,478,62,1,8
174630,2025-04-02 12:22:01,A10-0042/2025,,Andrzej Halicki - Après le § 25 - Am 92,118,522,32,6,8
174631,2025-04-02 12:22:16,A10-0042/2025,,Andrzej Halicki - Après le § 26 - Am 67,191,472,10,5,8
174632,2025-04-02 12:22:28,A10-0042/2025,,Andrzej Halicki - Après le § 26 - Am 68,186,484,4,4,8
174633,2025-04-02 12:22:41,A10-0042/2025,,Andrzej Halicki - Après le § 26 - Am 69,193,472,8,5,8
174634,2025-04-02 12:22:51,A10-0042/2025,,Andrzej Halicki - Après le § 26 - Am 70,195,468,13,2,8
174635,2025-04-02 12:23:21,A10-0042/2025,,Andrzej Halicki - § 27 - Am 43,96,484,105,0,8
174636,2025-04-02 12:23:32,A10-0042/2025,,Andrzej Halicki - § 28 - Am 44,97,525,57,0,8
174637,2025-04-02 12:23:44,A10-0042/2025,,Andrzej Halicki - Après le § 28 - Am 71,132,474,59,13,8
174638,2025-04-02 12:23:55,A10-0042/2025,,Andrzej Halicki - Après le § 28 - Am 72,130,505,41,2,8
174640,2025-04-02,,,§ 31,,,,678,8
174641,2025-04-02,,,§ 31,,,,678,8
174642,2025-04-02 12:24:14,A10-0042/2025,,Andrzej Halicki - § 31/3,497,135,50,0,8
174643,2025-04-02 12:24:27,A10-0042/2025,,Andrzej Halicki - Après le § 31 - Am 45,90,579,13,0,8
174644,2025-04-02 12:25:00,A10-0042/2025,,Andrzej Halicki - Après le § 32 - Am 46,179,490,12,0,8
174645,2025-04-02 12:25:31,A10-0042/2025,,Andrzej Halicki - Après le § 33 - Am 47,149,486,28,15,8
174646,2025-04-02,,,§ 34,,,,678,8
174647,2025-04-02 12:25:49,A10-0042/2025,,Andrzej Halicki - Après le § 34 - Am 73,187,469,25,0,8
174648,2025-04-02 12:26:02,A10-0042/2025,,Andrzej Halicki - Après le § 36 - Am 74,115,485,85,0,8
174649,2025-04-02 12:26:25,A10-0042/2025,,Andrzej Halicki - Après le § 41 - Am 75,216,453,12,0,8
174650,2025-04-02 12:26:36,A10-0042/2025,,Andrzej Halicki - Après le § 42 - Am 76,181,477,17,3,8
174651,2025-04-03 12:26:55,B10-0209/2025,,§ 1 - Am 18,194,407,10,18,8
174653,2025-04-03,,,§ 1,,,,629,8
174654,2025-04-03,,,§ 1,,,,629,8
174655,2025-04-03 12:29:15,B10-0209/2025,,Après le § 1 - Am 19,182,414,7,26,8
174656,2025-04-03 12:29:24,B10-0209/2025,,Après le § 1 - Am 20,209,386,11,23,8
174658,2025-04-03 12:30:06,B10-0209/2025,,§ 3 - Am 10,300,248,59,22,8
174660,2025-04-03,,,§ 3,,,,629,8
174661,2025-04-03,,,§ 3,,,,629,8
174662,2025-04-03 12:30:31,B10-0209/2025,,§ 6 - Am 23,178,421,7,23,8
174663,2025-04-03 12:30:51,B10-0209/2025,,§ 6 - Am 11,112,454,49,14,8
174665,2025-04-03 12:31:08,B10-0209/2025,,§ 6 - Am 15/1,282,309,24,14,8
174669,2025-04-03 12:31:54,B10-0209/2025,,§ 6 - Am 15/5,357,226,16,30,8
174671,2025-04-03 12:32:11,B10-0209/2025,,§ 6 - Am 15/7,372,226,12,19,8
174673,2025-04-03,,,§ 6,,,,629,8
174674,2025-04-03,,,§ 6,,,,629,8
174675,2025-04-03,,,§ 6,,,,629,8
174676,2025-04-03,,,§ 6,,,,629,8
174677,2025-04-03,,,§ 6,,,,629,8
174678,2025-04-03,,,§ 6,,,,629,8
174679,2025-04-03,,,§ 6,,,,629,8
174680,2025-04-03,,,§ 6,,,,629,8
174681,2025-04-03 12:32:27,B10-0209/2025,,Après le § 6 - Am 12,204,370,31,24,8
174683,2025-04-03 12:33:01,B10-0209/2025,,§ 7 - Am 16/1,430,129,44,26,8
174684,2025-04-03 12:33:09,B10-0209/2025,,§ 7 - Am 16/2,369,219,10,31,8
174685,2025-04-03 12:33:19,B10-0209/2025,,§ 7 - Am 16/3,386,211,9,23,8
174686,2025-04-03 12:33:52,B10-0209/2025,,Considérant A - Am 7,236,370,7,16,8
174689,2025-04-03,,,Recital B,,,,629,8
174690,2025-04-03 12:34:17,B10-0209/2025,,Considérant B/2,453,127,32,17,8
174691,2025-04-03 12:34:28,B10-0209/2025,,Après le considérant B - Am 8,348,260,3,18,8
174692,2025-04-03 12:34:38,B10-0209/2025,,Considérant D - Am 9,165,417,32,15,8
174694,2025-04-03,,,Recital F,,,,629,8
174695,2025-04-03,,,Recital F,,,,629,8
174697,2025-04-02 13:01:50,A10-0011/2025,,Nicolás Pascual de la Parte - § 1 - Am 65,237,416,12,13,8
174698,2025-04-02 13:02:02,A10-0011/2025,,Nicolás Pascual de la Parte - § 1 - Am 65,448,169,42,19,8
174699,2025-04-02 13:02:18,A10-0011/2025,,Nicolás Pascual de la Parte - Après le § 1 - Am 66,85,517,63,13,8
174700,2025-04-02 13:02:32,A10-0011/2025,,Nicolás Pascual de la Parte - Après le § 1 - Am 68,81,567,14,16,8
174701,2025-04-02 13:02:44,A10-0011/2025,,Nicolás Pascual de la Parte - § 2 - Am 69,112,488,59,19,8
174702,2025-04-02 13:03:08,A10-0011/2025,,Nicolás Pascual de la Parte - Après le § 4 - Am 70,512,84,73,9,8
174704,2025-04-02,,,After § 7,,,,678,8
174705,2025-04-02,,,After § 7,,,,678,8
174706,2025-04-02 13:03:57,A10-0011/2025,,Nicolás Pascual de la Parte - Après le § 7 - Am 73,224,355,88,11,8
174707,2025-04-02 13:04:17,A10-0011/2025,,Nicolás Pascual de la Parte - § 9 - Am 125,90,534,46,8,8
174708,2025-04-02 13:04:36,A10-0011/2025,,Nicolás Pascual de la Parte - Après le § 9 - Am 21,489,108,71,10,8
174709,2025-04-02 13:04:52,A10-0011/2025,,Nicolás Pascual de la Parte - § 10 - Am 1,79,541,40,18,8
174711,2025-04-02 13:05:08,A10-0011/2025,,Nicolás Pascual de la Parte - § 10 - Am 74/1,230,424,14,10,8
174712,2025-04-02 13:05:20,A10-0011/2025,,Nicolás Pascual de la Parte - § 10 - Am 74/2,113,483,60,22,8
174713,2025-04-02,,,§ 10,,,,678,8
174714,2025-04-02 13:05:52,A10-0011/2025,,Nicolás Pascual de la Parte - § 11 - Am 77,49,548,65,16,8
174715,2025-04-02 13:06:28,A10-0011/2025,,Nicolás Pascual de la Parte - § 13 - Am 79,113,517,36,12,8
174717,2025-04-02,,,§ 13,,,,678,8
174718,2025-04-02,,,§ 13,,,,678,8
174719,2025-04-02,,,§ 13,,,,678,8
174721,2025-04-02 13:07:33,A10-0011/2025,,Nicolás Pascual de la Parte - Après le § 17 - Am 30/1,459,120,86,13,8
174722,2025-04-02 13:07:44,A10-0011/2025,,Nicolás Pascual de la Parte - Après le § 17 - Am 30/2,494,134,30,20,8
174723,2025-04-02 13:08:02,A10-0011/2025,,Nicolás Pascual de la Parte - § 18 - Am 137,115,531,22,10,8
174724,2025-04-02,,,§ 22,,,,678,8
174725,2025-04-02 13:08:38,A10-0011/2025,,Nicolás Pascual de la Parte - Après le § 24 - Am 2,183,451,28,16,8
174726,2025-04-02 13:08:51,A10-0011/2025,,Nicolás Pascual de la Parte - Après le § 24 - Am 84,216,406,39,17,8
174727,2025-04-02 13:09:03,A10-0011/2025,,Nicolás Pascual de la Parte - Après le § 24 - Am 119,310,341,18,9,8
174729,2025-04-02,,,§ 29,265,298,104,678,8
174730,2025-04-02,,,§ 29,,,,678,8
174731,2025-04-02,,,§ 29,,,,678,8
174732,2025-04-02 13:10:19,A10-0011/2025,,Nicolás Pascual de la Parte - § 31 - Am 130,187,456,23,12,8
174733,2025-04-02 13:10:40,A10-0011/2025,,Nicolás Pascual de la Parte - § 33 - Am 131,198,444,29,7,8
174734,2025-04-02 13:11:04,A10-0011/2025,,Nicolás Pascual de la Parte - Après le § 44 - Am 132,463,169,37,9,8
174735,2025-04-02,,,§ 47,,,,678,8
174736,2025-04-02 13:11:25,A10-0011/2025,,Nicolás Pascual de la Parte - § 49 - Am 85,263,374,31,10,8
174737,2025-04-02 13:11:37,A10-0011/2025,,Nicolás Pascual de la Parte - § 49 - Am 140,219,428,14,17,8
174738,2025-04-02 13:11:50,A10-0011/2025,,Nicolás Pascual de la Parte - § 49 - Am 133,206,442,15,15,8
174740,2025-04-02 13:12:03,A10-0011/2025,,Nicolás Pascual de la Parte - § 49/1,398,249,18,13,8
174741,2025-04-02 13:12:15,A10-0011/2025,,Nicolás Pascual de la Parte - § 49/2,373,275,12,18,8
174742,2025-04-02 13:12:28,A10-0011/2025,,Nicolás Pascual de la Parte - § 49/3,386,214,64,14,8
174743,2025-04-02 13:12:39,A10-0011/2025,,Nicolás Pascual de la Parte - § 49/4,369,269,23,17,8
174745,2025-04-02,,,§ 54,,,,678,8
174746,2025-04-02,,,§ 54,,,,678,8
174747,2025-04-02 13:13:21,A10-0011/2025,,Nicolás Pascual de la Parte - § 56 - Am 141,306,313,26,33,8
174749,2025-04-02,,,§ 56,,,,678,8
174750,2025-04-02 13:13:40,A10-0011/2025,,Nicolás Pascual de la Parte - § 56/2,481,112,74,11,8
174751,2025-04-02 13:14:11,A10-0011/2025,,Nicolás Pascual de la Parte - Après le § 57 - Am 101,303,289,62,24,8
174752,2025-04-02 13:14:29,A10-0011/2025,,Nicolás Pascual de la Parte - Après le § 57 - Am 121,409,188,66,15,8
174753,2025-04-02 13:15:06,A10-0011/2025,,Nicolás Pascual de la Parte - § 68 - Am 86,118,516,24,20,8
174754,2025-04-02 13:15:31,A10-0011/2025,,Nicolás Pascual de la Parte - § 69 - Am 88,207,445,14,12,8
174756,2025-04-02,,,§ 69,,,,678,8
174757,2025-04-02,,,§ 69,,,,678,8
174758,2025-04-02,,,§ 69,,,,678,8
174760,2025-04-02,,,§ 75,,,,678,8
174761,2025-04-02,,,§ 75,,,,678,8
174763,2025-04-02,,,§ 77,,,,678,8
174764,2025-04-02,,,§ 77,,,,678,8
174766,2025-04-02,,,§ 92,,,,678,8
174767,2025-04-02 13:16:49,A10-0011/2025,,Nicolás Pascual de la Parte - § 92/2,458,127,75,18,8
174769,2025-04-02 13:17:14,A10-0011/2025,,Nicolás Pascual de la Parte - § 118 - Am 122/1,361,298,7,12,8
174770,2025-04-02 13:17:27,A10-0011/2025,,Nicolás Pascual de la Parte - § 118 - Am 122/2,224,428,12,14,8
174772,2025-04-02,,,§ 118,,,,678,8
174773,2025-04-02,,,§ 118,,,,678,8
174774,2025-04-02 13:17:44,A10-0011/2025,,Nicolás Pascual de la Parte - Après le § 124 - Am 145,113,489,58,18,8
174775,2025-04-02 13:17:55,A10-0011/2025,,Nicolás Pascual de la Parte - § 125 - Am 146,322,305,7,44,8
174776,2025-04-02 13:19:03,A10-0011/2025,,Nicolás Pascual de la Parte - § 135 - Am 147,198,457,5,18,8
174778,2025-04-02,,,§ 140,,,,678,8
174779,2025-04-02,,,§ 140,,,,678,8
174781,2025-04-02,,,After § 141,,,,678,8
174782,2025-04-02,,,After § 141,,,,678,8
174783,2025-04-02 13:19:43,A10-0011/2025,,Nicolás Pascual de la Parte - § 143 - Am 148,279,318,48,33,8
174784,2025-04-02 13:20:00,A10-0011/2025,,Nicolás Pascual de la Parte - Après le § 145 - Am 96,217,430,11,20,8
174785,2025-04-02 13:20:31,A10-0011/2025,,Nicolás Pascual de la Parte - § 151 - Am 149,180,365,116,17,8
174786,2025-04-02 13:20:56,A10-0011/2025,,Nicolás Pascual de la Parte - Après le visa 3 - Am 61,105,366,190,17,8
174787,2025-04-02,,,After citation 58,,,,678,8
174788,2025-04-02,,,Recital B,,,,678,8
174790,2025-04-02,,,Recital C,,,,678,8
174791,2025-04-02,,,Recital C,,,,678,8
174801,2025-04-02 12:16:58,A10-0042/2025,,Andrzej Halicki - Après le § 16 - Am 26,194,387,90,7,8
174802,2025-04-02 12:17:09,A10-0042/2025,,Andrzej Halicki - § 17 - Am 27,151,442,83,2,8
174803,2025-04-02 12:26:14,A10-0042/2025,,Andrzej Halicki - § 39 - Am 28,198,434,43,3,8
174805,2025-04-03,,,After § 1,,,,629,8
174806,2025-04-03,,,§ 3,,,,629,8
174807,2025-04-03,,,After § 4,100,443,8,629,8
174808,2025-04-03,,,After recital A,,,,629,8
174809,2025-04-03,,,After recital A,,,,629,8
174810,2025-04-03,,,After recital A,,,,629,8
174811,2025-04-03,,,After recital A,,,,629,8
174812,2025-04-03,,,After recital A,,,,629,8
174813,2025-04-03,,,After recital A,,,,629,8
174814,2025-04-03,,,After recital A,,,,629,8
174815,2025-04-03,,,After recital A,,,,629,8
174816,2025-04-03,,,After recital A,,,,629,8
174817,2025-04-03,,,After recital A,,,,629,8
174818,2025-04-03,,,After recital A,,,,629,8
174819,2025-04-03,,,After recital A,,,,629,8
174820,2025-04-03,,,Motion for a resolution (as a whole),,,,629,8
174822,2025-04-03,B10-0211/2025,,B10-0211/2025,,,,629,8
174823,2025-04-03,B10-0212/2025,,B10-0212/2025,,,,629,8
174824,2025-04-03,B10-0213/2025,,B10-0213/2025,,,,629,8
174825,2025-04-03,B10-0214/2025,,B10-0214/2025,,,,629,8
174826,2025-04-03,B10-0215/2025,,B10-0215/2025,,,,629,8
174827,2025-04-03,B10-0216/2025,,B10-0216/2025,,,,629,8
174828,2025-04-03,B10-0217/2025,,B10-0217/2025,,,,629,8
174829,2025-04-02 12:41:13,A10-0010/2025,,David McAllister - § 28/2,341,201,107,29,8
174830,2025-04-02,,,§ 28,,,,678,8
174831,2025-04-03,B10-0209/2025,,§ 2,,,,629,8
174832,2025-04-03,B10-0209/2025,,§ 6,,,,629,8
174833,2025-04-03,B10-0209/2025,,§ 6,,,,629,8
174834,2025-04-03 12:31:44,B10-0209/2025,,§ 6 - Am 15/4,352,214,42,21,8
174835,2025-04-03 12:32:02,B10-0209/2025,,§ 6 - Am 15/6,376,229,7,17,8
174836,2025-04-03,B10-0209/2025,,Recital B,,,,629,8
174837,2025-04-02,,,§ 4,342,256,48,678,8
174838,2025-04-03,,,§ 20,,,,629,8
174840,2025-04-03,,,Recital Q,,,,629,8
174841,2025-04-03 12:40:16,RC-B10-0211/2025,,Considérant Q/2,502,51,6,70,8
174847,2025-04-03,,,After § 8,,,,629,8
174848,2025-04-03,,,After § 8,,,,629,8
174850,2025-04-03,,,§ 19,,,,629,8
174853,2025-04-03,,,After § 23,,,,629,8
174854,2025-04-03,,,After § 23,,,,629,8
174855,2025-04-03,,,After § 25,,,,629,8
174856,2025-04-03,,,After § 27,,,,629,8
174871,2025-04-03,,,After § 42,,,,629,8
174872,2025-04-03,,,After § 42,,,,629,8
174873,2025-04-03,,,After § 42,,,,629,8
174874,2025-04-03,,,After § 42,,,,629,8
174875,2025-04-03 12:20:57,A10-0048/2025,,Matjaž Nemec - Proposition de résolution (ensemble du texte),432,127,54,16,8
174880,2025-04-03 12:10:32,A10-0043/2025,,Veronika Vrecionová - Décision d'engager des négociations interinstitutionnelles,411,191,13,14,8
174881,2025-04-03 12:09:52,A10-0045/2025,,Abir Al-Sahlani - Décision d'engager des négociations interinstitutionnelles,327,229,50,23,8
174884,2025-04-03,,,Motion for a resolution (as a whole),,,,629,8
174886,2025-04-03,B10-0230/2025,,B10-0230/2025,,,,629,8
174887,2025-04-03,B10-0231/2025,,B10-0231/2025,,,,629,8
174888,2025-04-03,B10-0232/2025,,B10-0232/2025,,,,629,8
174889,2025-04-03,B10-0233/2025,,B10-0233/2025,,,,629,8
174890,2025-04-03,B10-0234/2025,,B10-0234/2025,,,,629,8
174891,2025-04-03,B10-0235/2025,,B10-0235/2025,,,,629,8
174892,2025-04-03,B10-0236/2025,,B10-0236/2025,,,,629,8
174893,2025-04-03,B10-0237/2025,,B10-0237/2025,,,,629,8
174900,2025-04-03,,,Motion for a resolution (as a whole),,,,629,8
174902,2025-04-03,B10-0220/2025,,B10-0220/2025,,,,629,8
174903,2025-04-03,B10-0222/2025,,B10-0222/2025,,,,629,8
174904,2025-04-03,B10-0224/2025,,B10-0224/2025,,,,629,8
174905,2025-04-03,B10-0225/2025,,B10-0225/2025,,,,629,8
174906,2025-04-03,B10-0226/2025,,B10-0226/2025,,,,629,8
174907,2025-04-03,B10-0228/2025,,B10-0228/2025,,,,629,8
174911,2025-04-03,,,§ 5,,,,629,8
174912,2025-04-03,,,After § 5,,,,629,8
174915,2025-04-03,B10-0218/2025,,B10-0218/2025,,,,629,8
174916,2025-04-03,B10-0219/2025,,B10-0219/2025,,,,629,8
174917,2025-04-03,B10-0221/2025,,B10-0221/2025,,,,629,8
174918,2025-04-03,B10-0223/2025,,B10-0223/2025,,,,629,8
174919,2025-04-03,B10-0227/2025,,B10-0227/2025,,,,629,8
174920,2025-04-03,B10-0229/2025,,B10-0229/2025,,,,629,8
174921,2025-04-03,,,§ 1,,,,629,8
174922,2025-04-03 12:13:25,A10-0048/2025,,Matjaž Nemec - § 2 - Am 11,122,475,15,17,8
174923,2025-04-03 12:13:36,A10-0048/2025,,Matjaž Nemec - §3 - Am 12,108,460,34,27,8
174924,2025-04-03 12:13:45,A10-0048/2025,,Matjaž Nemec - Après le § 6 - Am 13,146,447,17,19,8
174925,2025-04-03 12:13:55,A10-0048/2025,,Matjaž Nemec - Après le § 8 - Am 14,169,423,9,28,8
174926,2025-04-03 12:14:16,A10-0048/2025,,Matjaž Nemec - § 15 - Am 17,174,426,11,18,8
174927,2025-04-03,,,§ 15,,,,629,8
174928,2025-04-03,,,§ 20,,,,629,8
174929,2025-04-03 12:14:49,A10-0048/2025,,Matjaž Nemec - Après le § 19 - Am 3,143,366,107,13,8
174930,2025-04-03 12:14:59,A10-0048/2025,,Matjaž Nemec - Après le § 19 - Am 19,155,412,31,31,8
174931,2025-04-03,,,§ 22,,,,629,8
174932,2025-04-03,,,§ 27,,,,629,8
174933,2025-04-03 12:15:43,A10-0048/2025,,Matjaž Nemec - Après le § 27 - Am 31,138,443,28,20,8
174934,2025-04-03 12:15:53,A10-0048/2025,,Matjaž Nemec - Après le § 27 - Am 32,133,438,23,35,8
174935,2025-04-03 12:16:03,A10-0048/2025,,Matjaž Nemec - § 29 - Am 23,142,426,42,19,8
174936,2025-04-03,,,§ 29,,,,629,8
174937,2025-04-03 12:16:19,A10-0048/2025,,Matjaž Nemec - Après le § 29 - Am 24,123,456,34,16,8
174938,2025-04-03 12:16:28,A10-0048/2025,,Matjaž Nemec - § 30 - Am 25,102,453,48,26,8
174939,2025-04-03 12:16:36,A10-0048/2025,,Matjaž Nemec - Après le § 31 - Am 5,113,433,51,32,8
174940,2025-04-03,,,§ 33,372,203,43,629,8
174941,2025-04-03 12:17:11,A10-0048/2025,,Matjaž Nemec - § 35,559,3,31,36,8
174942,2025-04-03,,,§ 36,,,,629,8
174943,2025-04-03,,,§ 39,322,187,64,629,8
174944,2025-04-03 12:17:55,A10-0048/2025,,Matjaž Nemec - Après le § 39 - Am 6,77,451,39,62,8
174945,2025-04-03 12:18:03,A10-0048/2025,,Matjaž Nemec - Après le § 39 - Am 7,71,463,51,44,8
174946,2025-04-03 12:18:12,A10-0048/2025,,Matjaž Nemec - Après le § 39 - Am 8,70,389,112,58,8
174947,2025-04-03 12:19:51,A10-0048/2025,,Matjaž Nemec - Après le § 39 - Am 9,155,394,60,20,8
174948,2025-04-03 12:20:02,A10-0048/2025,,Matjaž Nemec - § 40 - Am 2,429,168,16,16,8
174949,2025-04-03 12:20:13,A10-0048/2025,,Matjaž Nemec - Après le § 42 - Am 4,283,298,12,36,8
174950,2025-04-03 12:20:25,A10-0048/2025,,Matjaž Nemec - Après le § 42 - Am 26,193,402,3,31,8
174951,2025-04-03 12:17:45,A10-0048/2025,,Matjaž Nemec - Après le § 39 - Am 1,236,205,147,41,8
174955,2025-04-03,,,"Article 1, § 1, point 1 Directive (EU) 2022/2464 Article 5, point 2",,,,629,8
174957,2025-04-03,,,"Article 2, before sub§ 1 Directive (EU) 2024/1760 Article 36, point 1",,,,629,8
174958,2025-04-03,,,"Article 2 Directive (EU) 2024/1760 Article 37, point 1",,,,629,8
174960,2025-04-03,,,After recital 1,,,,629,8
174961,2025-04-03,,,After recital 1,,,,629,8
174963,2025-04-03,,,Recital 2,,,,629,8
174966,2025-04-03,,,Recital 3,,,,629,8
174967,2025-04-03,,,Recital 4,,,,629,8
174969,2025-04-03,,,Recital 5,,,,629,8
174970,2025-04-03,,,Recital 6,,,,629,8
174971,2025-04-03 12:26:33,C10-0038/2025,,Proposition de la Commission,531,69,17,12,8
174972,2025-04-03 12:21:19,RC-B10-0230/2025,,§ 6,418,108,59,44,8
174973,2025-04-03 12:21:54,RC-B10-0220/2025,,Après le § 4 - Am 4,180,404,13,32,8
174975,2025-04-03 12:22:09,RC-B10-0220/2025,,§ 8 - Am 2,378,182,26,43,8
174976,2025-04-03 12:22:19,RC-B10-0220/2025,,Après le considérant B - Am 3,272,264,26,67,8
174977,2025-04-03 12:22:31,RC-B10-0220/2025,,Après le considérant C - Am 1,424,54,120,31,8
174978,2025-04-03 12:23:00,RC-B10-0219/2025,,Après le § 1 - Am 1,250,292,49,38,8
174983,2025-04-03,,,§ 7,,,,629,8
174984,2025-04-03 12:23:33,RC-B10-0219/2025,,§ 7/2,477,113,15,24,8
174986,2025-04-03,,,Recital F,,,,629,8
174987,2025-04-03,,,Recital F,,,,629,8
174988,2025-04-03 12:23:56,RC-B10-0219/2025,,Proposition de résolution (ensemble du texte),535,19,55,20,8
174989,2025-04-03 12:24:31,C10-0038/2025,,Rejet - Am 1,68,537,9,15,8
174990,2025-04-03 12:24:51,C10-0038/2025,,"Article 1, § 1, point 1 Directive 2022/2464 (UE) Article 5, point 2 - Am 16",174,407,4,44,8
174991,2025-04-03 12:25:13,C10-0038/2025,,"Article 2 Directive 2024/1760 (UE) Article 37, point 1 - Am 17",176,412,5,36,8
174992,2025-04-03 12:25:31,C10-0038/2025,,Considérant 2 - Am 12,178,411,11,29,8
174993,2025-04-03 12:25:45,C10-0038/2025,,Après le considérant 2 - Am 13,179,405,8,37,8
174994,2025-04-03 12:25:54,C10-0038/2025,,Après le considérant 2 - Am 14,180,403,10,36,8
174995,2025-04-03 12:26:12,C10-0038/2025,,Après le considérant 4 - Am 15,176,411,9,33,8
175000,2025-04-03 12:37:58,RC-B10-0211/2025,,Demande d'ajournement du groupe The Left,46,466,14,103,8
175021,2025-05-06,,,Proposal for a decision,,,,668,8
175022,2025-05-06,,,Proposal for a decision,,,,668,8
175023,2025-05-06,,,Proposal for a decision,,,,668,8
175025,2025-05-06 12:14:30,A10-0064/2025,,Adam Jarubas - Procédure d'approbation,514,126,6,22,8
175028,2025-05-06,,,Recital E,,,,668,8
175030,2025-05-06,,,Recital I,,,,668,8
175031,2025-05-06 12:15:54,A10-0080/2025,,Janusz Lewandowski - Proposition de résolution (ensemble du texte),598,48,5,17,8
175032,2025-05-06,,,After § 5,508,123,12,668,8
175033,2025-05-06,,,§ 8,,,,668,8
175034,2025-05-06,,,After § 8,,,,668,8
175035,2025-05-06,,,After § 10,,,,668,8
175036,2025-05-06,,,After § 12,,,,668,8
175037,2025-05-06,,,§ 18,232,371,37,668,8
175038,2025-05-06,,,§ 31,,,,668,8
175039,2025-05-06,,,After § 41,446,135,63,668,8
175040,2025-05-06,,,§ 47,274,369,7,668,8
175041,2025-05-06,,,After § 48,,,,668,8
175042,2025-05-06,,,§ 60,,,,668,8
175043,2025-05-06,,,After § 60,,,,668,8
175044,2025-05-06 12:25:58,A10-0068/2025,,Ondřej Knotek - Proposition de résolution (ensemble du texte),340,162,150,16,8
175045,2025-05-06,,,Request for an urgent decision,,,,668,8
175046,2025-05-06,,,Request for an urgent decision,,,,668,8
175047,2025-05-06,,,Request for an urgent decision,,,,668,8
175049,2025-05-06,,,After § 2,,,,668,8
175050,2025-05-06,,,After § 5,,,,668,8
175051,2025-05-06,,,After § 14,,,,668,8
175052,2025-05-06,,,After § 14,,,,668,8
175053,2025-05-06,,,After § 24,,,,668,8
175054,2025-05-06,,,After § 26,344,235,72,668,8
175055,2025-05-06,,,After § 27,,,,668,8
175056,2025-05-06,,,§ 36,286,364,1,668,8
175058,2025-05-06,,,§ 36,,,,668,8
175061,2025-05-06,,,After § 68,,,,668,8
175062,2025-05-06,,,After § 70,,,,668,8
175063,2025-05-06,,,After § 73,,,,668,8
175064,2025-05-06,,,After recital F,,,,668,8
175067,2025-05-06 12:22:03,A10-0049/2025,,Gilles Boyer - Proposition de résolution (ensemble du texte),473,59,114,22,8
175068,2025-05-06,,,§ 28,,,,668,8
175069,2025-05-06,,,§ 85,,,,668,8
175070,2025-05-06,,,After § 105 point e,,,,668,8
175071,2025-05-06,,,After § 105 point e,,,,668,8
175075,2025-05-07,,,After § 5,,,,666,8
175078,2025-05-07,,,§ 10,,,,666,8
175081,2025-05-07,,,§ 10,,,,666,8
175082,2025-05-07,,,After § 48,318,269,70,666,8
175083,2025-05-07,,,§ 53,,,,666,8
175085,2025-05-07 12:52:58,A10-0069/2025,,Joachim Stanisław Brudziński - Proposition de résolution (ensemble du texte),475,136,53,2,8
175091,2025-05-07,,,After § 11,,,,666,8
175093,2025-05-07 12:44:13,A10-0050/2025,,Cristian Terheş - Proposition de résolution (ensemble du texte),485,113,61,7,8
175097,2025-05-07,,,After § 15,,,,666,8
175099,2025-05-07 12:49:04,A10-0055/2025,,Joachim Stanisław Brudziński - Proposition de résolution (ensemble du texte),611,8,46,1,8
175104,2025-05-07,,,§ 10,,,,666,8
175105,2025-05-07,,,After § 19,,,,666,8
175106,2025-05-07,,,After § 47,,,,666,8
175107,2025-05-07 12:49:52,A10-0053/2025,,Joachim Stanisław Brudziński - Proposition de résolution (ensemble du texte),548,74,42,2,8
175113,2025-05-07,,,§ 10,,,,666,8
175114,2025-05-07 12:48:21,A10-0046/2025,,Joachim Stanisław Brudziński - Proposition de résolution (ensemble du texte),548,110,9,0,8
175116,2025-05-07 12:40:46,A10-0062/2025,,Monika Hohlmeier - Proposition de décision,513,119,20,14,8
175123,2025-05-07 12:47:30,A10-0054/2025,,Joachim Stanisław Brudziński - Proposition de résolution (ensemble du texte),532,120,10,4,8
175129,2025-05-07,,,After § 87,,,,666,8
175130,2025-05-07,,,After § 87,,,,666,8
175132,2025-05-07,,,After § 96,,,,666,8
175136,2025-05-07 12:56:28,A10-0051/2025,,Tomáš Zdechovský - Proposition de résolution (ensemble du texte),452,176,30,8,8
175140,2025-05-07,,,§ 6,,,,666,8
175141,2025-05-07,,,After § 22,,,,666,8
175144,2025-05-07 12:46:19,A10-0047/2025,,Dick Erixon - Proposition de résolution (ensemble du texte),619,19,25,3,8
175148,2025-05-07,,,§ 5,,,,666,8
175150,2025-05-07,,,§ 18,,,,666,8
175156,2025-05-07,,,§ 41,,,,666,8
175157,2025-05-07,,,§ 42,,,,666,8
175160,2025-05-07 12:42:50,A10-0052/2025,,Joachim Stanisław Brudziński - Proposition de résolution (ensemble du texte),526,119,20,1,8
175162,2025-05-06 12:16:19,A10-0049/2025,,Gilles Boyer - Après le § 1 - Am 9,172,438,35,23,8
175165,2025-05-06,,,§ 36,,,,668,8
175166,2025-05-06,,,§ 36,,,,668,8
175167,2025-05-06,,,§ 36,,,,668,8
175168,2025-05-06,,,§ 36,,,,668,8
175169,2025-05-06,,,§ 36,,,,668,8
175170,2025-05-06 12:19:16,A10-0049/2025,,Gilles Boyer - Après le § 36 - Am 14,203,436,9,20,8
175171,2025-05-06 12:19:31,A10-0049/2025,,Gilles Boyer - Après le § 68 - Am 15,207,420,11,30,8
175172,2025-05-06,,,§ 71,,,,668,8
175173,2025-05-06,,,§ 72,,,,668,8
175174,2025-05-06,,,§ 73,,,,668,8
175175,2025-05-06,,,§ 75,,,,668,8
175177,2025-05-06,,,§ 90,,,,668,8
175178,2025-05-06,,,§ 90,,,,668,8
175179,2025-05-06,,,§ 117,,,,668,8
175180,2025-05-06 12:21:24,A10-0049/2025,,Gilles Boyer - Après le considérant F - Am 7,206,431,13,18,8
175181,2025-05-06 12:21:39,A10-0049/2025,,Gilles Boyer - Après le considérant L - Am 8,206,424,14,24,8
175182,2025-05-06,,,Recital M,,,,668,8
175184,2025-05-07,,,Proposals for decisions,,,,666,8
175186,2025-05-07,,,Proposals for decisions,,,,666,8
175188,2025-05-07,,,Proposals for decisions,,,,666,8
175190,2025-05-07,,,Proposals for decisions,,,,666,8
175192,2025-05-07,,,Proposals for decisions,,,,666,8
175194,2025-05-07,,,Proposals for decisions,,,,666,8
175196,2025-05-07,,,Proposals for decisions,,,,666,8
175198,2025-05-07,,,Proposals for decisions,,,,666,8
175200,2025-05-07,,,Proposals for decisions,,,,666,8
175202,2025-05-07,,,Proposals for decisions,,,,666,8
175204,2025-05-07,,,Proposals for decisions,,,,666,8
175207,2025-05-07,,,After § 13,,,,666,8
175208,2025-05-07,,,After § 14,,,,666,8
175209,2025-05-07,,,"§ 24, point a",,,,666,8
175210,2025-05-07,,,After § 65,,,,666,8
175211,2025-05-07 13:12:22,A10-0056/2025,,Michal Wiezik - Proposition de résolution (ensemble du texte),513,101,39,13,8
175213,2025-05-07,,,§ 15,,,,666,8
175216,2025-05-07,,,§ 29,381,245,17,666,8
175217,2025-05-07,,,After § 29,358,268,21,666,8
175219,2025-05-07,,,§ 31,,,,666,8
175220,2025-05-07,,,§ 32,223,409,14,666,8
175231,2025-05-07 13:16:16,A10-0076/2025,,"Siegfried Mureşan, Carla Tavares - Proposition de résolution (ensemble du texte)",317,206,123,20,8
175232,2025-05-07,,,Subheading 1,,,,666,8
175234,2025-05-07,,,§ 3,,,,666,8
175235,2025-05-07,,,§ 10,,,,666,8
175236,2025-05-07,,,After § 13,,,,666,8
175237,2025-05-07,,,§ 14,,,,666,8
175238,2025-05-07,,,§ 17,,,,666,8
175239,2025-05-07,,,§ 18,,,,666,8
175240,2025-05-07,,,§ 23,,,,666,8
175243,2025-05-07,,,§ 30,,,,666,8
175244,2025-05-07,,,§ 33,,,,666,8
175245,2025-05-07,,,§ 38,,,,666,8
175246,2025-05-07,,,After § 41,,,,666,8
175247,2025-05-07,,,§ 49,,,,666,8
175248,2025-05-07,,,§ 56,,,,666,8
175249,2025-05-07,,,§ 57,,,,666,8
175250,2025-05-07,,,§ 59,,,,666,8
175251,2025-05-07,,,§ 60,,,,666,8
175252,2025-05-07 13:39:00,A10-0075/2025,,Riho Terras - Proposition de résolution (ensemble du texte),353,145,78,90,8
175254,2025-05-07,,,Proposals for decisions,,,,666,8
175265,2025-05-07,,,After § 3,,,,666,8
175268,2025-05-07,,,After § 9,,,,666,8
175270,2025-05-07,,,After § 10,,,,666,8
175271,2025-05-07,,,After § 10,,,,666,8
175272,2025-05-07,,,After § 10,,,,666,8
175273,2025-05-07,,,After § 12,,,,666,8
175276,2025-05-07,,,After § 13,,,,666,8
175284,2025-05-07,,,After § 18,294,363,5,666,8
175288,2025-05-07,,,After § 20,363,214,83,666,8
175289,2025-05-07,,,After § 20,,,,666,8
175292,2025-05-07,,,After § 27,,,,666,8
175299,2025-05-07,,,"§ 49, after point iii",,,,666,8
175300,2025-05-07,,,"§ 49, after point ix",,,,666,8
175302,2025-05-07,,,§ 54,,,,666,8
175311,2025-05-07,,,"§ 100, after point ix",,,,666,8
175314,2025-05-07,,,§ 117,286,365,11,666,8
175321,2025-05-07,,,§ 133,,,,666,8
175322,2025-05-07,,,"§ 134, point iii",,,,666,8
175323,2025-05-07,,,"§ 134, after point iii",,,,666,8
175324,2025-05-07,,,"§ 134, after point v",,,,666,8
175327,2025-05-07,,,"§ 144, after point iv",,,,666,8
175329,2025-05-07,,,§ 152,,,,666,8
175332,2025-05-07,,,§ 153,,,,666,8
175333,2025-05-07,,,§ 170,,,,666,8
175336,2025-05-07,,,"§ 172, after point iii",,,,666,8
175339,2025-05-07,,,§ 184,,,,666,8
175342,2025-05-07,,,After § 224,316,328,15,666,8
175349,2025-05-07 12:40:27,A10-0074/2025,,Niclas Herbst - Proposition de résolution (ensemble du texte),443,202,21,0,8
175355,2025-05-07,,,§ 3,,,,666,8
175359,2025-05-07,,,§ 16,,,,666,8
175360,2025-05-07,,,§ 18,,,,666,8
175364,2025-05-07,,,§ 21,357,263,14,666,8
175365,2025-05-07,,,§ 21,,,,666,8
175367,2025-05-07,,,§ 23,,,,666,8
175371,2025-05-07,,,After § 25,,,,666,8
175372,2025-05-07,,,§ 28,,,,666,8
175373,2025-05-07,,,§ 28,,,,666,8
175375,2025-05-07,,,§ 30,,,,666,8
175376,2025-05-07,,,§ 33,,,,666,8
175377,2025-05-07,,,§ 36,,,,666,8
175378,2025-05-07,,,§ 42,,,,666,8
175380,2025-05-07,,,§ 43,,,,666,8
175381,2025-05-07,,,§ 46,,,,666,8
175382,2025-05-07,,,After § 46,,,,666,8
175385,2025-05-07,,,§ 50,,,,666,8
175387,2025-05-07,,,§ 53,,,,666,8
175391,2025-05-07,,,Recital L,,,,666,8
175392,2025-05-07,,,Recital M,,,,666,8
175393,2025-05-07,,,After recital Q,316,248,67,666,8
175394,2025-05-07,,,Recital R,,,,666,8
175395,2025-05-07,,,Recital T,,,,666,8
175396,2025-05-07 13:32:52,A10-0067/2025,,Nacho Sánchez Amor - Proposition de résolution (ensemble du texte),367,74,188,37,8
175397,2025-05-08,,,Amendments by the committee responsible – put to the vote collectively,,,,594,10
175398,2025-05-08 12:40:39,A10-0059/2025,,Karin Karlsbro - Proposition de la Commission,354,147,53,40,10
175399,2025-05-08 12:10:09,A10-0066/2025,,Jacek Protas - Proposition de resolution,392,125,55,22,10
175403,2025-05-07,,,Proposals for decisions,,,,666,8
175405,2025-05-07,,,Proposals for decisions,,,,666,8
175407,2025-05-07,,,Proposals for decisions,,,,666,8
175409,2025-05-07,,,Proposals for decisions,,,,666,8
175411,2025-05-07,,,Proposals for decisions,,,,666,8
175413,2025-05-07,,,Proposals for decisions,,,,666,8
175415,2025-05-07,,,Proposals for decisions,,,,666,8
175417,2025-05-07,,,Proposals for decisions,,,,666,8
175419,2025-05-07,,,Proposals for decisions,,,,666,8
175421,2025-05-07,,,Proposals for decisions,,,,666,8
175423,2025-05-07,,,Proposals for decisions,,,,666,8
175425,2025-05-07,,,Proposals for decisions,,,,666,8
175427,2025-05-07,,,Proposals for decisions,,,,666,8
175429,2025-05-07,,,Proposals for decisions,,,,666,8
175431,2025-05-07,,,Proposals for decisions,,,,666,8
175433,2025-05-07,,,Proposals for decisions,,,,666,8
175435,2025-05-07,,,Proposals for decisions,,,,666,8
175437,2025-05-07,,,Proposals for decisions,,,,666,8
175439,2025-05-07,,,Proposals for decisions,,,,666,8
175441,2025-05-07,,,Proposals for decisions,,,,666,8
175443,2025-05-07,,,Proposals for decisions,,,,666,8
175445,2025-05-07,,,Proposals for decisions,,,,666,8
175447,2025-05-07,,,Proposals for decisions,,,,666,8
175449,2025-05-07,,,Proposals for decisions,,,,666,8
175451,2025-05-07,,,Proposals for decisions,,,,666,8
175453,2025-05-07,,,Proposals for decisions,,,,666,8
175455,2025-05-07,,,Proposals for decisions,,,,666,8
175457,2025-05-07,,,Proposals for decisions,,,,666,8
175459,2025-05-07,,,Proposals for decisions,,,,666,8
175461,2025-05-07,,,Proposals for decisions,,,,666,8
175463,2025-05-07,,,Proposals for decisions,,,,666,8
175469,2025-05-07,,,§ 3,,,,666,8
175470,2025-05-07,,,§ 4,,,,666,8
175471,2025-05-07,,,§ 7,350,292,14,666,8
175472,2025-05-07,,,After § 7,,,,666,8
175474,2025-05-07,,,After § 9,,,,666,8
175479,2025-05-07,,,After § 18,,,,666,8
175481,2025-05-07,,,§ 21,,,,666,8
175483,2025-05-07,,,§ 22,341,285,19,666,8
175484,2025-05-07,,,§ 30,,,,666,8
175485,2025-05-07,,,§ 32,,,,666,8
175486,2025-05-07,,,§ 40,,,,666,8
175487,2025-05-07,,,After § 41,,,,666,8
175488,2025-05-07,,,§ 52,,,,666,8
175489,2025-05-07,,,§ 54,,,,666,8
175490,2025-05-07,,,After § 57,289,364,4,666,8
175491,2025-05-07,,,§ 58,,,,666,8
175496,2025-05-07,,,After § 96,307,314,34,666,8
175497,2025-05-07,,,§ 97,,,,666,8
175499,2025-05-07,,,After § 102,,,,666,8
175500,2025-05-07,,,§ 105,,,,666,8
175502,2025-05-07,,,§ 110,,,,666,8
175503,2025-05-07,,,After § 114,308,270,78,666,8
175504,2025-05-07,,,After § 119,,,,666,8
175506,2025-05-07,,,After § 143,,,,666,8
175507,2025-05-07,,,After § 157,,,,666,8
175508,2025-05-07,,,After § 157,,,,666,8
175509,2025-05-07,,,After citation 35,294,360,4,666,8
175510,2025-05-07,,,Recital A,,,,666,8
175511,2025-05-07,,,Recital B,,,,666,8
175512,2025-05-07,,,Recital C,,,,666,8
175513,2025-05-07 13:08:51,A10-0065/2025,,Erik Marquardt - Proposition de résolution (ensemble du texte),503,121,26,16,8
175515,2025-05-07,,,§ 12,,,,666,8
175516,2025-05-07,,,After § 12,,,,666,8
175518,2025-05-07,,,§ 14,,,,666,8
175520,2025-05-07,,,§ 23,,,,666,8
175521,2025-05-07,,,After § 23,286,265,90,666,8
175523,2025-05-07,,,After § 25,,,,666,8
175525,2025-05-07,,,§ 41,,,,666,8
175527,2025-05-07,,,§ 49,368,271,4,666,8
175531,2025-05-07,,,§ 68,,,,666,8
175533,2025-05-07,,,After recital R,,,,666,8
175535,2025-05-07 13:21:09,A10-0073/2025,,Thomas Bajada - Proposition de résolution (ensemble du texte),470,81,92,23,8
175537,2025-05-07,,,§ 1,,,,666,8
175538,2025-05-07,,,§ 6,,,,666,8
175539,2025-05-07,,,§ 8,,,,666,8
175540,2025-05-07,,,After § 11,,,,666,8
175541,2025-05-07,,,§ 17,,,,666,8
175542,2025-05-07,,,After § 17,,,,666,8
175543,2025-05-07,,,After § 26,,,,666,8
175545,2025-05-07,,,After § 28,,,,666,8
175547,2025-05-07,,,After § 33,,,,666,8
175548,2025-05-07,,,§ 37,,,,666,8
175551,2025-05-07,,,§ 56,,,,666,8
175552,2025-05-07,,,§ 61,,,,666,8
175553,2025-05-07,,,§ 63,,,,666,8
175554,2025-05-07,,,§ 65,,,,666,8
175555,2025-05-07,,,§ 69,,,,666,8
175556,2025-05-07,,,After citation 23,,,,666,8
175557,2025-05-07,,,Recital A,,,,666,8
175558,2025-05-07,,,Recital F,,,,666,8
175559,2025-05-07,,,Recital H,,,,666,8
175560,2025-05-07,,,Recital I,,,,666,8
175561,2025-05-07,,,Recital L,,,,666,8
175562,2025-05-07,,,After recital O,,,,666,8
175563,2025-05-07 13:36:39,A10-0072/2025,,Tonino Picula - Proposition de résolution (ensemble du texte),419,113,88,46,8
175565,2025-05-08,,,§ 1,,,,594,10
175566,2025-05-08,,,After § 1,,,,594,10
175567,2025-05-08,,,§ 2,,,,594,10
175571,2025-05-08,,,§ 19,,,,594,10
175572,2025-05-08,,,§ 25,,,,594,10
175573,2025-05-08,,,After § 26,,,,594,10
175576,2025-05-08,,,After § 35,,,,594,10
175577,2025-05-08,,,Recital E,,,,594,10
175578,2025-05-08,,,Recital L,,,,594,10
175579,2025-05-08 12:51:23,A10-0044/2025,,Ralf Seekatz - Proposition de résolution (ensemble du texte),345,135,62,52,10
175580,2025-05-08,,,After § 2,,,,594,10
175585,2025-05-08,,,§ 5,,,,594,10
175586,2025-05-08,,,§ 8,,,,594,10
175590,2025-05-08,,,After § 15,,,,594,10
175594,2025-05-08 12:47:18,A10-0071/2025,,Lara Wolters - Proposition de résolution (ensemble du texte),358,124,79,33,10
175599,2025-05-08,,,Text as a whole,,,,594,10
175606,2025-05-08,,,After recital 8,269,274,32,594,10
175607,2025-05-08,,,After recital 8,,,,594,10
175610,2025-05-08 12:21:03,A10-0079/2025,,Borys Budka - Proposition de la Commission,425,106,43,20,10
175611,2025-05-08,,,Request for referral back (Rule 60(4)),,,,594,10
175613,2025-05-08,,,"Article 1, § 1",,,,594,10
175616,2025-05-08,,,"Article 4, § 3",,,,594,10
175617,2025-05-08,,,"Article 4, § 3",,,,594,10
175618,2025-05-08,,,"Article 7, § 5",,,,594,10
175619,2025-05-08,,,"Article 7, § 5",,,,594,10
175620,2025-05-08,,,"Article 7, § 6",,,,594,10
175621,2025-05-08,,,"Article 7, § 6",,,,594,10
175622,2025-05-08,,,"Article 7, § 6",,,,594,10
175623,2025-05-08,,,"Article 7, § 8, point a",,,,594,10
175624,2025-05-08,,,"Article 7, § 8, point a",,,,594,10
175625,2025-05-08,,,"Article 7, § 8, point b",,,,594,10
175626,2025-05-08,,,"Article 7, § 8, point b",,,,594,10
175627,2025-05-08,,,"Article 7, § 8, point b",,,,594,10
175628,2025-05-08,,,"Article 7, § 8, point b",,,,594,10
175631,2025-05-08,,,"Article 7, § 9",,,,594,10
175634,2025-05-08,,,"Article 9, § 5",,,,594,10
175635,2025-05-08,,,"Article 9, § 7, point a",,,,594,10
175636,2025-05-08,,,"Article 10, § 6",,,,594,10
175637,2025-05-08,,,"Article 10, § 6",,,,594,10
175638,2025-05-08,,,"Article 11, § 4",,,,594,10
175639,2025-05-08,,,"Article 11, § 4",,,,594,10
175640,2025-05-08,,,"Article 12, § 4",,,,594,10
175641,2025-05-08,,,"Article 12, § 4",,,,594,10
175642,2025-05-08,,,"Article 13, § 3, point a",,,,594,10
175645,2025-05-08,,,"Article 13, § 3, after point c",,,,594,10
175646,2025-05-08,,,"Article 13, § 3, after point c",,,,594,10
175648,2025-05-08,,,"Article 13, § 3, after point c",,,,594,10
175649,2025-05-08,,,"Article 13, § 4, after point a",,,,594,10
175650,2025-05-08,,,"Article 13, § 4, after point c",,,,594,10
175651,2025-05-08,,,"Article 14, § 1, before point 1",,,,594,10
175655,2025-05-08,,,Article 20,,,,594,10
175656,2025-05-08,,,Article 21,,,,594,10
175657,2025-05-08,,,Article 21,,,,594,10
175658,2025-05-08,,,"Annex II, point 3, introductory part",,,,594,10
175660,2025-05-08,,,Recital 15,,,,594,10
175663,2025-05-08,,,Recital 28,,,,594,10
175665,2025-05-08,,,Recital 36,,,,594,10
175667,2025-05-08 12:32:06,A10-0061/2025,,Raphaël Glucksmann - Proposition de la Commission,378,173,24,19,10
175669,2025-05-05 17:37:32,Wednesday’s agenda,,Request by The Left Group-Freedom Flotilla,164,256,8,187,9
175670,2025-05-05 17:40:13,Wednesday’s agenda,,Request by the Verts/ALE Group-Gaza,184,241,18,172,9
175671,2025-05-05 17:43:09,Wednesday’s agenda,,Request by the Renew Group-TikTok,319,37,79,180,9
175672,2025-05-05 17:49:00,Wednesday’s agenda,,Request by the S&D Group-Cyprus (debate),420,4,12,179,9
175673,2025-05-05 17:49:22,Wednesday’s agenda,,Request by the ECR Group-Cyprus (resolution),103,301,24,187,9
175674,2025-05-06,,,§ 36,285,213,149,668,8
175675,2025-05-07 12:43:09,A10-0050/2025,,Cristian Terheş - Proposition de décision,541,97,26,2,8
175676,2025-05-07 12:43:21,A10-0050/2025,,Cristian Terheş - § 11 - Am 2,353,292,18,3,8
175677,2025-05-07,,,§ 11,,,,666,8
175679,2025-05-07 12:43:35,A10-0050/2025,,Cristian Terheş - Après le § 11 - Am 3/1,423,81,147,15,8
175680,2025-05-07 12:43:46,A10-0050/2025,,Cristian Terheş - Après le § 11 - Am 3/2,212,419,12,23,8
175681,2025-05-07,,,§ 12,,,,666,8
175682,2025-05-07 12:44:01,A10-0050/2025,,Cristian Terheş - Après le § 44 - Am 1,187,450,21,8,8
175683,2025-05-07 12:46:37,A10-0054/2025,,Joachim Stanisław Brudziński - Proposition de décision,538,96,27,5,8
175684,2025-05-07 12:46:52,A10-0054/2025,,Joachim Stanisław Brudziński - Après le § 4 - Am 1,129,494,35,8,8
175685,2025-05-07 12:47:07,A10-0054/2025,,Joachim Stanisław Brudziński - Après le § 4 - Am 2,193,444,5,24,8
175686,2025-05-07 12:47:20,A10-0054/2025,,Joachim Stanisław Brudziński - Après le § 9 - Am 3,204,451,8,3,8
175687,2025-05-07 12:50:11,A10-0069/2025,,Joachim Stanisław Brudziński - Proposition de décision,519,126,16,5,8
175688,2025-05-07 12:50:27,A10-0069/2025,,Joachim Stanisław Brudziński - § 8 - Am 5,310,339,14,3,8
175690,2025-05-07,,,§ 8,,,,666,8
175691,2025-05-07,,,§ 8,384,233,32,666,8
175692,2025-05-07,,,§ 8,,,,666,8
175693,2025-05-07 12:51:00,A10-0069/2025,,Joachim Stanisław Brudziński - Après le § 9 - Am 3,143,455,64,4,8
175694,2025-05-07 12:51:16,A10-0069/2025,,Joachim Stanisław Brudziński - § 10 - Am 1,231,384,40,11,8
175695,2025-05-07 12:51:27,A10-0069/2025,,Joachim Stanisław Brudziński - § 10 - Am 6,271,290,90,15,8
175698,2025-05-07,,,§ 31,,,,666,8
175699,2025-05-07 12:51:48,A10-0069/2025,,Joachim Stanisław Brudziński - § 31/2,412,152,84,18,8
175701,2025-05-07 12:51:59,A10-0069/2025,,Joachim Stanisław Brudziński - § 33/1,457,88,98,23,8
175702,2025-05-07,,,§ 33,,,,666,8
175704,2025-05-07,,,§ 40,,,,666,8
175705,2025-05-07 12:52:17,A10-0069/2025,,Joachim Stanisław Brudziński - § 40/2,415,133,96,22,8
175706,2025-05-07 12:52:46,A10-0069/2025,,Joachim Stanisław Brudziński - Après le § 82 - Am 4,187,465,12,2,8
175707,2025-05-07 12:48:37,A10-0055/2025,,Joachim Stanisław Brudziński - Proposition de décision,568,54,43,1,8
175708,2025-05-07 12:48:51,A10-0055/2025,,Joachim Stanisław Brudziński - Après le § 47 - Am 1,246,267,139,14,8
175709,2025-05-07 12:47:46,A10-0046/2025,,Joachim Stanisław Brudziński - Proposition de décision,549,97,18,2,8
175710,2025-05-07 12:47:57,A10-0046/2025,,Joachim Stanisław Brudziński - Après le § 1 - Am 2,130,497,36,3,8
175711,2025-05-07 12:48:07,A10-0046/2025,,Joachim Stanisław Brudziński - Après le § 1 - Am 3,200,449,13,4,8
175712,2025-05-07 12:53:17,A10-0051/2025,,Tomáš Zdechovský - Proposition de décision,481,157,24,4,8
175713,2025-05-07 12:53:29,A10-0051/2025,,Tomáš Zdechovský - Après le § 3 - Am 2,209,413,38,6,8
175714,2025-05-07 12:53:41,A10-0051/2025,,Tomáš Zdechovský - Après le § 3 - Am 3,192,443,14,17,8
175716,2025-05-07,,,§ 8,,,,666,8
175717,2025-05-07 12:53:56,A10-0051/2025,,Tomáš Zdechovský - § 8/2,456,185,18,7,8
175719,2025-05-07,,,§ 18,,,,666,8
175720,2025-05-07 12:54:13,A10-0051/2025,,Tomáš Zdechovský - § 18/2,459,171,27,9,8
175721,2025-05-07 12:54:24,A10-0051/2025,,Tomáš Zdechovský - § 18/3,458,154,24,30,8
175723,2025-05-07,,,§ 93,,,,666,8
175724,2025-05-07 12:54:45,A10-0051/2025,,Tomáš Zdechovský - § 93/2,461,185,15,5,8
175726,2025-05-07,,,§ 95,,,,666,8
175727,2025-05-07 12:55:00,A10-0051/2025,,Tomáš Zdechovský - § 95/2,441,199,18,8,8
175728,2025-05-07,,,§ 96,,,,666,8
175729,2025-05-07 12:55:16,A10-0051/2025,,Tomáš Zdechovský - Après le § 96 - Am 5,191,453,14,8,8
175730,2025-05-07 12:55:30,A10-0051/2025,,Tomáš Zdechovský - Après le § 96 - Am 1,244,237,169,16,8
175731,2025-05-07 12:55:43,A10-0051/2025,,Tomáš Zdechovský - Après le § 96 - Am 6,168,450,40,8,8
175733,2025-05-07 12:55:55,A10-0051/2025,,Tomáš Zdechovský - § 102 - Am 4/1,509,66,84,7,8
175734,2025-05-07 12:56:05,A10-0051/2025,,Tomáš Zdechovský - § 102 - Am 4/2,484,20,143,19,8
175735,2025-05-07 12:56:16,A10-0051/2025,,Tomáš Zdechovský - § 102 - Am 4/3,356,269,28,13,8
175736,2025-05-07 12:49:21,A10-0053/2025,,Joachim Stanisław Brudziński - Proposition de décision,564,61,43,0,8
175737,2025-05-07 12:49:31,A10-0053/2025,,Joachim Stanisław Brudziński - Après le § 5 - Am 3,118,507,33,8,8
175738,2025-05-07 13:10:36,A10-0056/2025,,Michal Wiezik - Après le § 12 - Am 1,203,440,4,19,8
175740,2025-05-07,,,§ 26,,,,666,8
175741,2025-05-07,,,§ 26,,,,666,8
175742,2025-05-07,,,§ 26,,,,666,8
175743,2025-05-07,,,§ 26,,,,666,8
175745,2025-05-07,,,§ 27,,,,666,8
175746,2025-05-07,,,§ 27,,,,666,8
175748,2025-05-07,,,§ 31,,,,666,8
175749,2025-05-07,,,§ 31,,,,666,8
175751,2025-05-07,,,§ 34,,,,666,8
175752,2025-05-07,,,§ 34,,,,666,8
175754,2025-05-07,,,§ 35,,,,666,8
175755,2025-05-07,,,§ 35,,,,666,8
175757,2025-05-07,,,§ 61,,,,666,8
175758,2025-05-07,,,§ 61,281,356,11,666,8
175759,2025-05-06,,,Recital F,,,,668,8
175760,2025-05-06 12:15:27,A10-0080/2025,,Janusz Lewandowski - Considérant F,478,149,30,11,8
175761,2025-05-07 12:24:03,A10-0074/2025,,Niclas Herbst - Proposition de décision,412,245,5,4,8
175762,2025-05-07 12:24:24,A10-0074/2025,,Niclas Herbst - § 1 - Am 53,193,460,3,10,8
175763,2025-05-07 12:24:34,A10-0074/2025,,Niclas Herbst - Après le § 1 - Am 54,195,444,4,23,8
175764,2025-05-07 12:24:45,A10-0074/2025,,Niclas Herbst - Après le § 1 - Am 55,169,429,41,27,8
175765,2025-05-07 12:24:54,A10-0074/2025,,Niclas Herbst - § 2 - Am 56,211,443,3,9,8
175766,2025-05-07 12:25:04,A10-0074/2025,,Niclas Herbst - Après le § 3 - Am 38,171,436,36,23,8
175767,2025-05-07 12:25:14,A10-0074/2025,,Niclas Herbst - Après le § 3 - Am 39,203,417,20,26,8
175768,2025-05-07 12:25:23,A10-0074/2025,,Niclas Herbst - Après le § 3 - Am 57,192,456,11,7,8
175769,2025-05-07 12:25:35,A10-0074/2025,,Niclas Herbst - Après le § 3 - Am 59,198,443,11,14,8
175770,2025-05-07 12:25:45,A10-0074/2025,,Niclas Herbst - § 4 - Am 60,173,474,10,9,8
175771,2025-05-07,,,§ 10,,,,666,8
175772,2025-05-07 12:26:04,A10-0074/2025,,Niclas Herbst - Après le § 10 - Am 4,188,423,49,6,8
175773,2025-05-07 12:26:28,A10-0074/2025,,Niclas Herbst - § 13 - Am 15,198,450,14,4,8
175774,2025-05-07 12:26:38,A10-0074/2025,,Niclas Herbst - Après le § 13 - Am 5,201,345,109,11,8
175775,2025-05-07 12:26:51,A10-0074/2025,,Niclas Herbst - § 15 - Am 16,204,451,9,2,8
175776,2025-05-07 12:27:05,A10-0074/2025,,Niclas Herbst - § 16 - Am 17,366,271,15,14,8
175778,2025-05-07,,,§ 16,,,,666,8
175779,2025-05-07,,,§ 16,,,,666,8
175780,2025-05-07,,,§ 16,,,,666,8
175781,2025-05-07 12:27:21,A10-0074/2025,,Niclas Herbst - Après le § 16 - Am 66,203,429,15,19,8
175782,2025-05-07 12:27:32,A10-0074/2025,,Niclas Herbst - Après le § 16 - Am 40,105,454,95,12,8
175783,2025-05-07 12:27:45,A10-0074/2025,,Niclas Herbst - Après le § 17 - Am 1,322,218,114,12,8
175784,2025-05-07 12:27:56,A10-0074/2025,,Niclas Herbst - Après le § 17 - Am 67,188,457,12,9,8
175785,2025-05-07 12:28:06,A10-0074/2025,,Niclas Herbst - § 18 - Am 68,195,450,8,13,8
175786,2025-05-07 12:28:30,A10-0074/2025,,Niclas Herbst - Après le § 18 - Am 41,198,452,8,8,8
175787,2025-05-07 12:28:40,A10-0074/2025,,Niclas Herbst - Après le § 18 - Am 42,196,451,9,10,8
175788,2025-05-07 12:28:49,A10-0074/2025,,Niclas Herbst - Après le § 18 - Am 43,196,448,4,18,8
175789,2025-05-07 12:29:19,A10-0074/2025,,Niclas Herbst - Après le § 21 - Am 18,196,463,4,3,8
175790,2025-05-07 12:29:29,A10-0074/2025,,Niclas Herbst - Après le § 21 - Am 69,200,439,13,14,8
175791,2025-05-07 12:29:42,A10-0074/2025,,Niclas Herbst - Après le § 38 - Am 49,195,459,6,6,8
175792,2025-05-07 12:29:52,A10-0074/2025,,Niclas Herbst - Après le § 38 - Am 50,217,434,9,6,8
175793,2025-05-07 12:30:02,A10-0074/2025,,Niclas Herbst - Après le § 38 - Am 71,198,458,6,4,8
175794,2025-05-07 12:30:13,A10-0074/2025,,Niclas Herbst - § 45 - Am 19,202,441,13,10,8
175795,2025-05-07 12:30:23,A10-0074/2025,,Niclas Herbst - Après le § 46 - Am 6,133,468,50,15,8
175796,2025-05-07 12:30:34,A10-0074/2025,,Niclas Herbst - Après le § 46 - Am 37,432,33,194,7,8
175797,2025-05-07 12:30:53,A10-0074/2025,,"Niclas Herbst - § 49, après le point xii - Am 74",200,457,9,0,8
175798,2025-05-07 12:31:06,A10-0074/2025,,Niclas Herbst - § 55 - Am 21,203,457,7,0,8
175799,2025-05-07 12:31:17,A10-0074/2025,,Niclas Herbst - Après le § 55 - Am 75,205,437,11,13,8
175800,2025-05-07 12:31:27,A10-0074/2025,,Niclas Herbst - Après le § 57 - Am 51,192,450,10,14,8
175801,2025-05-07 12:31:39,A10-0074/2025,,Niclas Herbst - Après le § 70 - Am 44,222,420,16,8,8
175802,2025-05-07 12:31:50,A10-0074/2025,,"Niclas Herbst - § 73, après le point iii - Am 76",190,449,9,18,8
175803,2025-05-07 12:32:00,A10-0074/2025,,Niclas Herbst - § 74 - Am 7,334,279,48,5,8
175805,2025-05-07,,,§ 88,,,,666,8
175806,2025-05-07,,,§ 88,,,,666,8
175807,2025-05-07,,,§ 88,,,,666,8
175808,2025-05-07,,,§ 88,,,,666,8
175809,2025-05-07,,,§ 89,,,,666,8
175810,2025-05-07,,,§ 90,,,,666,8
175811,2025-05-07 12:32:33,A10-0074/2025,,Niclas Herbst - § 98 - Am 22,198,453,13,2,8
175812,2025-05-07 12:32:44,A10-0074/2025,,"Niclas Herbst - § 100, après le point viii - Am 77",196,445,7,18,8
175813,2025-05-07,,,"§ 100, point ix",,,,666,8
175814,2025-05-07 12:33:05,A10-0074/2025,,Niclas Herbst - § 108 - Am 23,219,437,2,8,8
175815,2025-05-07 12:33:16,A10-0074/2025,,Niclas Herbst - Après le § 108 - Am 45,222,416,10,18,8
175816,2025-05-07,,,§ 117,,,,666,8
175817,2025-05-07 12:33:49,A10-0074/2025,,Niclas Herbst - Après le § 124 - Am 52,206,432,16,12,8
175819,2025-05-07,,,§ 130,,,,666,8
175820,2025-05-07,,,§ 130,,,,666,8
175821,2025-05-07,,,§ 130,,,,666,8
175822,2025-05-07 12:34:13,A10-0074/2025,,Niclas Herbst - § 131 - Am 24,283,365,14,4,8
175824,2025-05-07,,,§ 131,,,,666,8
175825,2025-05-07,,,§ 131,552,95,12,666,8
175826,2025-05-07,,,§ 131,,,,666,8
175827,2025-05-07,,,§ 131,,,,666,8
175828,2025-05-07,,,§ 131,,,,666,8
175829,2025-05-07 12:34:56,A10-0074/2025,,Niclas Herbst - Après le § 131 - Am 25,281,375,5,5,8
175830,2025-05-07 12:35:07,A10-0074/2025,,Niclas Herbst - Après le § 131 - Am 46,238,407,9,12,8
175831,2025-05-07 12:35:17,A10-0074/2025,,Niclas Herbst - Après le § 131 - Am 47,228,405,3,30,8
175832,2025-05-07 12:35:28,A10-0074/2025,,Niclas Herbst - Après le § 131 - Am 79,202,431,13,20,8
175833,2025-05-07,,,"§ 134, point v",,,,666,8
175834,2025-05-07 12:35:59,A10-0074/2025,,Niclas Herbst - Après le § 143 - Am 8,281,260,121,4,8
175835,2025-05-07 12:36:12,A10-0074/2025,,Niclas Herbst - Après le § 143 - Am 27,292,257,103,14,8
175836,2025-05-07 12:36:27,A10-0074/2025,,Niclas Herbst - Après le § 145 - Am 48,199,459,6,2,8
175837,2025-05-07,,,§ 152,,,,666,8
175838,2025-05-07 12:36:46,A10-0074/2025,,Niclas Herbst - Après le § 152 - Am 30,219,407,36,4,8
175839,2025-05-07 12:36:57,A10-0074/2025,,Niclas Herbst - Après le § 152 - Am 83,200,439,8,19,8
175841,2025-05-07,,,§ 154,418,135,102,666,8
175842,2025-05-07,,,§ 155,,,,666,8
175843,2025-05-07,,,§ 156,,,,666,8
175845,2025-05-07 12:37:44,A10-0074/2025,,"Niclas Herbst - § 171, après le point vi - Am 85",212,431,11,12,8
175846,2025-05-07 12:37:55,A10-0074/2025,,"Niclas Herbst - § 171, après le point vi - Am 86",208,438,8,12,8
175847,2025-05-07 12:38:08,A10-0074/2025,,Niclas Herbst - Après le § 179 - Am 88,207,443,13,3,8
175848,2025-05-07 12:38:20,A10-0074/2025,,Niclas Herbst - Après le § 183 - Am 91,225,387,28,26,8
175849,2025-05-07 12:38:36,A10-0074/2025,,Niclas Herbst - Après le § 185 - Am 32,287,239,135,5,8
175850,2025-05-07 12:38:48,A10-0074/2025,,Niclas Herbst - Après le § 186 - Am 33,186,263,214,3,8
175851,2025-05-07,,,§ 188,,,,666,8
175852,2025-05-07 12:39:20,A10-0074/2025,,Niclas Herbst - Après le § 224 - Am 34,248,352,54,12,8
175853,2025-05-07 12:39:32,A10-0074/2025,,Niclas Herbst - Après le § 236 - Am 9,284,311,67,4,8
175854,2025-05-07 12:39:43,A10-0074/2025,,Niclas Herbst - Après le § 250 - Am 35,132,477,44,13,8
175855,2025-05-07 12:39:54,A10-0074/2025,,Niclas Herbst - Après le § 251 - Am 36,251,354,49,12,8
175856,2025-05-07 12:40:04,A10-0074/2025,,"Niclas Herbst - § 252, après le point xiii - Am 89",213,443,4,6,8
175857,2025-05-07 12:40:16,A10-0074/2025,,"Niclas Herbst - § 252, après le point xv - Am 90",191,447,18,10,8
175858,2025-05-07 12:59:34,A10-0065/2025,,Erik Marquardt - Proposition de décision concernant la décharge (AUEA),520,126,6,14,8
175859,2025-05-07 13:00:40,A10-0065/2025,,Erik Marquardt - Proposition de décision concernant la décharge (Frontex),473,120,64,9,8
175860,2025-05-07,,,§ 4,,,,666,8
175861,2025-05-07 13:01:28,A10-0065/2025,,Erik Marquardt - Après le § 8 - Am 12,192,454,11,9,8
175862,2025-05-07 13:01:43,A10-0065/2025,,Erik Marquardt - § 17 - Am 30,195,459,4,8,8
175863,2025-05-07 13:01:54,A10-0065/2025,,Erik Marquardt - § 18 - Am 14,192,439,5,30,8
175864,2025-05-07 13:02:06,A10-0065/2025,,Erik Marquardt - § 18 - Am 31,194,452,3,17,8
175865,2025-05-07 13:02:16,A10-0065/2025,,Erik Marquardt - Après le § 18 - Am 15,213,421,7,25,8
175866,2025-05-07 13:02:29,A10-0065/2025,,Erik Marquardt - Après le § 18 - Am 17,200,446,4,16,8
175867,2025-05-07 13:02:44,A10-0065/2025,,Erik Marquardt - § 21 - Am 18,188,448,18,12,8
175868,2025-05-07 13:03:52,A10-0065/2025,,Erik Marquardt - § 81 - Am 32,201,452,5,8,8
175870,2025-05-07,,,After § 82,,,,666,8
175871,2025-05-07,,,After § 82,,,,666,8
175873,2025-05-07,,,§ 82,,,,666,8
175874,2025-05-07,,,§ 82,,,,666,8
175875,2025-05-07 13:04:28,A10-0065/2025,,Erik Marquardt - § 85 - Am 33,200,426,16,24,8
175876,2025-05-07,,,§ 85,,,,666,8
175878,2025-05-07,,,§ 92,,,,666,8
175879,2025-05-07,,,§ 92,,,,666,8
175881,2025-05-07,,,§ 94,,,,666,8
175882,2025-05-07,,,§ 94,,,,666,8
175883,2025-05-07,,,§ 94,,,,666,8
175884,2025-05-07 13:05:07,A10-0065/2025,,Erik Marquardt - § 96 - Am 36,643,11,4,8,8
175885,2025-05-07 13:05:38,A10-0065/2025,,Erik Marquardt - § 102 - Am 27,345,286,23,12,8
175886,2025-05-07 13:05:58,A10-0065/2025,,Erik Marquardt - § 108 - Am 34,200,448,8,10,8
175887,2025-05-07,,,§ 108,,,,666,8
175889,2025-05-07,,,§ 112,,,,666,8
175890,2025-05-07,,,§ 112,,,,666,8
175891,2025-05-07,,,§ 112,,,,666,8
175893,2025-05-07,,,§ 113,,,,666,8
175894,2025-05-07,,,§ 113,,,,666,8
175895,2025-05-07,,,§ 113,,,,666,8
175897,2025-05-07,,,§ 114,,,,666,8
175898,2025-05-07,,,§ 114,,,,666,8
175900,2025-05-07,,,§ 115,,,,666,8
175901,2025-05-07,,,§ 115,,,,666,8
175903,2025-05-07,,,§ 116,,,,666,8
175904,2025-05-07,,,§ 116,,,,666,8
175906,2025-05-07,,,§ 117,,,,666,8
175907,2025-05-07,,,§ 117,,,,666,8
175908,2025-05-07,,,§ 117,,,,666,8
175909,2025-05-07 13:07:48,A10-0065/2025,,Erik Marquardt - § 142 - Am 35,169,446,41,10,8
175911,2025-05-07,,,§ 163,,,,666,8
175912,2025-05-07,,,§ 163,,,,666,8
175913,2025-05-07 12:44:31,A10-0047/2025,,Dick Erixon - Proposition de décision (ensemble du texte),630,16,16,4,8
175915,2025-05-07,,,§ 14,,,,666,8
175916,2025-05-07 12:44:50,A10-0047/2025,,Dick Erixon - § 14/2,385,249,31,1,8
175918,2025-05-07,,,§ 22,,,,666,8
175919,2025-05-07 12:45:04,A10-0047/2025,,Dick Erixon - § 22/2,481,115,66,4,8
175921,2025-05-07,,,§ 23,,,,666,8
175922,2025-05-07 12:45:20,A10-0047/2025,,Dick Erixon - § 23/2,537,101,23,5,8
175924,2025-05-07,,,§ 31,,,,666,8
175925,2025-05-07 12:45:33,A10-0047/2025,,Dick Erixon - § 31/2,488,109,68,1,8
175927,2025-05-07,,,§ 33,,,,666,8
175928,2025-05-07 12:45:48,A10-0047/2025,,Dick Erixon - § 33/2,473,121,69,3,8
175929,2025-05-07 12:45:58,A10-0047/2025,,Dick Erixon - § 45 - Am 1,258,323,80,5,8
175930,2025-05-07 12:46:09,A10-0047/2025,,Dick Erixon - § 47 - Am 2,259,325,77,5,8
175931,2025-05-07 12:41:05,A10-0052/2025,,Joachim Stanisław Brudziński - Proposition de décision,588,62,16,0,8
175932,2025-05-07 12:41:24,A10-0052/2025,,Joachim Stanisław Brudziński - § 20 - Am 1,105,430,130,1,8
175933,2025-05-07 12:41:35,A10-0052/2025,,Joachim Stanisław Brudziński - Après le § 20 - Am 2,283,358,20,5,8
175934,2025-05-07 12:41:44,A10-0052/2025,,Joachim Stanisław Brudziński - Après le § 22 - Am 3,293,352,15,6,8
175935,2025-05-07 12:41:54,A10-0052/2025,,Joachim Stanisław Brudziński - Après le § 22 - Am 5,246,383,20,17,8
175936,2025-05-07 12:42:06,A10-0052/2025,,Joachim Stanisław Brudziński - Après le § 23 - Am 7,229,400,20,17,8
175937,2025-05-07,,,§ 24,,,,666,8
175938,2025-05-07 12:42:27,A10-0052/2025,,Joachim Stanisław Brudziński - § 52 - Am 4,379,260,22,5,8
175939,2025-05-07 12:42:37,A10-0052/2025,,Joachim Stanisław Brudziński - Après le § 57 - Am 8,316,327,17,6,8
175940,2025-05-07 13:33:12,A10-0072/2025,,Tonino Picula - Avant le § 1 - Am 7,75,532,9,50,8
175941,2025-05-07 13:35:06,A10-0072/2025,,Tonino Picula - Après le § 27 - Am 9,431,60,133,42,8
175942,2025-05-07,,,After § 28,,,,666,8
175946,2025-05-07 13:35:33,A10-0072/2025,,Tonino Picula - Après le § 49 - Am 11,236,194,192,44,8
175947,2025-05-07,,,§ 51,,,,666,8
175948,2025-05-07,,,Recital K,,,,666,8
175950,2025-05-07,,,§ 11,,,,666,8
175951,2025-05-07,,,§ 11,,,,666,8
175952,2025-05-07 13:12:52,A10-0076/2025,,"Siegfried Mureşan, Carla Tavares - Après le § 11 - Am 8",210,425,8,23,8
175953,2025-05-07 13:13:08,A10-0076/2025,,"Siegfried Mureşan, Carla Tavares - Après le § 28 - Am 9",237,405,8,16,8
175954,2025-05-07 13:14:20,A10-0076/2025,,"Siegfried Mureşan, Carla Tavares - Après le § 37 - Am 7",277,319,51,19,8
175955,2025-05-07 13:14:32,A10-0076/2025,,"Siegfried Mureşan, Carla Tavares - Après le § 51 - Am 10",207,421,7,31,8
175956,2025-05-07 13:14:41,A10-0076/2025,,"Siegfried Mureşan, Carla Tavares - Après le § 54 - Am 11",185,423,16,42,8
175957,2025-05-07 13:14:51,A10-0076/2025,,"Siegfried Mureşan, Carla Tavares - Après le § 64 - Am 12",226,384,17,39,8
175958,2025-05-07 13:15:01,A10-0076/2025,,"Siegfried Mureşan, Carla Tavares - Après le § 70 - Am 13",206,431,2,27,8
175959,2025-05-07 13:15:11,A10-0076/2025,,"Siegfried Mureşan, Carla Tavares - Après le § 72 - Am 14",209,397,13,47,8
175960,2025-05-07 13:15:21,A10-0076/2025,,"Siegfried Mureşan, Carla Tavares - Après le § 72 - Am 15",210,424,5,27,8
175961,2025-05-07 13:15:31,A10-0076/2025,,"Siegfried Mureşan, Carla Tavares - Après le § 76 - Am 16",187,437,7,35,8
175962,2025-05-07 13:15:43,A10-0076/2025,,"Siegfried Mureşan, Carla Tavares - Après le § 76 - Am 17",179,439,17,31,8
175964,2025-05-07,,,§ 122,,,,666,8
175965,2025-05-07,,,§ 122,,,,666,8
175966,2025-05-07 13:16:03,A10-0076/2025,,"Siegfried Mureşan, Carla Tavares - Après le § 125 - Am 18",206,437,6,17,8
175967,2025-05-07,,,§ 1,,,,666,8
175968,2025-05-07 13:37:08,A10-0075/2025,,Riho Terras - Après le § 1 - Am 2,117,454,20,75,8
175969,2025-05-07,,,§ 2,,,,666,8
175970,2025-05-07,,,§ 22,,,,666,8
175971,2025-05-07 13:37:53,A10-0075/2025,,Riho Terras - § 27 - Am 8,133,443,37,53,8
175972,2025-05-07 13:38:04,A10-0075/2025,,Riho Terras - § 29 - Am 9,106,396,76,88,8
175973,2025-05-07,,,§ 35,,,,666,8
175974,2025-05-07,,,§ 41,,,,666,8
175975,2025-05-07 13:21:31,A10-0067/2025,,Nacho Sánchez Amor - § 1 - Am 39,121,459,32,54,8
175976,2025-05-07 13:21:42,A10-0067/2025,,Nacho Sánchez Amor - § 1 - Am 6,395,126,97,48,8
175977,2025-05-07 13:21:52,A10-0067/2025,,Nacho Sánchez Amor - Après le § 1 - Am 20,138,474,16,38,8
175979,2025-05-07 13:22:03,A10-0067/2025,,Nacho Sánchez Amor - Après le § 1 - Am 21/1,138,485,6,37,8
175980,2025-05-07 13:22:13,A10-0067/2025,,Nacho Sánchez Amor - Après le § 1 - Am 21/2,135,468,16,47,8
175981,2025-05-07 13:22:24,A10-0067/2025,,Nacho Sánchez Amor - Après le § 1 - Am 21/3,116,495,23,32,8
175982,2025-05-07 13:22:35,A10-0067/2025,,Nacho Sánchez Amor - Après le § 1 - Am 22,118,446,65,37,8
175983,2025-05-07 13:22:49,A10-0067/2025,,Nacho Sánchez Amor - Après le § 6 - Am 40,224,374,18,50,8
175985,2025-05-07,,,§ 13,,,,666,8
175986,2025-05-07,,,§ 13,,,,666,8
175987,2025-05-07 13:23:06,A10-0067/2025,,Nacho Sánchez Amor - § 15 - Am 1,575,33,20,38,8
175988,2025-05-07 13:23:15,A10-0067/2025,,Nacho Sánchez Amor - Après le § 15 - Am 2,569,4,41,52,8
175989,2025-05-07 13:23:32,A10-0067/2025,,Nacho Sánchez Amor - Après le § 18 - Am 44,424,183,15,44,8
175990,2025-05-07 13:23:45,A10-0067/2025,,Nacho Sánchez Amor - § 19 - Am 3,480,105,43,38,8
175992,2025-05-07 13:23:57,A10-0067/2025,,Nacho Sánchez Amor - § 21 - Am 7/1,393,182,49,42,8
175993,2025-05-07 13:24:08,A10-0067/2025,,Nacho Sánchez Amor - § 21 - Am 7/2,216,330,76,44,8
175994,2025-05-07 13:24:40,A10-0067/2025,,Nacho Sánchez Amor - § 23 - Am 8,554,7,73,32,8
175996,2025-05-07,,,§ 24,,,,666,8
175997,2025-05-07,,,§ 24,,,,666,8
175998,2025-05-07,,,§ 24,,,,666,8
175999,2025-05-07,,,§ 24,,,,666,8
176000,2025-05-07,,,§ 24,,,,666,8
176001,2025-05-07,,,§ 24,,,,666,8
176002,2025-05-07,,,After § 23,,,,666,8
176003,2025-05-07 13:25:23,A10-0067/2025,,Nacho Sánchez Amor - Après le § 23 - Am 25,153,394,77,42,8
176004,2025-05-07 13:25:35,A10-0067/2025,,Nacho Sánchez Amor - Après le § 25 - Am 41,195,386,21,64,8
176005,2025-05-07 13:25:55,A10-0067/2025,,Nacho Sánchez Amor - Après le § 28 - Am 4,105,467,63,31,8
176007,2025-05-07,,,§ 29,,,,666,8
176008,2025-05-07,,,§ 29,,,,666,8
176010,2025-05-07,,,§ 30,,,,666,8
176011,2025-05-07,,,§ 30,,,,666,8
176013,2025-05-07,,,§ 31,,,,666,8
176014,2025-05-07,,,§ 31,,,,666,8
176016,2025-05-07,,,§ 32,,,,666,8
176017,2025-05-07,,,§ 32,,,,666,8
176019,2025-05-07,,,§ 37,,,,666,8
176020,2025-05-07,,,§ 37,,,,666,8
176022,2025-05-07,,,§ 39,,,,666,8
176023,2025-05-07,,,§ 39,,,,666,8
176024,2025-05-07,,,§ 39,,,,666,8
176025,2025-05-07 13:29:50,A10-0067/2025,,Nacho Sánchez Amor - § 43 - Am 27,146,443,38,39,8
176026,2025-05-07 13:30:14,A10-0067/2025,,Nacho Sánchez Amor - § 49 - Am 10,461,55,112,38,8
176028,2025-05-07,,,§ 49,,,,666,8
176029,2025-05-07,,,§ 49,,,,666,8
176030,2025-05-07,,,§ 49,,,,666,8
176031,2025-05-07 13:30:29,A10-0067/2025,,Nacho Sánchez Amor - § 50 - Am 11,348,204,69,45,8
176033,2025-05-07 13:30:42,A10-0067/2025,,Nacho Sánchez Amor - § 51/1,476,88,50,52,8
176034,2025-05-07 13:30:52,A10-0067/2025,,Nacho Sánchez Amor - § 51/2,426,192,4,44,8
176036,2025-05-07 13:31:05,A10-0067/2025,,Nacho Sánchez Amor - § 52 - Am 12/1,409,157,62,38,8
176037,2025-05-07 13:31:16,A10-0067/2025,,Nacho Sánchez Amor - § 52 - Am 12/2,557,15,51,43,8
176039,2025-05-07,,,§ 52,,,,666,8
176040,2025-05-07,,,§ 52,,,,666,8
176041,2025-05-07,,,§ 53,,,,666,8
176042,2025-05-07 13:31:35,A10-0067/2025,,Nacho Sánchez Amor - § 54 - Am 13,493,84,49,40,8
176043,2025-05-07 13:31:45,A10-0067/2025,,Nacho Sánchez Amor - § 57,441,131,43,51,8
176044,2025-05-07 13:31:55,A10-0067/2025,,Nacho Sánchez Amor - Après le considérant K - Am 37,160,436,27,43,8
176045,2025-05-07 13:32:06,A10-0067/2025,,Nacho Sánchez Amor - Après le considérant K - Am 38,170,410,33,53,8
176047,2025-05-07 13:16:38,A10-0073/2025,,Thomas Bajada - § 9/1,533,70,34,29,8
176048,2025-05-07 13:16:48,A10-0073/2025,,Thomas Bajada - § 9/2,447,171,17,31,8
176049,2025-05-07 13:16:58,A10-0073/2025,,Thomas Bajada - Après le § 10 - Am 2,342,230,67,27,8
176050,2025-05-07 13:17:18,A10-0073/2025,,Thomas Bajada - § 14 - Am 7,223,410,5,28,8
176051,2025-05-07 13:17:33,A10-0073/2025,,Thomas Bajada - § 21 - Am 8,205,427,5,29,8
176052,2025-05-07 13:18:04,A10-0073/2025,,Thomas Bajada - Après le § 25 - Am 9,225,393,14,34,8
176053,2025-05-07 13:18:19,A10-0073/2025,,Thomas Bajada - Après le § 27 - Am 10,221,401,10,34,8
176055,2025-05-07 13:18:37,A10-0073/2025,,Thomas Bajada - § 42 - Am 4/1,532,75,33,26,8
176056,2025-05-07 13:18:47,A10-0073/2025,,Thomas Bajada - § 42 - Am 4/2,451,172,14,29,8
176058,2025-05-07,,,§ 42,,,,666,8
176059,2025-05-07,,,§ 42,,,,666,8
176060,2025-05-07,,,§ 42,,,,666,8
176061,2025-05-07,,,§ 49,,,,666,8
176062,2025-05-07 13:19:26,A10-0073/2025,,Thomas Bajada - Après le § 55 - Am 11,211,410,19,26,8
176063,2025-05-07 13:19:37,A10-0073/2025,,Thomas Bajada - Après le § 55 - Am 12,173,416,43,34,8
176064,2025-05-07 13:19:48,A10-0073/2025,,Thomas Bajada - Après le § 62 - Am 13,222,405,12,27,8
176065,2025-05-07 13:20:04,A10-0073/2025,,Thomas Bajada - § 88,460,165,18,23,8
176067,2025-05-07 13:20:15,A10-0073/2025,,Thomas Bajada - Considérant O/1,589,39,9,29,8
176068,2025-05-07 13:20:25,A10-0073/2025,,Thomas Bajada - Considérant O/2,433,190,16,27,8
176069,2025-05-07 13:20:36,A10-0073/2025,,Thomas Bajada - Après le considérant R - Am 5,232,393,17,24,8
176070,2025-05-07,,,Recital AF,,,,666,8
176071,2025-05-07 13:20:57,A10-0073/2025,,Thomas Bajada - Après le considérant AL - Am 6,229,399,15,23,8
176082,2025-05-06,,,Approval without vote,,,,668,8
176083,2025-05-06,,,Approval without vote,,,,668,8
176084,2025-05-06,,,Approval without vote,,,,668,8
176087,2025-05-07,,,§ 23,,,,666,8
176088,2025-05-07,,,After § 31,,,,666,8
176089,2025-05-08 12:51:46,B10-0244/2025,,Proposition de résolution,373,150,10,61,10
176090,2025-05-07 12:23:04,C10-0063/2025,,Demande de décision d'urgence,316,291,27,32,8
176091,2025-05-07 12:23:35,EP error,,Demande de décision d'urgence,370,268,16,12,8
176092,2025-05-08 12:47:39,A10-0044/2025,,Ralf Seekatz - § 1 - Am 1,180,346,28,40,10
176093,2025-05-08,,,§ 2,,,,594,10
176095,2025-05-08,,,§ 8,,,,594,10
176096,2025-05-08,,,§ 8,,,,594,10
176097,2025-05-08 12:48:33,A10-0044/2025,,Ralf Seekatz - § 9,439,48,55,52,10
176098,2025-05-08 12:48:44,A10-0044/2025,,Ralf Seekatz - Après le § 10 - Am 5,134,365,50,45,10
176099,2025-05-08 12:48:56,A10-0044/2025,,Ralf Seekatz - § 16 - Am 6,121,372,56,45,10
176100,2025-05-08 12:49:08,A10-0044/2025,,Ralf Seekatz - § 17,366,77,94,57,10
176101,2025-05-08 12:49:20,A10-0044/2025,,Ralf Seekatz - Après le § 18 - Am 2,267,246,31,50,10
176102,2025-05-08 12:49:44,A10-0044/2025,,Ralf Seekatz - § 25,355,117,69,53,10
176103,2025-05-08 12:50:01,A10-0044/2025,,Ralf Seekatz - § 32 - Am 8,77,382,88,47,10
176104,2025-05-08 12:50:13,A10-0044/2025,,Ralf Seekatz - § 35 - Am 9,89,375,83,47,10
176106,2025-05-08,,,§ 44,,,,594,10
176107,2025-05-08 12:50:36,A10-0044/2025,,Ralf Seekatz - § 44/2,378,142,21,53,10
176109,2025-05-08,,,Recital F,,,,594,10
176110,2025-05-08,,,Recital F,,,,594,10
176111,2025-05-08,,,Recital J,,,,594,10
176112,2025-05-08 12:16:06,A10-0079/2025,,"Borys Budka - Article 1, après l'alinéa 1 Règlement (UE) 2017/1938; Article 6 bis, § 1, alinéa 1 - Am 4",75,465,32,22,10
176113,2025-05-08,,,"Article 1, after § 1 Regulation (EU) 2017/1938 Article 6a (b), § 1, sub§ 1",,,,594,10
176115,2025-05-08 12:16:28,A10-0079/2025,,"Borys Budka - Après l'article 1 Règlement (UE) 2017/1938; Article 6 bis, après le § 5 - Am 5/1",92,472,7,23,10
176116,2025-05-08,,,"After Article 1 Regulation (EU) 2017/1938 Article 6a (c), after § 5",,,,594,10
176117,2025-05-08,,,"After Article 1 Regulation (EU) 2017/1938 Article 6a (c), after § 5",,,,594,10
176118,2025-05-08,,,"After Article 1 Regulation (EU) 2017/1938 Article 6a (c), after § 5",,,,594,10
176120,2025-05-08,,,"Article 1 Regulation (EU) 2017/1938 Article 6a (c), § 5b",,,,594,10
176121,2025-05-08,,,"Article 1 Regulation (EU) 2017/1938 Article 6a (c), § 5b",325,178,68,594,10
176123,2025-05-08,,,"Article 1 Regulation (EU) 2017/1938 Article 6a (f), § 10",,,,594,10
176124,2025-05-08,,,"Article 1 Regulation (EU) 2017/1938 Article 6a (f), § 10",,,,594,10
176126,2025-05-08,,,"Article 1 Regulation (EU) 2017/1938 Article 6d (a), § 2",,,,594,10
176127,2025-05-08,,,"Article 1 Regulation (EU) 2017/1938 Article 6d (a), § 2",,,,594,10
176129,2025-05-08,,,"Article 1 Regulation (EU) 2017/1938 Article 6d (b), § 5",,,,594,10
176130,2025-05-08,,,"Article 1 Regulation (EU) 2017/1938 Article 6d (b), § 5",,,,594,10
176131,2025-05-08 12:18:19,A10-0079/2025,,Borys Budka - Après le considérant 1 - Am 7,366,140,67,21,10
176133,2025-05-08,,,Recital 3,,,,594,10
176134,2025-05-08,,,Recital 3,,,,594,10
176136,2025-05-08 12:18:51,A10-0079/2025,,Borys Budka - Après le considérant 8 - Am 2/1,94,478,5,17,10
176137,2025-05-08,,,After recital 8,,,,594,10
176138,2025-05-08,,,After recital 8,,,,594,10
176139,2025-05-08 12:19:50,A10-0079/2025,,Borys Budka - Après le considérant 9 - Am 3,102,427,45,20,10
176141,2025-05-08,,,Recital 10b,,,,594,10
176142,2025-05-08,,,Recital 10b,370,186,14,594,10
176143,2025-05-08,,,Recital 10b,,,,594,10
176144,2025-05-08 12:20:45,A10-0079/2025,,Borys Budka - Après le considérant 10 - Am 8,100,440,31,23,10
176145,2025-05-08 12:41:09,A10-0071/2025,,Lara Wolters - Après le § 3 - Am 6,66,477,22,29,10
176146,2025-05-08 12:41:22,A10-0071/2025,,Lara Wolters - Après le § 3 - Am 7,66,368,130,30,10
176147,2025-05-08 12:41:34,A10-0071/2025,,Lara Wolters - Après le § 3 - Am 8,49,465,55,25,10
176148,2025-05-08 12:41:46,A10-0071/2025,,Lara Wolters - Après le § 4 - Am 2,175,372,22,25,10
176150,2025-05-08 12:45:25,A10-0071/2025,,Lara Wolters - Après le § 11 - Am 10,94,453,13,34,10
176151,2025-05-08 12:45:38,A10-0071/2025,,Lara Wolters - § 14 - Am 11,88,335,128,43,10
176152,2025-05-08 12:45:58,A10-0071/2025,,Lara Wolters - § 17,508,30,19,37,10
176153,2025-05-08 12:46:11,A10-0071/2025,,Lara Wolters - Après le § 18 - Am 12,89,411,58,36,10
176155,2025-05-08,,,§ 22,,,,594,10
176156,2025-05-08 12:46:29,A10-0071/2025,,Lara Wolters - § 22/2,507,44,7,36,10
176157,2025-05-08 12:46:47,A10-0071/2025,,Lara Wolters - § 38 - Am 13,60,427,77,30,10
176158,2025-05-08 12:46:58,A10-0071/2025,,Lara Wolters - Après le § 39 - Am 14,113,302,144,35,10
176159,2025-05-08,,,§ 40,,,,594,10
176160,2025-05-08,,,Amendments by the committee responsible – put to the vote collectively,,,,594,10
176161,2025-05-08,,,Amendments by the committee responsible – separate and split votes,,,,594,10
176162,2025-05-08,,,Amendments by the committee responsible – separate and split votes,,,,594,10
176163,2025-05-08 12:22:27,A10-0061/2025,,Raphaël Glucksmann - Amendements de la commission compétente - votes séparés et votes par division - Am 100,370,196,9,19,10
176164,2025-05-08 12:22:40,A10-0061/2025,,Raphaël Glucksmann - Amendements de la commission compétente - votes séparés et votes par division - Am 117,386,174,7,27,10
176165,2025-05-08 12:22:53,A10-0061/2025,,Raphaël Glucksmann - Amendements de la commission compétente - votes séparés et votes par division - Am 118,371,194,6,23,10
176166,2025-05-08 12:23:04,A10-0061/2025,,Raphaël Glucksmann - Amendements de la commission compétente - votes séparés et votes par division - Am 119,357,206,6,25,10
176167,2025-05-08 12:23:17,A10-0061/2025,,Raphaël Glucksmann - Amendements de la commission compétente - votes séparés et votes par division - Am 120,361,209,6,18,10
176168,2025-05-08 12:23:29,A10-0061/2025,,Raphaël Glucksmann - Amendements de la commission compétente - votes séparés et votes par division - Am 121,358,208,7,21,10
176169,2025-05-08 12:23:45,A10-0061/2025,,Raphaël Glucksmann - Amendements de la commission compétente - votes séparés et votes par division - Am 122,378,191,2,23,10
176170,2025-05-08 12:23:57,A10-0061/2025,,Raphaël Glucksmann - Amendements de la commission compétente - votes séparés et votes par division - Am 123,376,195,2,21,10
176171,2025-05-08 12:24:08,A10-0061/2025,,Raphaël Glucksmann - Amendements de la commission compétente - votes séparés et votes par division - Am 151,391,180,0,23,10
176172,2025-05-08,,,Amendments by the committee responsible – separate and split votes,,,,594,10
176173,2025-05-08,,,Amendments by the committee responsible – separate and split votes,,,,594,10
176174,2025-05-08 12:24:37,A10-0061/2025,,"Raphaël Glucksmann - Article 2, § 1, point 15 - Am 279",96,459,13,26,10
176175,2025-05-08 12:24:50,A10-0061/2025,,"Raphaël Glucksmann - Article 4, § 2, après le sous-point i - Am 280",60,502,6,26,10
176176,2025-05-08 12:26:24,A10-0061/2025,,"Raphaël Glucksmann - Article 7, § 9 - Am 270S",176,382,14,22,10
176177,2025-05-08 12:26:40,A10-0061/2025,,"Raphaël Glucksmann - Article 7, § 9 - Am 116",369,199,8,18,10
176178,2025-05-08 12:28:05,A10-0061/2025,,"Raphaël Glucksmann - Article 13, § 3, après le point b - Am 254",56,512,7,19,10
176179,2025-05-08 12:28:20,A10-0061/2025,,"Raphaël Glucksmann - Article 13, § 3, après le point c - Am 292",53,461,42,38,10
176180,2025-05-08 12:28:54,A10-0061/2025,,"Raphaël Glucksmann - Article 13, § 3, après le point c - Am 294",63,504,6,21,10
176181,2025-05-08 12:29:31,A10-0061/2025,,Raphaël Glucksmann - Article 19 - Am 274S= 297S=,175,386,10,23,10
176182,2025-05-08,,,Article 19,,,,594,10
176183,2025-05-08,,,Article 19,,,,594,10
176184,2025-05-08,,,Article 19,,,,594,10
176185,2025-05-08 12:30:05,A10-0061/2025,,Raphaël Glucksmann - Article 20 - Am 275S= 298S=,173,386,13,22,10
176186,2025-05-08 12:30:45,A10-0061/2025,,Raphaël Glucksmann - Considérant 15 - Am 257,180,392,2,20,10
176187,2025-05-08 12:31:05,A10-0061/2025,,Raphaël Glucksmann - Après le considérant 23 - Am 258,179,387,0,28,10
176188,2025-05-08 12:31:18,A10-0061/2025,,Raphaël Glucksmann - Après le considérant 26 - Am 259,178,385,0,31,10
176189,2025-05-08 12:31:35,A10-0061/2025,,Raphaël Glucksmann - Considérant 35 - Am 277,55,512,6,21,10
176190,2025-05-08 12:31:53,A10-0061/2025,,Raphaël Glucksmann - Considérant 37 - Am 278,58,515,4,17,10
176191,2025-05-08 12:32:46,A10-0061/2025,,"Raphaël Glucksmann - Demande de renvoi (article 60, paragraphe 4, du ; règlement)",427,122,10,35,10
176194,2025-05-08,B10-0246/2025,,§ 4,,,,594,10
176196,2025-05-08,B10-0246/2025,,§ 7,,,,594,10
176197,2025-05-08,B10-0246/2025,,§ 8,,,,594,10
176198,2025-05-08,B10-0246/2025,,§ 11,,,,594,10
176199,2025-05-08,B10-0246/2025,,After § 11,,,,594,10
176200,2025-05-08,B10-0246/2025,,§ 13,,,,594,10
176205,2025-05-08,B10-0246/2025,,§ 28,,,,594,10
176207,2025-05-08,B10-0246/2025,,§ 30,,,,594,10
176208,2025-05-08,B10-0246/2025,,§ 34,,,,594,10
176210,2025-05-08,B10-0246/2025,,§ 36,,,,594,10
176211,2025-05-08,B10-0246/2025,,§ 37,211,253,6,594,10
176213,2025-05-08,B10-0246/2025,,§ 38,,,,594,10
176214,2025-05-08,B10-0246/2025,,Recital A,,,,594,10
176215,2025-05-08,B10-0246/2025,,Recital B,,,,594,10
176216,2025-05-08,B10-0246/2025,,Recital C,,,,594,10
176217,2025-05-08,B10-0246/2025,,Recital D,,,,594,10
176219,2025-05-08,B10-0246/2025,,Recital F,,,,594,10
176221,2025-05-07,,,After § 38,,,,666,8
176228,2025-05-08,,,After § 4,,,,594,10
176229,2025-05-08,,,After § 6,,,,594,10
176230,2025-05-08,,,After recital B,,,,594,10
176233,2025-05-08,B10-0247/2025,,B10-0247/2025,,,,594,10
176234,2025-05-08,B10-0249/2025,,B10-0249/2025,,,,594,10
176235,2025-05-08,B10-0250/2025,,B10-0250/2025,,,,594,10
176236,2025-05-08,B10-0252/2025,,B10-0252/2025,,,,594,10
176237,2025-05-08,B10-0255/2025,,B10-0255/2025,,,,594,10
176238,2025-05-08,B10-0258/2025,,B10-0258/2025,,,,594,10
176241,2025-05-08 12:15:30,C10-0044/2025,,Proposition de la Commission,371,162,37,24,10
176246,2025-05-08,B10-0248/2025,,B10-0248/2025,,,,594,10
176247,2025-05-08,B10-0251/2025,,B10-0251/2025,,,,594,10
176248,2025-05-08,B10-0253/2025,,B10-0253/2025,,,,594,10
176249,2025-05-08,B10-0254/2025,,B10-0254/2025,,,,594,10
176250,2025-05-08,B10-0256/2025,,B10-0256/2025,,,,594,10
176251,2025-05-08,B10-0259/2025,,B10-0259/2025,,,,594,10
176253,2025-05-08 12:52:13,B10-0246/2025,,Après le § 2 - Am 22/1,286,183,30,95,10
176254,2025-05-08 12:52:23,B10-0246/2025,,Après le § 2 - Am 22/2,157,337,6,94,10
176256,2025-05-08,,,§ 4,,,,594,10
176257,2025-05-08 12:52:45,B10-0246/2025,,§ 4/2,386,87,27,94,10
176258,2025-05-08 12:52:56,B10-0246/2025,,§ 5 - Am 9,127,321,40,106,10
176260,2025-05-08,,,§ 12,,,,594,10
176261,2025-05-08,,,§ 12,,,,594,10
176262,2025-05-08 12:53:49,B10-0246/2025,,Après le § 15 - Am 25,137,326,22,109,10
176263,2025-05-08 12:54:00,B10-0246/2025,,§ 16 - Am 14,67,378,36,113,10
176265,2025-05-08,,,§ 16,,,,594,10
176266,2025-05-08,,,§ 16,,,,594,10
176268,2025-05-08 12:54:23,B10-0246/2025,,Après le § 21 - Am 23/1,281,193,1,119,10
176269,2025-05-08 12:54:35,B10-0246/2025,,Après le § 21 - Am 23/2,168,312,1,113,10
176270,2025-05-08 12:54:48,B10-0246/2025,,§ 24 - Am 26,86,345,51,112,10
176271,2025-05-08 12:55:03,B10-0246/2025,,§ 29 - Am 16,100,306,71,117,10
176273,2025-05-08 12:55:24,B10-0246/2025,,§ 30/1,444,32,3,115,10
176274,2025-05-08 12:55:36,B10-0246/2025,,§ 30/2,375,92,6,121,10
176276,2025-05-08,,,§ 34,,,,594,10
176277,2025-05-08,,,§ 34,,,,594,10
176278,2025-05-08 12:56:07,B10-0246/2025,,§ 35 - Am 24,164,276,22,132,10
176279,2025-05-08 12:56:49,B10-0246/2025,,Après le § 37 - Am 27,146,311,14,123,10
176280,2025-05-08 12:57:21,B10-0246/2025,,Après le considérant E - Am 6,172,288,11,123,10
176281,2025-05-08 12:57:35,B10-0246/2025,,Proposition de résolution (ensemble du texte),306,80,57,151,10
176302,2025-05-08 12:14:45,C10-0062/2025,,Proposition de la Commission,458,101,14,21,10
176305,2025-05-08 12:15:14,C10-0044/2025,,Rejet - Am 1= 2=,171,365,31,27,10
176307,2025-05-08,,,§ 1,,,,594,10
176308,2025-05-08,,,§ 1,,,,594,10
176309,2025-05-08 12:08:20,RC-B10-0249/2025,,Proposition de résolution (ensemble du texte),516,3,34,41,10
176310,2025-05-08 12:10:34,C10-0062/2025,,Titre - Am 4,210,355,8,21,10
176311,2025-05-08 12:10:48,C10-0062/2025,,"Article 1, § 1, point 1 Règlement (UE) 2019/631 Article 1, § 5 bis - Am 3S= 19S=",200,351,16,27,10
176312,2025-05-08 12:11:00,C10-0062/2025,,"Article 1, § 1, point 1 Règlement (UE) 2019/631 Article 4, § 1 bis - Am 9= 20=",210,345,16,23,10
176313,2025-05-08 12:11:11,C10-0062/2025,,"Article 1, § 1, point 2 Règlement (UE) 2019/631 Article 6, § 2, alinéa 1 bis - Am 10",182,346,43,23,10
176314,2025-05-08 12:11:23,C10-0062/2025,,"Article 1, § 1, point 3 Règlement (UE) 2019/631 Article 8 - Am 21S",139,389,41,25,10
176315,2025-05-08 12:11:36,C10-0062/2025,,"Article 1, § 1, point 3 Règlement (UE) 2019/631 Article 8 - Am 22",178,351,37,28,10
176316,2025-05-08 12:11:48,C10-0062/2025,,"Article 1, § 1, point 3 Règlement (UE) 2019/631 Article 8 - Am 11",207,348,16,23,10
176317,2025-05-08 12:12:01,C10-0062/2025,,"Article 1, § 1, après le point 3 Règlement (UE) 2019/631 Article 15, § 1 - Am 23",159,347,55,33,10
176318,2025-05-08 12:12:12,C10-0062/2025,,Après le considérant 1 - Am 12,199,354,9,32,10
176319,2025-05-08 12:12:24,C10-0062/2025,,Après le considérant 1 - Am 13,205,350,12,27,10
176320,2025-05-08 12:12:36,C10-0062/2025,,Après le considérant 1 - Am 14,182,353,32,27,10
176321,2025-05-08 12:12:47,C10-0062/2025,,Considérant 2 - Am 15,179,349,37,29,10
176322,2025-05-08 12:13:01,C10-0062/2025,,Considérant 2 - Am 5,202,350,18,24,10
176323,2025-05-08 12:13:11,C10-0062/2025,,Considérant 3 - Am 16,180,348,36,30,10
176324,2025-05-08 12:13:23,C10-0062/2025,,Considérant 3 - Am 17,180,353,36,25,10
176325,2025-05-08 12:13:33,C10-0062/2025,,Considérant 3 - Am 6,206,349,16,23,10
176326,2025-05-08 12:13:44,C10-0062/2025,,Considérant 4 - Am 7,178,350,42,24,10
176327,2025-05-08 12:13:56,C10-0062/2025,,Considérant 5 - Am 18,180,350,37,27,10
176328,2025-05-08 12:14:08,C10-0062/2025,,Considérant 5 - Am 8,207,349,16,22,10
176329,2025-05-08 12:14:21,C10-0062/2025,,Après le considérant 5 - Am 1,146,372,48,28,10
176330,2025-05-08 12:14:31,C10-0062/2025,,Après le considérant 5 - Am 2,209,339,14,32,10
176333,2025-05-08,,,Motion for a resolution (as a whole),,,,594,10
176335,2025-05-08,B10-0260/2025,,B10-0260/2025,,,,594,10
176336,2025-05-08,B10-0261/2025,,B10-0261/2025,,,,594,10
176337,2025-05-08,B10-0262/2025,,B10-0262/2025,,,,594,10
176338,2025-05-08,B10-0263/2025,,B10-0263/2025,,,,594,10
176339,2025-05-08,B10-0264/2025,,B10-0264/2025,,,,594,10
176340,2025-05-08,B10-0265/2025,,B10-0265/2025,,,,594,10
176341,2025-05-08 12:08:41,RC-B10-0248/2025,,§ 1 - Am 1,154,379,19,42,10
176343,2025-05-08 12:09:49,RC-B10-0248/2025,,Proposition de résolution (ensemble du texte),478,30,41,45,10
176344,2025-05-08 12:07:05,RC-B10-0260/2025,,Après le § 5 - Am 1,154,389,12,39,10
176349,2025-05-08 12:45:06,A10-0071/2025,,Lara Wolters - Après le § 8 - Am 1,105,290,161,38,10
176350,2025-05-08,,,Motion for adjournment of the vote (Rule 206(4)),,,,594,10
176681,2025-05-22 11:22:44,A10-0083/2025,,Borys Budka - Proposition de la Commission au Conseil,489,55,38,0,10
176685,2025-05-22,,,Amendments by the committee responsible – put to the vote collectively,,,,570,10
176688,2025-05-22 11:19:20,A10-0043/2025,,Veronika Vrecionová - Proposition de la Commission,374,176,36,0,10
176689,2025-05-22,,,§ 1,,,,570,10
176690,2025-05-22,,,§ 2,,,,570,10
176692,2025-05-22,,,After § 2,,,,570,10
176693,2025-05-22,,,After § 2,253,335,8,570,10
176696,2025-05-22,,,After § 2,,,,570,10
176697,2025-05-22,,,After § 2,,,,570,10
176699,2025-05-22,,,§ 3,,,,570,10
176701,2025-05-22,,,§ 4,268,160,156,570,10
176702,2025-05-22,,,§ 5,,,,570,10
176703,2025-05-22,,,§ 6,268,314,13,570,10
176706,2025-05-22,,,After § 9,334,219,28,570,10
176708,2025-05-22,,,§ 10,,,,570,10
176710,2025-05-22,,,§ 11,,,,570,10
176712,2025-05-22,,,§ 15,,,,570,10
176714,2025-05-22,,,§ 20,292,276,14,570,10
176715,2025-05-22,,,§ 20,295,268,23,570,10
176717,2025-05-22,,,§ 21,,,,570,10
176720,2025-05-22,,,§ 25,307,260,13,570,10
176721,2025-05-22,,,§ 26,275,268,35,570,10
176723,2025-05-22,,,§ 28,312,263,6,570,10
176724,2025-05-22,,,§ 29,,,,570,10
176725,2025-05-22,,,§ 31,328,252,6,570,10
176726,2025-05-22,,,§ 33,,,,570,10
176728,2025-05-22,,,After citation 6,293,261,24,570,10
176730,2025-05-22,,,Recital H,290,253,21,570,10
176731,2025-05-22 11:38:51,A10-0063/2025,,Gheorghe Falcă - Proposition de résolution (ensemble du texte),260,194,110,6,10
176735,2025-05-22,,,"Article 1, § 1, point a Regulation (EU) No 575/2013 Article 510, § 6, sub§ 1",266,284,45,570,10
176736,2025-05-22,,,"Article 1, § 1, point b Regulation (EU) No 575/2013 Article 510, § 6, point e",,,,570,10
176738,2025-05-22,,,"Article 1, point 2 Regulation (EU) No 575/2013 Article 510, §§ 7 and 8",,,,570,10
176739,2025-05-22,,,Recital 5,,,,570,10
176740,2025-05-22,,,Recital 5,,,,570,10
176741,2025-05-22,,,Recital 6,,,,570,10
176742,2025-05-22,,,Recital 6,,,,570,10
176743,2025-05-22 11:22:16,C10-0059/2025,,Proposition de la Commission,436,149,11,0,10
176744,2025-05-22,,,Nomination of Ivana Maletić,460,72,59,570,10
176844,2025-05-22 11:17:42,A10-0087/2025,,Inese Vaidere - Proposition de la Commission,411,100,78,0,10
176845,2025-05-22,,,Amendments by the committee responsible – put to the vote collectively,,,,570,10
176846,2025-05-22,,,"Article 1, § 1, point 1, point b Regulation (EU) 2023/956 Article 2, § 3a, sub§ 2",,,,570,10
176847,2025-05-22,,,"Article 1, § 1, point 4, point a Regulation (EU) 2023/956 Article 6, § 1",,,,570,10
176848,2025-05-22,,,"Article 1, § 1, point 16, point a Regulation (EU) 2023/956 Article 22, § 1",,,,570,10
176849,2025-05-22,,,"Article 1, § 1, point 16, point b Regulation (EU) 2023/956 Article 22, § 2",,,,570,10
176856,2025-05-22,,,"Annex I, § 1, point 2, point a Regulation (EU) 2023/956 Annex IV, point 4.1, fourth sentence",,,,570,10
176859,2025-05-22,,,"Annex II, point 2 Regulation (EU) 2023/956 Annex VII, point 2",,,,570,10
176860,2025-05-22,,,Recital 1,,,,570,10
176866,2025-05-22,,,Recital 3,,,,570,10
176867,2025-05-22,,,Recital 4,,,,570,10
176870,2025-05-22,,,After recital 27,,,,570,10
176873,2025-05-22 11:09:51,A10-0085/2025,,Antonio Decaro - Proposition de la Commission,564,20,12,0,10
176874,2025-05-22,,,Request for referral back (Rule 60(4)),,,,570,10
176875,2025-05-22 11:18:25,A10-0043/2025,,Veronika Vrecionová - Rejet - Am 3,180,367,43,0,10
176876,2025-05-22 11:18:51,A10-0043/2025,,Veronika Vrecionová - Après le considérant 11 - Am 4,181,396,4,0,10
176877,2025-05-22 11:19:04,A10-0043/2025,,Veronika Vrecionová - Après le considérant 11 - Am 5,177,400,7,0,10
176879,2025-05-22 11:16:38,A10-0087/2025,,"Inese Vaidere - Article 2, après le § 2 - Am 6",172,376,41,0,10
176880,2025-05-22 11:16:51,A10-0087/2025,,Inese Vaidere - Après le considérant 5 - Am 5,185,362,42,0,10
176881,2025-05-22 11:17:03,A10-0087/2025,,Inese Vaidere - Après le considérant 10 - Am 2,176,380,34,0,10
176882,2025-05-22 11:17:15,A10-0087/2025,,Inese Vaidere - Après le considérant 10 - Am 4,217,348,25,0,10
176883,2025-05-22 11:17:26,A10-0087/2025,,Inese Vaidere - Après le considérant 11 - Am 3,164,358,61,0,10
176884,2025-05-22 11:05:30,A10-0085/2025,,"Antonio Decaro - Article 1, alinéa 1, point 16, sous-point b Règlement (UE) 2023/956 Article 22, § 2, point b - Am 10",159,411,6,0,10
176885,2025-05-22 11:05:48,A10-0085/2025,,"Antonio Decaro - Article 1, alinéa 1, point 21, sous-point a Règlement (UE) 2023/956 Article 26, après le § 1 - Am 7S= 11S=",105,462,14,0,10
176886,2025-05-22 11:06:02,A10-0085/2025,,"Antonio Decaro - Article 1, § 1, après le point 23 Règlement (UE) 2023/956 Article 30, § 2 - Am 15",103,438,47,0,10
176887,2025-05-22 11:06:15,A10-0085/2025,,"Antonio Decaro - Article 1, alinéa 1, après le point 24 Règlement (UE) 2023/956 après l'article 32 - Am 25",158,411,19,0,10
176888,2025-05-22 11:06:28,A10-0085/2025,,"Antonio Decaro - Article 1, alinéa 1, point 25, sous-point a Règlement (UE) 2023/956 Article 36, § 2, point b - Am 26",151,421,22,0,10
176889,2025-05-22 11:06:40,A10-0085/2025,,"Antonio Decaro - Article 1, alinéa 1, point 25, sous-point a Règlement (UE) 2023/956 Article 36, § 2, point b - Am 31",187,387,17,0,10
176890,2025-05-22 11:07:03,A10-0085/2025,,"Antonio Decaro - Annexe I, alinéa 1, point 2, sous-point a Règlement (UE) 2023/956 Annexe IV, point 4.1, quatrième phrase - Am 12",163,418,7,0,10
176891,2025-05-22 11:07:15,A10-0085/2025,,"Antonio Decaro - Annexe II, point 1 Règlement (UE) 2023/956 Annexe VII, point 1 - Am 27",176,411,3,0,10
176892,2025-05-22 11:07:43,A10-0085/2025,,Antonio Decaro - Après le considérant 1 - Am 17,169,415,8,0,10
176893,2025-05-22 11:07:55,A10-0085/2025,,Antonio Decaro - Après le considérant 1 - Am 18,171,407,5,0,10
176894,2025-05-22 11:08:06,A10-0085/2025,,Antonio Decaro - Après le considérant 1 - Am 19,164,407,20,0,10
176895,2025-05-22 11:08:17,A10-0085/2025,,Antonio Decaro - Après le considérant 1 - Am 29,189,388,17,0,10
176896,2025-05-22 11:08:28,A10-0085/2025,,Antonio Decaro - Après le considérant 1 - Am 30,195,387,11,0,10
176897,2025-05-22 11:08:55,A10-0085/2025,,Antonio Decaro - Après le considérant 27 - Am 13,114,424,51,0,10
176898,2025-05-22 11:09:06,A10-0085/2025,,Antonio Decaro - Après le considérant 27 - Am 14,111,428,52,0,10
176899,2025-05-22 11:09:23,A10-0085/2025,,Antonio Decaro - Après le considérant 27 - Am 23,172,405,6,0,10
176900,2025-05-22 11:09:36,A10-0085/2025,,Antonio Decaro - Après le considérant 29 - Am 9,171,414,9,0,10
176901,2025-05-22 11:19:56,C10-0059/2025,,Rejet-Am 1,115,442,41,0,10
176902,2025-05-22 11:21:05,C10-0059/2025,,"Article 1, point 2 Règlement (UE) nº 575/2013 Article 510, §§ 7 et 8-Am 6",259,288,46,0,10
176903,2025-05-22 11:23:56,A10-0063/2025,,Gheorghe Falcă - § 2,266,304,22,0,10
176904,2025-05-22 11:24:11,A10-0063/2025,,Gheorghe Falcă - Après le § 2 - Am 16,192,374,20,0,10
176905,2025-05-22 11:24:56,A10-0063/2025,,Gheorghe Falcă - Après le § 2 - Am 19,263,108,222,0,10
176906,2025-05-22 11:25:10,A10-0063/2025,,Gheorghe Falcă - Après le § 2 - Am 20,264,252,76,0,10
176907,2025-05-22 11:25:39,A10-0063/2025,,Gheorghe Falcă - Après le § 2 - Am 30,397,139,55,0,10
176908,2025-05-22,,,§ 3,322,254,14,570,10
176909,2025-05-22 11:27:24,A10-0063/2025,,Gheorghe Falcă - § 7 - Am 35,180,248,153,0,10
176911,2025-05-22,,,§ 7,,,,570,10
176912,2025-05-22,,,§ 7,,,,570,10
176913,2025-05-22,,,§ 8,,,,570,10
176914,2025-05-22 11:28:03,A10-0063/2025,,Gheorghe Falcă - Après le § 8 - Am 36,319,255,15,0,10
176915,2025-05-22 11:28:40,A10-0063/2025,,Gheorghe Falcă - § 10 - Am 23S,252,305,19,0,10
176916,2025-05-22 11:29:03,A10-0063/2025,,Gheorghe Falcă - § 11 - Am 24S,378,183,24,0,10
176917,2025-05-22 11:29:20,A10-0063/2025,,Gheorghe Falcă - § 12 - Am 25S,198,359,33,0,10
176919,2025-05-22 11:29:46,A10-0063/2025,,Gheorghe Falcă - Après le § 19 - Am 28/1,190,379,12,0,10
176920,2025-05-22 11:30:00,A10-0063/2025,,Gheorghe Falcă - Après le § 19 - Am 28/2,179,375,9,7,10
176921,2025-05-22 11:30:13,A10-0063/2025,,Gheorghe Falcă - Après le § 19 - Am 28/3,192,374,11,0,10
176922,2025-05-22 11:30:26,A10-0063/2025,,Gheorghe Falcă - Après le § 19 - Am 28/4,193,373,15,0,10
176923,2025-05-22 11:31:30,A10-0063/2025,,Gheorghe Falcă - § 21 - Am 26S,255,314,15,0,10
176924,2025-05-22 11:31:55,A10-0063/2025,,Gheorghe Falcă - § 21 - Am 38,298,273,15,0,10
176926,2025-05-22,,,§ 23,,,,570,10
176927,2025-05-22,,,§ 23,,,,570,10
176928,2025-05-22,,,§ 23,,,,570,10
176929,2025-05-22 11:32:31,A10-0063/2025,,Gheorghe Falcă - Après le § 24 - Am 31,151,405,31,0,10
176931,2025-05-22,,,§ 25,,,,570,10
176932,2025-05-22,,,§ 25,,,,570,10
176933,2025-05-22,,,§ 25,,,,570,10
176934,2025-05-22,,,§ 26,,,,570,10
176935,2025-05-22 11:33:42,A10-0063/2025,,Gheorghe Falcă - § 27 - Am 27,233,303,46,0,10
176936,2025-05-22 11:35:06,A10-0063/2025,,Gheorghe Falcă - § 33 - Am 42,309,263,13,0,10
176937,2025-05-22,,,§ 36,,,,570,10
176938,2025-05-22 11:38:10,A10-0063/2025,,Gheorghe Falcă - Après le considérant F - Am 29,294,261,28,0,10
176944,2025-05-21 16:03:29,EP error,,Demande du groupe PfE,132,334,5,61,10
176945,2025-05-21 16:03:49,EP error,,Demande du groupe The Left,102,378,7,45,10
176946,2025-05-21,,,,204,264,21,532,10
176947,2025-05-21,,,,,,,532,10
176949,2025-05-22,,,Request for an urgent decision,,,,570,10
176981,2025-06-17 12:48:45,A10-0092/2025,,Denis Nesci - Proposition de résolution,622,24,21,6,11
176982,2025-06-17 12:36:41,C10-0071/2025,,Proposition de la Commission,653,7,3,10,11
176984,2025-06-19,,,Motion for a resolution (as a whole),,,,597,19
176985,2025-06-17,,,Amendments by the committee responsible – put to the vote collectively,,,,673,11
176987,2025-06-17,,,Amendments by the committee responsible – separate vote,,,,673,11
176988,2025-06-17 12:37:31,A10-0097/2025,,Jeroen Lenaers - Amendements de la commission compétente - vote séparé - Am 1/2,484,127,42,20,11
176990,2025-06-17,,,Amendments by the committee responsible – separate vote,,,,673,11
176991,2025-06-17 12:37:54,A10-0097/2025,,Jeroen Lenaers - Amendements de la commission compétente - vote séparé - Am 16/2,475,125,46,27,11
176992,2025-06-17 12:38:07,A10-0097/2025,,Jeroen Lenaers - Amendements de la commission compétente - vote séparé - Am 16/3,426,184,41,22,11
176994,2025-06-17,,,Amendments by the committee responsible – separate vote,,,,673,11
176995,2025-06-17 12:38:30,A10-0097/2025,,Jeroen Lenaers - Amendements de la commission compétente - vote séparé - Am 29/2,518,95,43,17,11
176996,2025-06-17 12:38:44,A10-0097/2025,,Jeroen Lenaers - Amendements de la commission compétente - vote séparé - Am 29/3,491,79,83,20,11
176997,2025-06-17 12:38:56,A10-0097/2025,,Jeroen Lenaers - Amendements de la commission compétente - vote séparé - Am 29/4,435,153,60,25,11
176998,2025-06-17 12:39:10,A10-0097/2025,,Jeroen Lenaers - Amendements de la commission compétente - vote séparé - Am 29/5,420,187,42,24,11
176999,2025-06-17,,,Amendments by the committee responsible – separate vote,,,,673,11
177000,2025-06-17,,,Amendments by the committee responsible – separate vote,,,,673,11
177001,2025-06-17,,,Amendments by the committee responsible – separate vote,,,,673,11
177002,2025-06-17,,,Amendments by the committee responsible – separate vote,,,,673,11
177003,2025-06-17,,,Amendments by the committee responsible – separate vote,,,,673,11
177004,2025-06-17,,,Amendments by the committee responsible – separate vote,,,,673,11
177005,2025-06-17,,,Amendments by the committee responsible – separate vote,,,,673,11
177006,2025-06-17,,,Amendments by the committee responsible – separate vote,,,,673,11
177007,2025-06-17,,,Amendments by the committee responsible – separate vote,,,,673,11
177009,2025-06-17,,,Amendments by the committee responsible – separate vote,,,,673,11
177010,2025-06-17 12:40:30,A10-0097/2025,,Jeroen Lenaers - Amendements de la commission compétente - vote séparé - Am 136/2,531,84,42,16,11
177012,2025-06-17,,,Amendments by the committee responsible – separate vote,,,,673,11
177013,2025-06-17 12:40:50,A10-0097/2025,,Jeroen Lenaers - Amendements de la commission compétente - vote séparé - Am 138/2,496,115,47,15,11
177015,2025-06-17,,,Amendments by the committee responsible – separate vote,,,,673,11
177016,2025-06-17 12:41:14,A10-0097/2025,,Jeroen Lenaers - Amendements de la commission compétente - vote séparé - Am 169/2,501,70,82,20,11
177017,2025-06-17 12:41:29,A10-0097/2025,,Jeroen Lenaers - Amendements de la commission compétente - vote séparé - Am 184,434,189,29,21,11
177018,2025-06-17 12:41:44,A10-0097/2025,,"Jeroen Lenaers - Article 3, après le § 2 - Am 186",314,249,81,29,11
177019,2025-06-17 12:41:59,A10-0097/2025,,"Jeroen Lenaers - Article 18, § 3 - Am 188",186,461,8,18,11
177021,2025-06-17,,,"Article 28, § 2",,,,673,11
177022,2025-06-17,,,"Article 28, § 2",,,,673,11
177023,2025-06-17,,,"Article 30, § 1",,,,673,11
177024,2025-06-17,,,After recital 10,,,,673,11
177025,2025-06-17 12:42:49,A10-0097/2025,,Jeroen Lenaers - Proposition de la Commission,599,2,62,10,11
177026,2025-06-17,,,Request for referral back (Rule 60(4)),,,,673,11
177027,2025-06-17 12:48:16,A10-0086/2025,,Sven Simon - Proposition de décision,653,0,15,5,11
177029,2025-06-17,,,"Article 12, § 1",,,,673,11
177030,2025-06-17,,,Recital 9,,,,673,11
177031,2025-06-17,,,Recital 20,,,,673,11
177033,2025-06-17 12:45:43,A10-0090/2025,,Sven Simon - § 2,306,158,202,7,11
177034,2025-06-17 12:45:58,A10-0090/2025,,Sven Simon - Projet du Conseil,587,60,21,5,11
177035,2025-06-17 12:51:56,A10-0101/2025,,Charles Goerens - Proposition de résolution de remplacement - Am 1,120,480,65,8,11
177036,2025-06-17 12:52:09,A10-0101/2025,,Charles Goerens - § 1,304,305,55,9,11
177037,2025-06-17 12:52:26,A10-0101/2025,,Charles Goerens - § 20,281,361,21,10,11
177038,2025-06-17 12:52:42,A10-0101/2025,,Charles Goerens - § 24,278,371,15,9,11
177039,2025-06-17 12:52:56,A10-0101/2025,,Charles Goerens - § 33,303,328,24,18,11
177040,2025-06-17 12:53:10,A10-0101/2025,,Charles Goerens - § 39,475,181,9,8,11
177041,2025-06-17 12:53:23,A10-0101/2025,,Charles Goerens - § 40 - Am 2,296,339,31,7,11
177042,2025-06-17 12:53:36,A10-0101/2025,,Charles Goerens - § 42,290,357,17,9,11
177043,2025-06-17 12:53:49,A10-0101/2025,,Charles Goerens - § 43,361,244,60,8,11
177044,2025-06-17 12:54:03,A10-0101/2025,,Charles Goerens - § 44,280,322,62,9,11
177045,2025-06-17 12:54:15,A10-0101/2025,,Charles Goerens - § 53,312,295,57,9,11
177046,2025-06-17 12:54:28,A10-0101/2025,,Charles Goerens - § 55,289,347,25,12,11
177047,2025-06-17 12:54:41,A10-0101/2025,,Charles Goerens - § 64,300,339,27,7,11
177049,2025-06-17 12:54:56,A10-0101/2025,,Charles Goerens - § 66/1,591,46,32,4,11
177050,2025-06-17 12:55:09,A10-0101/2025,,Charles Goerens - § 66/2,327,250,81,15,11
177052,2025-06-17 12:55:23,A10-0101/2025,,Charles Goerens - § 67/1,585,43,35,10,11
177053,2025-06-17 12:55:35,A10-0101/2025,,Charles Goerens - § 67/2,321,272,64,16,11
177054,2025-06-17 12:55:47,A10-0101/2025,,Charles Goerens - § 69,291,356,16,10,11
177055,2025-06-17 12:56:02,A10-0101/2025,,Charles Goerens - Proposition de résolution de la commission DEVE (ensemble du texte),282,340,26,25,11
177056,2025-06-18,,,Text as a whole,,,,662,16
177057,2025-06-18,,,"Article 1, § 1",,,,662,16
177058,2025-06-18,,,"Annex, Article 4, § 1",,,,662,16
177059,2025-06-18,,,"Annex, Article 6, after § 2",,,,662,16
177060,2025-06-18,,,"Annex, Article 6, after § 2",,,,662,16
177061,2025-06-18 12:05:26,A10-0009/2025,,"Anna Cavazzini, Borys Budka - Proposition de la Commission",554,53,37,18,16
177063,2025-06-19,B10-0277/2025,,§ 1,,,,597,19
177072,2025-06-19,B10-0277/2025,,After § 3,,,,597,19
177073,2025-06-19,B10-0277/2025,,§ 5,,,,597,19
177082,2025-06-19,B10-0277/2025,,§ 11,,,,597,19
177088,2025-06-19,B10-0277/2025,,After § 13,,,,597,19
177098,2025-06-19,B10-0277/2025,,After § 19,,,,597,19
177099,2025-06-19,B10-0277/2025,,After § 19,,,,597,19
177101,2025-06-19,B10-0277/2025,,Recital A,,,,597,19
177102,2025-06-19,B10-0277/2025,,Recital B,,,,597,19
177103,2025-06-19,B10-0277/2025,,After recital C,,,,597,19
177104,2025-06-19,B10-0277/2025,,Recital D,,,,597,19
177125,2025-06-16 17:28:23,Ordre du jour de mardi,,"Demande des groupes PPE, S&D et Renew",300,66,77,156,14
177126,2025-06-16 17:28:43,Ordre du jour de mardi,,Demande du groupe The Left,65,338,24,172,14
177127,2025-06-18 12:25:41,A10-0093/2025,,Marjan Šarec - Après le § 1 - Am 5,92,530,28,12,16
177128,2025-06-18 12:25:54,A10-0093/2025,,Marjan Šarec - Après le § 2 - Am 6,96,528,20,18,16
177129,2025-06-18 12:26:06,A10-0093/2025,,Marjan Šarec - § 44 - Am 7,118,516,18,10,16
177130,2025-06-18 12:26:18,A10-0093/2025,,Marjan Šarec - Après le § 50 - Am 8,106,518,21,17,16
177133,2025-06-18 12:26:59,A10-0093/2025,,Marjan Šarec - Considérant A - Am 3,108,514,25,15,16
177134,2025-06-18 12:27:10,A10-0093/2025,,Marjan Šarec - Considérant B - Am 4,102,524,24,12,16
177135,2025-06-18 12:27:27,A10-0093/2025,,Marjan Šarec - Proposition de résolution (ensemble du texte),470,102,77,13,16
177136,2025-06-18 12:27:46,A10-0096/2025,,Sven Mikser - § 1 - Am 4,110,525,19,8,16
177137,2025-06-18 12:28:01,A10-0096/2025,,Sven Mikser - Après le § 1 - Am 5,99,517,24,22,16
177138,2025-06-18 12:28:15,A10-0096/2025,,Sven Mikser - Après le § 2 - Am 6,105,520,17,20,16
177139,2025-06-18,,,§ 4,,,,662,16
177140,2025-06-18 12:28:32,A10-0096/2025,,Sven Mikser - Après le § 4 - Am 12,265,303,84,10,16
177141,2025-06-18,,,§5,,,,662,16
177142,2025-06-18 12:28:50,A10-0096/2025,,Sven Mikser - Après le § 6 - Am 13,149,283,219,11,16
177143,2025-06-18 12:29:03,A10-0096/2025,,Sven Mikser - § 7 - Am 7,107,508,32,15,16
177144,2025-06-18 12:29:16,A10-0096/2025,,Sven Mikser - § 8,493,130,27,12,16
177145,2025-06-18 12:29:32,A10-0096/2025,,Sven Mikser - § 9 - Am 8,120,511,21,10,16
177147,2025-06-18,,,§ 10,,,,662,16
177148,2025-06-18,,,§ 10,,,,662,16
177149,2025-06-18 12:29:52,A10-0096/2025,,Sven Mikser - Après le § 10 - Am 9,105,531,17,9,16
177150,2025-06-18,,,§ 14,,,,662,16
177152,2025-06-18,,,§ 14,,,,662,16
177153,2025-06-18,,,§ 14,,,,662,16
177155,2025-06-18,,,§ 15,,,,662,16
177156,2025-06-18 12:30:18,A10-0096/2025,,Sven Mikser - § 15/2,469,97,83,13,16
177157,2025-06-18 12:30:34,A10-0096/2025,,Sven Mikser - § 16 - Am 2,68,506,73,15,16
177158,2025-06-18 12:30:47,A10-0096/2025,,Sven Mikser - § 16 - Am 10,124,499,25,14,16
177159,2025-06-18 12:31:01,A10-0096/2025,,Sven Mikser - § 16,457,174,18,13,16
177161,2025-06-18,,,§ 25,,,,662,16
177162,2025-06-18 12:31:21,A10-0096/2025,,Sven Mikser - § 25/2,491,122,41,8,16
177163,2025-06-18 12:31:35,A10-0096/2025,,Sven Mikser - § 32,586,39,24,13,16
177164,2025-06-18 12:31:47,A10-0096/2025,,Sven Mikser - § 34,603,3,39,17,16
177165,2025-06-18,,,§ 36,,,,662,16
177166,2025-06-18,,,§ 37,,,,662,16
177167,2025-06-18 12:32:08,A10-0096/2025,,Sven Mikser - Après le § 37 - Am 11,114,522,14,12,16
177168,2025-06-18,,,Recital B,,,,662,16
177169,2025-06-18 12:32:25,A10-0096/2025,,Sven Mikser - Proposition de résolution (ensemble du texte),456,118,51,37,16
177170,2025-06-18 12:17:37,A10-0100/2025,,Ana Catarina Mendes - Proposition de résolution de remplacement - Am 2,174,446,26,16,16
177171,2025-06-18 12:17:49,A10-0100/2025,,Ana Catarina Mendes - Après le § 1 - Am 6,199,438,7,18,16
177172,2025-06-18 12:18:00,A10-0100/2025,,Ana Catarina Mendes - § 3 - Am 7,209,434,7,12,16
177173,2025-06-18 12:18:13,A10-0100/2025,,Ana Catarina Mendes - § 5 - Am 3,353,169,131,9,16
177174,2025-06-18,,,§ 11,,,,662,16
177175,2025-06-18 12:18:29,A10-0100/2025,,Ana Catarina Mendes - Après le § 11 - Am 8,192,450,12,8,16
177177,2025-06-18,,,§ 30,,,,662,16
177178,2025-06-18 12:18:45,A10-0100/2025,,Ana Catarina Mendes - § 30/2,302,336,14,10,16
177180,2025-06-18,,,§ 36,,,,662,16
177181,2025-06-18 12:19:07,A10-0100/2025,,Ana Catarina Mendes - § 36/2,431,213,14,4,16
177183,2025-06-18,,,§ 47,,,,662,16
177184,2025-06-18 12:19:27,A10-0100/2025,,Ana Catarina Mendes - § 47/2,435,207,14,6,16
177185,2025-06-18 12:19:38,A10-0100/2025,,Ana Catarina Mendes - § 47/3,444,195,8,15,16
177186,2025-06-18 12:19:49,A10-0100/2025,,Ana Catarina Mendes - § 47/4,430,201,17,14,16
177187,2025-06-18 12:20:01,A10-0100/2025,,Ana Catarina Mendes - Après le § 47 - Am 9,200,431,14,17,16
177188,2025-06-18 12:20:13,A10-0100/2025,,Ana Catarina Mendes - Après le § 47 - Am 10,194,437,16,15,16
177189,2025-06-18 12:20:24,A10-0100/2025,,Ana Catarina Mendes - Après le § 47 - Am 11,205,433,8,16,16
177190,2025-06-18 12:20:38,A10-0100/2025,,Ana Catarina Mendes - Après le § 50 - Am 12,201,420,12,29,16
177192,2025-06-18,,,§ 53,,,,662,16
177193,2025-06-18 12:20:54,A10-0100/2025,,Ana Catarina Mendes - § 53/2,429,218,5,10,16
177194,2025-06-18,,,§ 53,,,,662,16
177196,2025-06-18,,,§ 55,,,,662,16
177197,2025-06-18,,,§ 55,324,279,38,662,16
177199,2025-06-18,,,§ 56,,,,662,16
177200,2025-06-18,,,§ 56,,,,662,16
177201,2025-06-18 12:21:52,A10-0100/2025,,Ana Catarina Mendes - § 57 - Am 1,421,185,36,20,16
177203,2025-06-18,,,§ 57,,,,662,16
177204,2025-06-18,,,§ 57,,,,662,16
177205,2025-06-18 12:22:09,A10-0100/2025,,Ana Catarina Mendes - Après le § 61 - Am 13,218,412,12,20,16
177206,2025-06-18,,,§ 70,,,,662,16
177207,2025-06-18 12:22:28,A10-0100/2025,,Ana Catarina Mendes - Après le § 70 - Am 14,185,447,18,12,16
177208,2025-06-18,,,§ 74,,,,662,16
177209,2025-06-18 12:22:44,A10-0100/2025,,Ana Catarina Mendes - Après le § 74 - Am 15,183,451,16,12,16
177210,2025-06-18 12:22:57,A10-0100/2025,,Ana Catarina Mendes - § 79 - Am 16,191,453,8,10,16
177212,2025-06-18,,,§ 85,,,,662,16
177213,2025-06-18 12:23:15,A10-0100/2025,,Ana Catarina Mendes - § 85/2,453,178,22,9,16
177214,2025-06-18 12:23:27,A10-0100/2025,,Ana Catarina Mendes - § 85/3,424,191,30,17,16
177216,2025-06-18,,,§ 88,,,,662,16
177217,2025-06-18 12:23:43,A10-0100/2025,,Ana Catarina Mendes - § 88/2,447,199,9,7,16
177218,2025-06-18 12:23:56,A10-0100/2025,,Ana Catarina Mendes - Après le § 89 - Am 17,224,412,11,15,16
177220,2025-06-18,,,§ 99,,,,662,16
177221,2025-06-18 12:24:13,A10-0100/2025,,Ana Catarina Mendes - § 99/2,297,334,22,9,16
177222,2025-06-18,,,Citation 22,,,,662,16
177223,2025-06-18,,,Citation 39,,,,662,16
177224,2025-06-18,,,Citation 43,,,,662,16
177225,2025-06-18,,,Citation 48,,,,662,16
177226,2025-06-18,,,Citation 55,,,,662,16
177227,2025-06-18 12:24:48,A10-0100/2025,,Ana Catarina Mendes - Après le considérant A - Am 4,217,428,4,13,16
177228,2025-06-18 12:25:01,A10-0100/2025,,Ana Catarina Mendes - Après le considérant A - Am 5,165,464,18,15,16
177229,2025-06-18 12:25:16,A10-0100/2025,,Ana Catarina Mendes - Proposition de résolution (ensemble du texte),405,210,36,11,16
177231,2025-06-18,,,§ 1,,,,662,16
177232,2025-06-18,,,§ 1,,,,662,16
177233,2025-06-18 12:06:23,A10-0098/2025,,"Victor Negrescu, Siegfried Mureşan - Après le § 1 - Am 2",124,452,68,18,16
177235,2025-06-18,,,§ 3,,,,662,16
177236,2025-06-18,,,§ 3,,,,662,16
177237,2025-06-18,,,§ 5,,,,662,16
177239,2025-06-18,,,§ 5,,,,662,16
177240,2025-06-18,,,§ 5,,,,662,16
177241,2025-06-18 12:07:01,A10-0098/2025,,"Victor Negrescu, Siegfried Mureşan - § 7 - Am 15",114,458,81,9,16
177243,2025-06-18,,,§ 7,,,,662,16
177244,2025-06-18 12:07:20,A10-0098/2025,,"Victor Negrescu, Siegfried Mureşan - § 7/2",467,126,62,7,16
177245,2025-06-18,,,§ 9,,,,662,16
177246,2025-06-18,,,§ 15,,,,662,16
177247,2025-06-18 12:07:41,A10-0098/2025,,"Victor Negrescu, Siegfried Mureşan - § 17 - Am 16",188,457,10,7,16
177252,2025-06-18 12:08:07,A10-0098/2025,,"Victor Negrescu, Siegfried Mureşan - § 18 - Am 3",145,447,62,8,16
177253,2025-06-18,,,§ 18,,,,662,16
177255,2025-06-18,,,§ 19,,,,662,16
177256,2025-06-18 12:08:29,A10-0098/2025,,"Victor Negrescu, Siegfried Mureşan - § 19/2",430,218,7,7,16
177257,2025-06-18 12:08:42,A10-0098/2025,,"Victor Negrescu, Siegfried Mureşan - § 19/3",404,235,10,13,16
177258,2025-06-18 12:08:54,A10-0098/2025,,"Victor Negrescu, Siegfried Mureşan - § 19/4",402,238,12,10,16
177259,2025-06-18 12:09:07,A10-0098/2025,,"Victor Negrescu, Siegfried Mureşan - Après le § 19 - Am 4",188,437,30,7,16
177260,2025-06-18 12:09:20,A10-0098/2025,,"Victor Negrescu, Siegfried Mureşan - Après le § 19 - Am 18",206,432,17,7,16
177261,2025-06-18 12:09:34,A10-0098/2025,,"Victor Negrescu, Siegfried Mureşan - § 20 - Am 19",152,444,54,12,16
177262,2025-06-18 12:09:47,A10-0098/2025,,"Victor Negrescu, Siegfried Mureşan - § 21 - Am 5",189,442,22,9,16
177263,2025-06-18,,,§ 22,,,,662,16
177264,2025-06-18,,,§ 23,,,,662,16
177265,2025-06-18 12:10:09,A10-0098/2025,,"Victor Negrescu, Siegfried Mureşan - § 24 - Am 22",175,433,37,17,16
177266,2025-06-18,,,§ 25,,,,662,16
177267,2025-06-18,,,§ 26,,,,662,16
177268,2025-06-18,,,§ 27,,,,662,16
177270,2025-06-18,,,§ 28,,,,662,16
177271,2025-06-18,,,§ 28,,,,662,16
177272,2025-06-18,,,After § 30,,,,662,16
177273,2025-06-18 12:10:51,A10-0098/2025,,"Victor Negrescu, Siegfried Mureşan - § 33 - Am 24",184,454,16,8,16
177274,2025-06-18,,,§ 33,,,,662,16
177275,2025-06-18,,,After § 33,,,,662,16
177276,2025-06-18 12:11:16,A10-0098/2025,,"Victor Negrescu, Siegfried Mureşan - § 34 - Am 26",159,445,49,9,16
177277,2025-06-18 12:11:35,A10-0098/2025,,"Victor Negrescu, Siegfried Mureşan - Après le § 35 - Am 27",199,446,6,11,16
177278,2025-06-18,,,§ 36,,,,662,16
177279,2025-06-18,,,§ 37,,,,662,16
177281,2025-06-18,,,§ 38,,,,662,16
177282,2025-06-18,,,§ 38,,,,662,16
177283,2025-06-18 12:12:08,A10-0098/2025,,"Victor Negrescu, Siegfried Mureşan - § 39 - Am 29",150,452,52,8,16
177284,2025-06-18 12:12:23,A10-0098/2025,,"Victor Negrescu, Siegfried Mureşan - Après le § 41 - Am 1",76,488,89,9,16
177285,2025-06-18,,,§ 42,,,,662,16
177286,2025-06-18,,,§ 42,,,,662,16
177288,2025-06-18,,,§ 43,,,,662,16
177289,2025-06-18,,,§ 43,,,,662,16
177290,2025-06-18 12:12:54,A10-0098/2025,,"Victor Negrescu, Siegfried Mureşan - § 44 - Am 31",152,450,54,6,16
177291,2025-06-18 12:13:07,A10-0098/2025,,"Victor Negrescu, Siegfried Mureşan - Après le § 45 - Am 32",159,447,47,9,16
177292,2025-06-18,,,§ 46,,,,662,16
177293,2025-06-18,,,After § 47,,,,662,16
177294,2025-06-18 12:13:27,A10-0098/2025,,"Victor Negrescu, Siegfried Mureşan - Après le § 47 - Am 34",152,454,53,3,16
177295,2025-06-18 12:13:39,A10-0098/2025,,"Victor Negrescu, Siegfried Mureşan - § 52",575,9,72,6,16
177296,2025-06-18 12:13:51,A10-0098/2025,,"Victor Negrescu, Siegfried Mureşan - Après le § 55 - Am 35",159,438,52,13,16
177297,2025-06-18 12:14:03,A10-0098/2025,,"Victor Negrescu, Siegfried Mureşan - § 59 - Am 36",187,450,16,9,16
177299,2025-06-18,,,§ 60,,,,662,16
177300,2025-06-18,,,§ 60,,,,662,16
177302,2025-06-18,,,§ 64,,,,662,16
177303,2025-06-18,,,§ 64,,,,662,16
177304,2025-06-18,,,§ 65,,,,662,16
177305,2025-06-18 12:14:35,A10-0098/2025,,"Victor Negrescu, Siegfried Mureşan - Après le § 66 - Am 37",173,446,35,8,16
177306,2025-06-18,,,After § 67,,,,662,16
177308,2025-06-18,,,§ 70,,,,662,16
177309,2025-06-18,,,§ 70,,,,662,16
177310,2025-06-18 12:15:00,A10-0098/2025,,"Victor Negrescu, Siegfried Mureşan - § 81",642,6,6,8,16
177311,2025-06-18 12:15:14,A10-0098/2025,,"Victor Negrescu, Siegfried Mureşan - § 82 - Am 38",154,450,51,7,16
177312,2025-06-18,,,Citation 6,,,,662,16
177313,2025-06-18 12:15:30,A10-0098/2025,,"Victor Negrescu, Siegfried Mureşan - Après le considérant A - Am 9",150,445,56,11,16
177314,2025-06-18 12:15:42,A10-0098/2025,,"Victor Negrescu, Siegfried Mureşan - Considérant E - Am 10",199,441,11,11,16
177316,2025-06-18,,,Recital E,,,,662,16
177317,2025-06-18 12:15:59,A10-0098/2025,,"Victor Negrescu, Siegfried Mureşan - Considérant E/2",420,224,13,5,16
177318,2025-06-18,,,Recital F,,,,662,16
177320,2025-06-18,,,Recital G,,,,662,16
177321,2025-06-18 12:16:19,A10-0098/2025,,"Victor Negrescu, Siegfried Mureşan - Considérant G/2",418,200,35,9,16
177322,2025-06-18,,,Recital H,,,,662,16
177323,2025-06-18,,,Recital I,,,,662,16
177325,2025-06-18,,,Recital K,,,,662,16
177326,2025-06-18,,,Recital K,,,,662,16
177328,2025-06-18,,,Recital M,,,,662,16
177329,2025-06-18,,,Recital M,,,,662,16
177330,2025-06-18,,,After recital L,,,,662,16
177331,2025-06-18 12:17:00,A10-0098/2025,,"Victor Negrescu, Siegfried Mureşan - Considérant P - Am 13",198,444,11,9,16
177332,2025-06-18 12:17:14,A10-0098/2025,,"Victor Negrescu, Siegfried Mureşan - Proposition de résolution (ensemble du texte)",421,180,55,6,16
177333,2025-06-17 12:44:27,A10-0089/2025,,Karin Karlsbro - Projet de décision du Conseil,583,78,8,4,11
177334,2025-06-17 12:44:52,A10-0094/2025,,Karin Karlsbro - Proposition de résolution,557,75,37,4,11
177335,2025-06-17 12:43:57,A10-0102/2025,,Elissavet Vozemberg-Vrionidi - Projet de décision du Conseil,488,137,34,14,11
177337,2025-06-18 12:03:00,A10-0037/2025,,Céline Imart - Accord provisoire - Am 50,386,132,49,95,16
177339,2025-06-18,,,Text as a whole,,,,662,16
177341,2025-06-18,,,Commission proposal,,,,662,16
177351,2025-06-18,,,Proposal to vote on amendments,,,,662,16
177353,2025-06-18 12:26:31,A10-0093/2025,,Marjan Šarec - Après le § 60 - Am 1,278,349,23,12,16
177354,2025-06-18 12:26:46,A10-0093/2025,,Marjan Šarec - Après le § 60 - Am 2,276,307,64,15,16
177358,2025-06-19,,,"Article 1, § 1, point b",,,,597,19
177359,2025-06-19,,,"Article 2, § 2",,,,597,19
177360,2025-06-19,,,"Article 2, § 2",,,,597,19
177361,2025-06-19,,,"Article 2, § 2",,,,597,19
177364,2025-06-19,,,"Article 3, § 1, point 4",,,,597,19
177365,2025-06-19,,,"Article 3, § 1, point 4",,,,597,19
177367,2025-06-19,,,"Article 3, § 1, point 5",,,,597,19
177369,2025-06-19,,,"Article 4, § 1, indent 1",,,,597,19
177370,2025-06-19,,,"Article 4, § 1, indent 1",,,,597,19
177371,2025-06-19,,,"Article 4, § 1, after indent 1",,,,597,19
177373,2025-06-19,,,After Article 6,,,,597,19
177374,2025-06-19,,,"Article 8, § 2",,,,597,19
177376,2025-06-19,,,"Article 8, § 2",,,,597,19
177377,2025-06-19,,,"Article 10, § 1, point a",293,268,17,597,19
177378,2025-06-19,,,"Article 10, § 1, point a",,,,597,19
177384,2025-06-19,,,"Article 17, § 2",,,,597,19
177385,2025-06-19,,,"Article 17, § 2",,,,597,19
177386,2025-06-19,,,"Article 17, § 4, sub§ 1",,,,597,19
177387,2025-06-19,,,"Article 17, § 4, sub§ 1",,,,597,19
177389,2025-06-19,,,"Article 19, after § 2",315,257,9,597,19
177390,2025-06-19,,,"Article 21, § 4, sub§ 2",217,347,15,597,19
177393,2025-06-19,,,"Article 26, § 2",,,,597,19
177394,2025-06-19,,,"Article 26, after § 2",277,258,38,597,19
177396,2025-06-19,,,"Annex I, point 3, point 3.2",,,,597,19
177397,2025-06-19,,,"Annex I, point 3, point 3.2",,,,597,19
177398,2025-06-19,,,After recital 3,383,157,34,597,19
177399,2025-06-19,,,After recital 3,,,,597,19
177400,2025-06-19,,,After recital 6,316,245,16,597,19
177401,2025-06-19,,,Recital 13,,,,597,19
177402,2025-06-19,,,Recital 13,,,,597,19
177403,2025-06-19,,,After recital 13,,,,597,19
177404,2025-06-19,,,Recital 14,,,,597,19
177406,2025-06-19,,,Recital 24,,,,597,19
177407,2025-06-19,,,After recital 36,,,,597,19
177408,2025-06-19 12:20:17,A10-0104/2025,,Veronika Vrecionová - Proposition de la Commission,457,17,86,37,19
177409,2025-06-19,,,Request for referral back (Rule 60(4)),,,,597,19
177410,2025-06-18,,,After recital 6,,,,662,16
177411,2025-06-18 12:05:55,A10-0008/2025,,Borys Budka - Proposition de la Commission au Conseil,557,47,46,12,16
177412,2025-06-19 12:26:09,B10-0277/2025,,§ 1 - Am 32,168,389,14,26,19
177414,2025-06-19 12:26:20,B10-0277/2025,,Après le § 2 - Am 14,134,410,31,22,19
177415,2025-06-19 12:26:31,B10-0277/2025,,Après le § 2 - Am 33,178,383,11,25,19
177416,2025-06-19 12:26:42,B10-0277/2025,,Après le § 2 - Am 34,181,386,7,23,19
177417,2025-06-19 12:26:52,B10-0277/2025,,Après le § 2 - Am 38,186,378,8,25,19
177418,2025-06-19 12:27:03,B10-0277/2025,,Après le § 2 - Am 41,166,367,42,22,19
177419,2025-06-19 12:27:14,B10-0277/2025,,§ 3 - Am 4,50,503,25,19,19
177421,2025-06-19 12:27:40,B10-0277/2025,,§ 5/1,381,151,44,21,19
177422,2025-06-19,,,§ 5,,,,597,19
177423,2025-06-19 12:27:57,B10-0277/2025,,Après le § 5 - Am 15,168,393,14,22,19
177424,2025-06-19 12:28:09,B10-0277/2025,,Après le § 6 - Am 7,100,397,71,29,19
177425,2025-06-19 12:28:20,B10-0277/2025,,Après le § 6 - Am 8,106,437,30,24,19
177426,2025-06-19 12:28:31,B10-0277/2025,,§ 7 - Am 16,156,392,27,22,19
177427,2025-06-19 12:28:43,B10-0277/2025,,§ 8 - Am 9,74,476,22,25,19
177428,2025-06-19 12:28:54,B10-0277/2025,,§ 8 - Am 30,166,391,17,23,19
177429,2025-06-19 12:29:06,B10-0277/2025,,§ 8 - Am 17,173,397,4,23,19
177431,2025-06-19,,,§ 8,,,,597,19
177432,2025-06-19 12:29:24,B10-0277/2025,,§ 8/2,389,168,12,28,19
177433,2025-06-19 12:29:37,B10-0277/2025,,§ 9 - Am 42,175,387,9,26,19
177435,2025-06-19,,,§ 11,,,,597,19
177436,2025-06-19 12:30:06,B10-0277/2025,,§ 11/2,378,177,12,30,19
177441,2025-06-19 12:31:04,B10-0277/2025,,§ 14 - Am 18,129,386,56,26,19
177442,2025-06-19 12:31:28,B10-0277/2025,,§ 14 - Am 43,196,360,13,28,19
177444,2025-06-19,,,§ 14,,,,597,19
177445,2025-06-19,,,§ 14,,,,597,19
177446,2025-06-19,,,§ 16,,,,597,19
177447,2025-06-19 12:32:43,B10-0277/2025,,§ 17 - Am 35,170,379,10,38,19
177448,2025-06-19 12:32:54,B10-0277/2025,,Après le § 17 - Am 36,180,381,4,32,19
177449,2025-06-19 12:33:15,B10-0277/2025,,Après le § 20 - Am 37,184,371,14,28,19
177451,2025-06-19,,,Recital D,,,,597,19
177452,2025-06-19,,,Recital D,,,,597,19
177453,2025-06-19 12:33:58,B10-0277/2025,,Après le considérant D - Am 31,183,380,6,28,19
177454,2025-06-19 12:34:14,B10-0277/2025,,Proposition de résolution (ensemble du texte),381,173,13,30,19
177455,2025-06-19,B10-0278/2025,,B10-0278/2025,,,,597,19
177456,2025-06-19,,,Amendments by the committee responsible – put to the vote collectively,,,,597,19
177458,2025-06-19,,,Amendments by the committee responsible – separate votes,,,,597,19
177459,2025-06-19 12:07:30,A10-0104/2025,,Veronika Vrecionová - Amendements de la commission compétente - votes séparés - Am 24/2,419,97,54,27,19
177461,2025-06-19,,,Amendments by the committee responsible – separate votes,,,,597,19
177462,2025-06-19,,,Amendments by the committee responsible – separate votes,282,172,118,597,19
177464,2025-06-19,,,Amendments by the committee responsible – separate votes,,,,597,19
177465,2025-06-19 12:08:13,A10-0104/2025,,Veronika Vrecionová - Amendements de la commission compétente - votes séparés - Am 55/2,385,146,44,22,19
177468,2025-06-19,,,Amendments by the committee responsible – separate votes,263,301,13,597,19
177469,2025-06-19,,,Amendments by the committee responsible – separate votes,,,,597,19
177470,2025-06-19,,,Amendments by the committee responsible – separate votes,,,,597,19
177471,2025-06-19,,,Amendments by the committee responsible – separate votes,,,,597,19
177473,2025-06-19,,,Amendments by the committee responsible – separate votes,,,,597,19
177474,2025-06-19,,,Amendments by the committee responsible – separate votes,,,,597,19
177475,2025-06-19 12:09:19,A10-0104/2025,,Veronika Vrecionová - Amendements de la commission compétente - votes séparés - Am 251,263,275,39,20,19
177476,2025-06-19,,,Amendments by the committee responsible – separate votes,293,177,104,597,19
177477,2025-06-19,,,Amendments by the committee responsible – separate votes,291,176,105,597,19
177478,2025-06-19 12:10:23,A10-0104/2025,,Veronika Vrecionová - Amendements de la commission compétente - votes séparés - Am 264,392,169,16,20,19
177479,2025-06-19 12:10:34,A10-0104/2025,,"Veronika Vrecionová - Article 1, alinéa 1, point a - Am 281",158,390,26,23,19
177480,2025-06-19 12:10:49,A10-0104/2025,,"Veronika Vrecionová - Article 1, alinéa 1, point b - Am 282= 311=",335,240,7,15,19
177481,2025-06-19 12:11:21,A10-0104/2025,,"Veronika Vrecionová - Article 2, après le § 2 - Am 283",170,386,19,22,19
177482,2025-06-19 12:11:32,A10-0104/2025,,"Veronika Vrecionová - Article 2, après le § 2 - Am 284",301,255,19,22,19
177483,2025-06-19 12:11:57,A10-0104/2025,,"Veronika Vrecionová - Article 3, alinéa 1, point 5 - Am 303",474,54,48,21,19
177484,2025-06-19 12:12:12,A10-0104/2025,,"Veronika Vrecionová - Article 4, alinéa 1, tiret 1 - Am 304",389,129,47,32,19
177485,2025-06-19 12:12:36,A10-0104/2025,,"Veronika Vrecionová - Article 4, après le alinéa 1 - Am 286",177,375,28,17,19
177486,2025-06-19 12:13:01,A10-0104/2025,,"Veronika Vrecionová - Article 8, § 2 - Am 288",240,216,125,16,19
177489,2025-06-19,,,"Article 15, § 1",,,,597,19
177490,2025-06-19,,,"Article 15, § 1",357,199,14,597,19
177491,2025-06-19,,,"Article 15, § 1",,,,597,19
177493,2025-06-19,,,"Article 17, after § 1",,,,597,19
177494,2025-06-19,,,"Article 17, after § 1",,,,597,19
177496,2025-06-19 12:14:41,A10-0104/2025,,"Veronika Vrecionová - Article 17, après le § 1 - Am 313/1",349,214,16,18,19
177497,2025-06-19 12:14:53,A10-0104/2025,,"Veronika Vrecionová - Article 17, après le § 1 - Am 313/2",337,217,19,24,19
177498,2025-06-19,,,"Article 17, after § 1",,,,597,19
177499,2025-06-19 12:15:27,A10-0104/2025,,"Veronika Vrecionová - Article 17, § 4, alinéa 1 - Am 292",165,272,144,16,19
177500,2025-06-19 12:16:48,A10-0104/2025,,"Veronika Vrecionová - Article 21, § 4, alinéa 2 - Am 306",448,97,34,18,19
177502,2025-06-19 12:17:03,A10-0104/2025,,"Veronika Vrecionová - Article 26, § 2 - Am 293/1",136,394,40,27,19
177503,2025-06-19 12:17:16,A10-0104/2025,,"Veronika Vrecionová - Article 26, § 2 - Am 293/2",215,322,38,22,19
177504,2025-06-19 12:17:57,A10-0104/2025,,"Veronika Vrecionová - Article 27, après le § 1 - Am 279",338,219,20,20,19
177505,2025-06-19 12:19:52,A10-0104/2025,,Veronika Vrecionová - Considérant 24 - Am 278,326,232,24,15,19
177506,2025-06-19 12:21:21,A10-0091/2025,,Anna Stürgkh - § 1 - Am 4,170,396,4,27,19
177507,2025-06-19 12:21:34,A10-0091/2025,,Anna Stürgkh - Après le § 1 - Am 5,160,404,7,26,19
177508,2025-06-19 12:21:47,A10-0091/2025,,Anna Stürgkh - § 7,462,68,48,19,19
177509,2025-06-19 12:21:59,A10-0091/2025,,Anna Stürgkh - § 9 - Am 6,158,389,32,18,19
177511,2025-06-19 12:22:12,A10-0091/2025,,Anna Stürgkh - § 13/1,487,56,37,17,19
177512,2025-06-19 12:22:24,A10-0091/2025,,Anna Stürgkh - § 13/2,403,168,9,17,19
177514,2025-06-19 12:22:37,A10-0091/2025,,Anna Stürgkh - § 21/1,446,37,94,20,19
177515,2025-06-19 12:22:48,A10-0091/2025,,Anna Stürgkh - § 21/2,405,163,10,19,19
177516,2025-06-19 12:23:01,A10-0091/2025,,Anna Stürgkh - § 22 - Am 7,160,387,29,21,19
177518,2025-06-19 12:23:13,A10-0091/2025,,Anna Stürgkh - § 23/1,458,78,41,20,19
177519,2025-06-19 12:23:25,A10-0091/2025,,Anna Stürgkh - § 23/2,383,184,10,20,19
177521,2025-06-19 12:23:38,A10-0091/2025,,Anna Stürgkh - § 33/1,530,20,31,16,19
177522,2025-06-19 12:23:49,A10-0091/2025,,Anna Stürgkh - § 33/2,405,169,3,20,19
177523,2025-06-19 12:24:03,A10-0091/2025,,Anna Stürgkh - Visa 13,397,162,21,17,19
177524,2025-06-19 12:24:16,A10-0091/2025,,Anna Stürgkh - Après le considérant A - Am 2,184,376,17,20,19
177525,2025-06-19,,,Recital K,,,,597,19
177526,2025-06-19,,,Recital Q,,,,597,19
177527,2025-06-19 12:24:43,A10-0091/2025,,Anna Stürgkh - Considérant Q - Am 3,167,405,6,19,19
177529,2025-06-19 12:24:58,A10-0091/2025,,Anna Stürgkh - Considérant R/1,547,10,20,20,19
177530,2025-06-19 12:25:09,A10-0091/2025,,Anna Stürgkh - Considérant R/2,405,166,7,19,19
177531,2025-06-19 12:25:21,A10-0091/2025,,Anna Stürgkh - Considérant R/3,396,163,15,23,19
177532,2025-06-19 12:25:35,A10-0091/2025,,Anna Stürgkh - Proposition de résolution (ensemble du texte),418,112,45,22,19
177534,2025-06-18,,,§ 17,,,,662,16
177535,2025-06-18,,,§ 17,,,,662,16
177536,2025-06-18,,,§ 17,,,,662,16
177541,2025-06-19 12:30:18,B10-0277/2025,,§ 12 - Am 11,78,485,7,27,19
177542,2025-06-19,B10-0277/2025,,After § 12,,,,597,19
177543,2025-06-19,B10-0277/2025,,After § 12,,,,597,19
177545,2025-06-19,B10-0277/2025,,§ 13,,,,597,19
177546,2025-06-19 12:31:16,B10-0277/2025,,§ 14 - Am 23,96,419,57,25,19
177547,2025-06-19 12:31:52,B10-0277/2025,,§ 15 - Am 24,101,424,48,24,19
177548,2025-06-19 12:32:09,B10-0277/2025,,Après le § 16 - Am 25,74,478,16,29,19
177549,2025-06-19 12:32:21,B10-0277/2025,,Après le § 16 - Am 26,70,476,11,40,19
177550,2025-06-19 12:32:31,B10-0277/2025,,Après le § 16 - Am 27,67,480,19,31,19
177552,2025-06-19,,,After § 7,,,,597,19
177555,2025-06-19,B10-0282/2025,,B10-0282/2025,,,,597,19
177556,2025-06-19,B10-0283/2025,,B10-0283/2025,,,,597,19
177557,2025-06-19,B10-0287/2025,,B10-0287/2025,,,,597,19
177558,2025-06-19,B10-0288/2025,,B10-0288/2025,,,,597,19
177559,2025-06-19,B10-0289/2025,,B10-0289/2025,,,,597,19
177560,2025-06-19,B10-0290/2025,,B10-0290/2025,,,,597,19
177561,2025-06-19,B10-0295/2025,,B10-0295/2025,,,,597,19
177563,2025-06-19 12:13:44,A10-0104/2025,,"Veronika Vrecionová - Article 12, § 3, après l'alinéa 1  - Am 289",287,239,50,21,19
177564,2025-06-19,,,"Article 12, § 3, after sub§ 1",,,,597,19
177571,2025-06-19,B10-0280/2025,,B10-0280/2025,,,,597,19
177572,2025-06-19,B10-0284/2025,,B10-0284/2025,,,,597,19
177573,2025-06-19,B10-0285/2025,,B10-0285/2025,,,,597,19
177574,2025-06-19,B10-0286/2025,,B10-0286/2025,,,,597,19
177575,2025-06-19,B10-0296/2025,,B10-0296/2025,,,,597,19
177576,2025-06-19,B10-0299/2025,,B10-0299/2025,,,,597,19
177577,2025-06-19,B10-0300/2025,,B10-0300/2025,,,,597,19
177586,2025-06-19,B10-0281/2025,,B10-0281/2025,,,,597,19
177587,2025-06-19,B10-0291/2025,,B10-0291/2025,,,,597,19
177588,2025-06-19,B10-0292/2025,,B10-0292/2025,,,,597,19
177589,2025-06-19,B10-0293/2025,,B10-0293/2025,,,,597,19
177590,2025-06-19,B10-0294/2025,,B10-0294/2025,,,,597,19
177591,2025-06-19,B10-0297/2025,,B10-0297/2025,,,,597,19
177592,2025-06-19,B10-0298/2025,,B10-0298/2025,,,,597,19
177593,2025-06-19 12:30:41,B10-0277/2025,,Après le § 12 - Am 20,62,497,15,23,19
177594,2025-06-19,,,Amendments by the committee responsible – separate votes,,,,597,19
177595,2025-06-19 12:01:35,RC-B10-0282/2025,,Proposition de résolution (ensemble du texte),324,25,87,161,19
177596,2025-06-19 12:01:59,RC-B10-0284/2025,,§ 4 - Am 1,248,195,37,117,19
177598,2025-06-19,,,§ 6,,,,597,19
177599,2025-06-19 12:02:19,RC-B10-0284/2025,,§ 6/2,411,51,26,109,19
177600,2025-06-19 12:02:34,RC-B10-0284/2025,,Après le § 5 - Am 10,168,312,18,99,19
177601,2025-06-19 12:02:50,RC-B10-0284/2025,,"§§, considérants - Am 2-9 11-13",146,352,25,74,19
177602,2025-06-19 12:03:03,RC-B10-0284/2025,,Proposition de résolution (ensemble du texte),486,8,29,74,19
177603,2025-06-19 12:03:25,RC-B10-0291/2025,,§ 6 - Am 4,146,381,12,58,19
177604,2025-06-19 12:03:39,RC-B10-0291/2025,,§ 6,501,8,25,63,19
177606,2025-06-19,,,After § 7,,,,597,19
177607,2025-06-19,,,After § 7,,,,597,19
177608,2025-06-19 12:04:04,RC-B10-0291/2025,,Après le § 7 - Am 5,275,262,16,44,19
177610,2025-06-19 12:04:24,RC-B10-0291/2025,,Après le § 8 - Am 2/1,100,440,13,44,19
177611,2025-06-19 12:04:34,RC-B10-0291/2025,,Après le § 8 - Am 2/2,93,439,22,43,19
177613,2025-06-19,,,Recital F,,,,597,19
177614,2025-06-19,,,Recital F,,,,597,19
177615,2025-06-19 12:06:38,RC-B10-0291/2025,,Considérant G - Am 3,305,223,18,51,19
177616,2025-06-19 12:06:52,RC-B10-0291/2025,,Proposition de résolution (ensemble du texte),511,14,25,47,19
177621,2025-07-08,,,§ 12,,,,683,6
177648,2025-07-08 12:40:58,A10-0103/2025,,Emma Fourreau - Proposition de résolution (ensemble du texte),561,109,11,2,6
177650,2025-07-08 12:36:01,A10-0082/2025,,Assita Kanko - Accord provisoire - Am 2,572,42,67,2,6
177651,2025-07-08,,,§ 8,,,,683,6
177652,2025-07-08,,,After § 8,,,,683,6
177653,2025-07-08,,,§ 9,,,,683,6
177656,2025-07-08,,,After § 24,332,299,48,683,6
177657,2025-07-08,,,After § 24,,,,683,6
177663,2025-07-08,,,After recital B,,,,683,6
177664,2025-07-08 12:47:01,A10-0112/2025,,Francisco Assis - Proposition de résolution (ensemble du texte),417,188,75,3,6
177665,2025-07-08 12:41:23,A10-0119/2025,,Ľudovít Ódor - Projet du Conseil,623,26,28,6,6
177666,2025-07-08 12:32:26,A10-0113/2025,,Eva Maydell - Proposition de la Commission au Conseil,531,69,79,4,6
177670,2025-07-08 12:33:39,A10-0079/2025,,Borys Budka - Accord provisoire - Am 9,542,109,30,2,6
177672,2025-07-08,,,Text as a whole,,,,683,6
177674,2025-07-08,,,"Article 1, § 1; Regulation (EU) 2017/1938; Article 22, § 4",,,,683,6
177683,2025-07-08,,,Commission proposal,,,,683,6
177690,2025-07-09 12:25:02,A10-0116/2025,,Victor Negrescu - Proposition de résolution (ensemble du texte),534,102,56,0,5
177691,2025-07-08 12:36:25,A10-0099/2025,,Emma Fourreau - Projet de décision du Conseil,616,29,36,2,6
177697,2025-07-10 12:15:56,A10-0123/2025,,Hildegard Bentele - Proposition de résolution (ensemble du texte),494,83,71,10,5
177698,2025-07-09,,,§ 2,,,,685,5
177700,2025-07-09,,,§ 12,,,,685,5
177704,2025-07-09,,,§ 23,402,257,30,685,5
177711,2025-07-09,,,§ 26,,,,685,5
177713,2025-07-09,,,§ 30,,,,685,5
177714,2025-07-09,,,§ 35,378,291,16,685,5
177722,2025-07-09,,,Recital E,,,,685,5
177723,2025-07-09 12:35:18,A10-0106/2025,,Andreas Schieder - Proposition de résolution (ensemble du texte),502,120,64,0,5
177733,2025-07-08 12:54:38,A10-0121/2025,,Beata Szydło - Proposition de résolution (ensemble du texte),459,170,30,24,6
177734,2025-07-09,,,§ 1,,,,685,5
177735,2025-07-09 12:28:09,A10-0115/2025,,Jean-Marc Germain - Proposition de résolution (ensemble du texte),574,63,56,0,5
177737,2025-07-09 12:21:14,A10-0070/2025,,Thomas Bajada - Accord provisoire - Am 26,681,4,4,0,5
177739,2025-07-09 12:56:35,A10-0125/2025,,"Robert Biedroń, Nikolas Farantouris - Proposition de résolution (ensemble du texte)",422,219,31,13,5
177742,2025-07-09 12:29:44,A10-0133/2025,,Salvatore De Meo - Proposition de résolution (ensemble du texte),619,26,46,0,5
177743,2025-07-09,,,§ 6,,,,685,5
177744,2025-07-09,,,After § 6,,,,685,5
177745,2025-07-09 12:25:39,A10-0114/2025,,Andrzej Halicki - Proposition de résolution (ensemble du texte),643,13,35,0,5
177751,2025-07-09,,,After § 30,,,,685,5
177752,2025-07-09,,,After § 32,,,,685,5
177754,2025-07-09,,,After § 40,345,251,87,685,5
177757,2025-07-09,,,§ 58,,,,685,5
177763,2025-07-09 12:38:32,A10-0108/2025,,Ondřej Kolář - Proposition de résolution (ensemble du texte),495,130,63,0,5
177765,2025-07-08,,,Motion for a resolution,357,266,16,683,6
177768,2025-07-09,,,§ 4,,,,685,5
177771,2025-07-09,,,§ 6,,,,685,5
177772,2025-07-09,,,§ 7,,,,685,5
177775,2025-07-09,,,§ 10,,,,685,5
177776,2025-07-09,,,§ 13,,,,685,5
177777,2025-07-09,,,§ 14,,,,685,5
177778,2025-07-09,,,§ 15,,,,685,5
177779,2025-07-09,,,§ 17,,,,685,5
177781,2025-07-09,,,§ 25,,,,685,5
177783,2025-07-09,,,§ 26,,,,685,5
177785,2025-07-09,,,Recital I,,,,685,5
177786,2025-07-09 12:47:54,A10-0110/2025,,Rasa Juknevičienė - Proposition de résolution (ensemble du texte),490,147,49,0,5
177788,2025-07-09,,,§ 3,,,,685,5
177792,2025-07-09,,,§ 7,,,,685,5
177800,2025-07-09,,,§ 56,,,,685,5
177810,2025-07-09,,,After recital H,,,,685,5
177812,2025-07-09,,,Recital L,,,,685,5
177814,2025-07-09 12:43:06,A10-0118/2025,,Thomas Waitz - Proposition de résolution (ensemble du texte),461,121,107,0,5
177821,2025-07-08 12:33:22,A10-0079/2025,,Borys Budka - Demande de procéder au vote sur les amendements,126,542,3,12,6
177823,2025-07-08,,,"Article 1, § 1; Regulation (EU) 2017/1938; Article 22, § 4",,,,683,6
177824,2025-07-08,,,"Article 1, § 1; Regulation (EU) 2017/1938; Article 22, § 4",,,,683,6
177825,2025-07-08,,,"Article 1, § 1; Regulation (EU) 2017/1938; Article 22, after § 4",,,,683,6
177826,2025-07-08,,,After Article 1,,,,683,6
177827,2025-07-08,,,After recital 2,,,,683,6
177828,2025-07-08,,,After recital 3,,,,683,6
177829,2025-07-08,,,After recital 7,,,,683,6
177830,2025-07-08,,,After recital 7,,,,683,6
177831,2025-07-08,,,After recital 7,,,,683,6
177832,2025-07-08,,,After recital 7,,,,683,6
177833,2025-07-08 12:38:52,A10-0103/2025,,Emma Fourreau - Après le § 2 - Am 2,214,438,25,6,6
177834,2025-07-08 12:39:05,A10-0103/2025,,Emma Fourreau - § 11 - Am 3,146,525,7,5,6
177835,2025-07-08 12:39:30,A10-0103/2025,,Emma Fourreau - § 17,554,85,41,3,6
177836,2025-07-08 12:39:43,A10-0103/2025,,Emma Fourreau - § 32 - Am 4,304,334,38,7,6
177837,2025-07-08 12:39:56,A10-0103/2025,,Emma Fourreau - § 34 - Am 5,237,436,6,4,6
177838,2025-07-08 12:40:08,A10-0103/2025,,Emma Fourreau - Après le § 34 - Am 6,294,334,47,8,6
177839,2025-07-08 12:40:21,A10-0103/2025,,Emma Fourreau - Considérant O - Am 8,179,488,7,9,6
177840,2025-07-08 12:40:36,A10-0103/2025,,Emma Fourreau - Considérant O - Am 7,422,201,56,4,6
177842,2025-07-08,,,Recital O,,,,683,6
177843,2025-07-08,,,Recital O,,,,683,6
177844,2025-07-08 12:41:46,A10-0112/2025,,Francisco Assis - Après le § 1 - Am 14,130,518,18,17,6
177845,2025-07-08 12:41:58,A10-0112/2025,,Francisco Assis - Après le § 3 - Am 15,114,535,31,3,6
177846,2025-07-08 12:42:35,A10-0112/2025,,Francisco Assis - Après le § 14 - Am 16,190,474,16,3,6
177847,2025-07-08 12:42:48,A10-0112/2025,,Francisco Assis - Après le § 23 - Am 6,111,500,69,3,6
177848,2025-07-08 12:42:59,A10-0112/2025,,Francisco Assis - § 24 - Am 7,196,473,7,7,6
177849,2025-07-08 12:43:47,A10-0112/2025,,Francisco Assis - § 28 - Am 4,82,569,26,6,6
177851,2025-07-08 12:44:03,A10-0112/2025,,Francisco Assis - § 28/1,520,137,17,9,6
177852,2025-07-08,,,§ 28,,,,683,6
177853,2025-07-08 12:44:26,A10-0112/2025,,Francisco Assis - Après le § 28 - Am 5,79,583,13,8,6
177854,2025-07-08 12:44:38,A10-0112/2025,,Francisco Assis - Après le § 28 - Am 8,127,511,28,17,6
177855,2025-07-08 12:44:50,A10-0112/2025,,Francisco Assis - Après le § 28 - Am 17,109,542,18,14,6
177856,2025-07-08 12:45:06,A10-0112/2025,,Francisco Assis - Après le § 34 - Am 2,378,263,34,8,6
177857,2025-07-08 12:46:33,A10-0112/2025,,Francisco Assis - Après le § 41 - Am 9,285,363,29,6,6
177858,2025-07-08 12:49:47,A10-0121/2025,,Beata Szydło - Après le § 2 - Am 3,202,435,37,9,6
177859,2025-07-08 12:49:58,A10-0121/2025,,Beata Szydło - Après le § 2 - Am 4,209,407,51,16,6
177861,2025-07-08 12:50:25,A10-0121/2025,,Beata Szydło - § 6 - Am 5,145,439,87,12,6
177863,2025-07-08 12:50:39,A10-0121/2025,,Beata Szydło - § 7/1,572,19,79,13,6
177864,2025-07-08 12:50:51,A10-0121/2025,,Beata Szydło - § 7/2,146,487,32,18,6
177865,2025-07-08 12:51:01,A10-0121/2025,,Beata Szydło - § 7/3,481,115,71,16,6
177867,2025-07-08 12:51:15,A10-0121/2025,,Beata Szydło - § 10/1,600,65,6,12,6
177868,2025-07-08 12:51:25,A10-0121/2025,,Beata Szydło - § 10/2,506,137,20,20,6
177869,2025-07-08 12:51:38,A10-0121/2025,,Beata Szydło - Après le § 12 - Am 6,212,420,38,13,6
177870,2025-07-08 12:51:49,A10-0121/2025,,Beata Szydło - § 13 - Am 7,204,424,41,14,6
177871,2025-07-08 12:51:59,A10-0121/2025,,Beata Szydło - § 15 - Am 8,200,424,42,17,6
177872,2025-07-08 12:52:11,A10-0121/2025,,Beata Szydło - Après le § 20 - Am 9,198,434,37,14,6
177874,2025-07-08 12:52:24,A10-0121/2025,,Beata Szydło - § 49/1,529,106,32,16,6
177875,2025-07-08 12:52:34,A10-0121/2025,,Beata Szydło - § 49/2,519,71,71,22,6
177876,2025-07-08 12:52:44,A10-0121/2025,,Beata Szydło - § 49/3,535,122,10,16,6
177880,2025-07-08 12:53:34,A10-0121/2025,,Beata Szydło - Considérant D - Am 1,198,428,43,14,6
177881,2025-07-08 12:53:51,A10-0121/2025,,Beata Szydło - Considérant E - Am 2,202,425,43,13,6
177883,2025-07-08 12:54:04,A10-0121/2025,,Beata Szydło - Considérant I/1,544,41,80,18,6
177884,2025-07-08 12:54:14,A10-0121/2025,,Beata Szydło - Considérant I/2,524,128,17,14,6
177885,2025-07-08 12:54:24,A10-0121/2025,,Beata Szydło - Considérant I/3,474,141,53,15,6
177889,2025-07-09,B10-0315/2025,,After recital O,,,,685,5
177890,2025-07-09,B10-0315/2025,,After recital Q,,,,685,5
177891,2025-07-09,B10-0315/2025,,Recital R,,,,685,5
177896,2025-07-09,B10-0318/2025,,After recital G,,,,685,5
177897,2025-07-09,B10-0318/2025,,After recital G,,,,685,5
177898,2025-07-09,B10-0318/2025,,After recital G,,,,685,5
177899,2025-07-09,B10-0318/2025,,After recital G,,,,685,5
177900,2025-07-09,B10-0318/2025,,After recital G,,,,685,5
177901,2025-07-09,B10-0318/2025,,After recital G,,,,685,5
177902,2025-07-09,B10-0318/2025,,After recital G,,,,685,5
177903,2025-07-09,B10-0318/2025,,After recital G,,,,685,5
177904,2025-07-09,B10-0318/2025,,After recital F,,,,685,5
177905,2025-07-09,B10-0318/2025,,Recital I,,,,685,5
177906,2025-07-09,B10-0318/2025,,After recital I,,,,685,5
177907,2025-07-09,B10-0318/2025,,Recital K,,,,685,5
177908,2025-07-09,B10-0318/2025,,After recital M,,,,685,5
177910,2025-07-08 12:50:11,A10-0121/2025,,Beata Szydło - § 4,505,115,43,20,6
177911,2025-07-08 12:52:57,A10-0121/2025,,Beata Szydło - Visa 8,504,148,14,17,6
177912,2025-07-08 12:53:09,A10-0121/2025,,Beata Szydło - Visa 11,488,169,9,17,6
177913,2025-07-08 12:53:20,A10-0121/2025,,Beata Szydło - Visa 19,500,128,39,16,6
177915,2025-07-09,,,§ 1,234,383,42,685,5
177918,2025-07-09,,,§ 6,,,,685,5
177921,2025-07-09,,,After § 20,,,,685,5
177927,2025-07-09,,,After recital E,,,,685,5
177931,2025-07-09,B10-0303/2025,,B10-0303/2025,,,,685,5
177932,2025-07-09,B10-0304/2025,,B10-0304/2025,,,,685,5
177933,2025-07-09,B10-0305/2025,,B10-0305/2025,,,,685,5
177934,2025-07-09,B10-0306/2025,,B10-0306/2025,,,,685,5
177935,2025-07-09,B10-0307/2025,,B10-0307/2025,,,,685,5
177936,2025-07-09,B10-0308/2025,,B10-0308/2025,,,,685,5
177945,2025-07-07 17:08:09,Ordre du jour de mercredi,,Demande du groupe The Left,308,101,0,212,8
177948,2025-07-09,,,§ 1,,,,685,5
177949,2025-07-09 12:23:37,A10-0116/2025,,Victor Negrescu - § 2 - Am 1,176,509,7,0,5
177950,2025-07-09 12:23:50,A10-0116/2025,,Victor Negrescu - § 3 - Am 2,224,453,10,0,5
177951,2025-07-09,,,§ 5,,,,685,5
177952,2025-07-09,,,§ 6,,,,685,5
177953,2025-07-09,,,§ 7,,,,685,5
177954,2025-07-09,,,§ 8,,,,685,5
177955,2025-07-09 12:24:19,A10-0116/2025,,Victor Negrescu - Après le § 7 - Am 6,194,443,50,0,5
177956,2025-07-09 12:24:30,A10-0116/2025,,Victor Negrescu - Après le § 7 - Am 3,217,430,31,7,5
177957,2025-07-09 12:24:40,A10-0116/2025,,Victor Negrescu - Après le § 8 - Am 4,182,466,41,0,5
177958,2025-07-09 12:24:51,A10-0116/2025,,Victor Negrescu - Après le considérant D - Am 5,73,495,122,0,5
177959,2025-07-09 12:35:36,A10-0108/2025,,Ondřej Kolář - Après le § 1 - Am 10,133,531,20,1,5
177960,2025-07-09 12:35:49,A10-0108/2025,,Ondřej Kolář - § 2 - Am 11,101,558,22,4,5
177961,2025-07-09 12:36:00,A10-0108/2025,,Ondřej Kolář - Après le § 13 - Am 12,148,462,74,1,5
177962,2025-07-09 12:36:10,A10-0108/2025,,Ondřej Kolář - Après le § 26 - Am 13,114,543,32,0,5
177963,2025-07-09 12:36:22,A10-0108/2025,,Ondřej Kolář - Après le § 29 - Am 2,219,449,10,7,5
177964,2025-07-09 12:36:42,A10-0108/2025,,Ondřej Kolář - § 38 - Am 14,90,484,90,21,5
177965,2025-07-09 12:37:10,A10-0108/2025,,Ondřej Kolář - § 47 - Am 15,193,487,9,0,5
177966,2025-07-09 12:37:21,A10-0108/2025,,Ondřej Kolář - Après le § 48 - Am 16,145,470,65,5,5
177967,2025-07-09 12:37:36,A10-0108/2025,,Ondřej Kolář - Après le § 74 - Am 17,110,569,7,0,5
177968,2025-07-09 12:37:48,A10-0108/2025,,Ondřej Kolář - Considérant A - Am 6,103,561,18,3,5
177969,2025-07-09 12:37:59,A10-0108/2025,,Ondřej Kolář - Après le considérant M - Am 7,114,547,20,4,5
177970,2025-07-09 12:38:09,A10-0108/2025,,Ondřej Kolář - Après le considérant M - Am 8,156,510,17,2,5
177971,2025-07-09 12:38:20,A10-0108/2025,,Ondřej Kolář - Après le considérant M - Am 9,212,469,5,0,5
177972,2025-07-09 12:28:30,A10-0133/2025,,Salvatore De Meo - Après le § 33 - Am 1,157,493,39,0,5
177974,2025-07-09,,,§ 38,,,,685,5
177975,2025-07-09 12:28:46,A10-0133/2025,,Salvatore De Meo - § 38/2,480,196,3,6,5
177977,2025-07-09 12:28:59,A10-0133/2025,,Salvatore De Meo - § 39/1,679,3,7,0,5
177978,2025-07-09,,,§ 39,,,,685,5
177979,2025-07-09 12:29:16,A10-0133/2025,,Salvatore De Meo - Après le § 39 - Am 2,169,506,13,0,5
177981,2025-07-09,,,§ 40,,,,685,5
177982,2025-07-09 12:29:31,A10-0133/2025,,Salvatore De Meo - § 40/2,480,197,13,0,5
177983,2025-07-09 12:30:06,A10-0106/2025,,Andreas Schieder - § 4 - Am 14,104,570,14,0,5
177985,2025-07-09 12:30:23,A10-0106/2025,,Andreas Schieder - Après le § 20 - Am 15/1,210,468,9,0,5
177986,2025-07-09 12:30:33,A10-0106/2025,,Andreas Schieder - Après le § 20 - Am 15/2,209,462,12,2,5
177987,2025-07-09 12:30:44,A10-0106/2025,,Andreas Schieder - Après le § 20 - Am 15/3,208,460,8,9,5
177989,2025-07-09,,,§ 22,,,,685,5
177990,2025-07-09 12:31:04,A10-0106/2025,,Andreas Schieder - § 22/2,436,208,37,4,5
177991,2025-07-09 12:31:14,A10-0106/2025,,Andreas Schieder - Après le § 22 - Am 6,369,281,21,14,5
177992,2025-07-09 12:31:27,A10-0106/2025,,Andreas Schieder - § 23 - Am 7,357,294,23,11,5
177993,2025-07-09 12:31:55,A10-0106/2025,,Andreas Schieder - Après le § 23 - Am 8,364,288,18,15,5
177994,2025-07-09 12:32:07,A10-0106/2025,,Andreas Schieder - Après le § 23 - Am 9,216,289,170,10,5
177995,2025-07-09 12:32:21,A10-0106/2025,,Andreas Schieder - Après le § 23 - Am 21,167,414,97,7,5
177996,2025-07-09 12:32:32,A10-0106/2025,,Andreas Schieder - Après le § 24 - Am 22,377,292,19,0,5
177997,2025-07-09 12:32:44,A10-0106/2025,,Andreas Schieder - Après le § 24 - Am 23,370,301,19,0,5
177998,2025-07-09 12:32:56,A10-0106/2025,,Andreas Schieder - § 26 - Am 10,200,448,28,9,5
177999,2025-07-09 12:33:12,A10-0106/2025,,Andreas Schieder - § 28,546,94,47,0,5
178000,2025-07-09 12:33:23,A10-0106/2025,,Andreas Schieder - Après le § 29 - Am 16,223,448,14,0,5
178001,2025-07-09 12:33:54,A10-0106/2025,,Andreas Schieder - Après le § 56 - Am 24,540,72,62,11,5
178002,2025-07-09 12:34:07,A10-0106/2025,,Andreas Schieder - Après le § 58 - Am 11,239,290,151,5,5
178003,2025-07-09 12:34:17,A10-0106/2025,,Andreas Schieder - Après le § 60 - Am 17,101,566,16,2,5
178004,2025-07-09 12:34:27,A10-0106/2025,,Andreas Schieder - Considérant A - Am 12,118,551,16,0,5
178005,2025-07-09 12:34:38,A10-0106/2025,,Andreas Schieder - Considérant C - Am 13,133,536,21,0,5
178006,2025-07-09 12:34:49,A10-0106/2025,,Andreas Schieder - Après le considérant C - Am 4,222,443,16,4,5
178007,2025-07-09 12:35:01,A10-0106/2025,,Andreas Schieder - Après le considérant C - Am 5,224,439,19,3,5
178008,2025-07-09 12:18:36,B10-0321/2025,,Proposition de résolution (ensemble du texte),373,289,26,0,5
178009,2025-07-09 12:38:51,A10-0118/2025,,Thomas Waitz - § 3 - Am 21,458,109,118,0,5
178010,2025-07-09 12:39:04,A10-0118/2025,,Thomas Waitz - Après le § 6 - Am 24,224,434,13,14,5
178011,2025-07-09 12:39:18,A10-0118/2025,,Thomas Waitz - § 7 - Am 22,453,120,109,3,5
178013,2025-07-09 12:39:33,A10-0118/2025,,Thomas Waitz - Après le § 7 - Am 19,220,375,92,0,5
178014,2025-07-09 12:39:49,A10-0118/2025,,Thomas Waitz - § 8 - Am 3S = 14S =,286,387,16,0,5
178015,2025-07-09 12:40:02,A10-0118/2025,,Thomas Waitz - § 8 - Am 25,229,427,19,10,5
178016,2025-07-09 12:40:13,A10-0118/2025,,Thomas Waitz - § 29 - Am 4,235,422,30,0,5
178017,2025-07-09 12:40:23,A10-0118/2025,,Thomas Waitz - Après le § 31 - Am 26,189,447,32,17,5
178018,2025-07-09 12:40:35,A10-0118/2025,,Thomas Waitz - § 37 - Am 15,143,477,50,15,5
178019,2025-07-09 12:40:47,A10-0118/2025,,Thomas Waitz - Après le § 45 - Am 16,177,464,42,2,5
178020,2025-07-09 12:41:02,A10-0118/2025,,Thomas Waitz - § 68 - Am 5,562,62,60,1,5
178021,2025-07-09 12:41:14,A10-0118/2025,,Thomas Waitz - § 76 - Am 6,541,97,52,0,5
178022,2025-07-09 12:41:24,A10-0118/2025,,Thomas Waitz - Après le § 78 - Am 17,165,487,30,3,5
178023,2025-07-09 12:41:37,A10-0118/2025,,Thomas Waitz - Après le § 79 - Am 27,170,468,31,16,5
178024,2025-07-09 12:41:49,A10-0118/2025,,Thomas Waitz - Après le § 79 - Am 28,202,454,10,19,5
178025,2025-07-09 12:41:58,A10-0118/2025,,Thomas Waitz - Après le § 85 - Am 7,103,566,15,1,5
178026,2025-07-09 12:42:09,A10-0118/2025,,Thomas Waitz - Après le visa 23 - Am 8,194,461,28,2,5
178027,2025-07-09 12:42:19,A10-0118/2025,,Thomas Waitz - Considérant C - Am 1,243,416,28,0,5
178028,2025-07-09 12:42:30,A10-0118/2025,,Thomas Waitz - Après le considérant H - Am 9,187,432,63,3,5
178029,2025-07-09 12:42:46,A10-0118/2025,,Thomas Waitz - Considérant L - Am 20S,470,86,130,0,5
178031,2025-07-09 12:43:29,A10-0110/2025,,Rasa Juknevičienė - § 1 - Am 1,154,513,5,13,5
178032,2025-07-09 12:43:42,A10-0110/2025,,Rasa Juknevičienė - Après le § 1 - Am 16,97,547,22,19,5
178033,2025-07-09 12:44:49,A10-0110/2025,,Rasa Juknevičienė - § 4 - Am 17,95,536,43,11,5
178034,2025-07-09 12:45:02,A10-0110/2025,,Rasa Juknevičienė - § 5 - Am 18,96,546,31,12,5
178035,2025-07-09 12:45:23,A10-0110/2025,,Rasa Juknevičienė - § 7 - Am 19,107,551,25,2,5
178036,2025-07-09 12:45:34,A10-0110/2025,,Rasa Juknevičienė - § 8 - Am 20,112,520,44,9,5
178037,2025-07-09,,,§ 16,,,,685,5
178038,2025-07-09 12:47:04,A10-0110/2025,,Rasa Juknevičienė - § 23 - Am 4,141,531,14,0,5
178039,2025-07-09 12:47:19,A10-0110/2025,,Rasa Juknevičienė - § 25 - Am 21,106,547,25,7,5
178040,2025-07-09 12:47:35,A10-0110/2025,,Rasa Juknevičienė - Après le § 31 - Am 22,100,554,22,9,5
178041,2025-07-09 12:57:34,RC-B10-0304/2025,,Après le § 3 - Am 8,116,427,115,27,5
178042,2025-07-09 12:57:44,RC-B10-0304/2025,,§ 4 - Am 2,409,160,99,17,5
178043,2025-07-09 12:58:00,RC-B10-0304/2025,,§ 8 - Am 9,91,524,57,13,5
178045,2025-07-09,,,§ 15,,,,685,5
178046,2025-07-09 12:58:18,RC-B10-0304/2025,,§ 15/2,489,151,32,13,5
178047,2025-07-09 12:58:31,RC-B10-0304/2025,,§ 18,466,142,57,20,5
178048,2025-07-09 12:58:43,RC-B10-0304/2025,,Après le § 19 - Am 1,489,160,19,17,5
178050,2025-07-09,,,§ 20,,,,685,5
178051,2025-07-09 12:59:00,RC-B10-0304/2025,,§ 20/2,516,135,22,12,5
178052,2025-07-09 12:59:17,RC-B10-0304/2025,,Après le § 20 - Am 11,287,364,21,13,5
178053,2025-07-09 12:59:30,RC-B10-0304/2025,,Après le § 20 - Am 12,98,511,61,15,5
178054,2025-07-09 12:59:43,RC-B10-0304/2025,,Après le § 23 - Am 13,73,537,57,18,5
178055,2025-07-09 12:59:54,RC-B10-0304/2025,,Après le § 23 - Am 14,128,500,44,13,5
178056,2025-07-09 13:00:22,RC-B10-0304/2025,,§ 24 - Am 4,427,181,54,23,5
178058,2025-07-09,,,§ 24,,,,685,5
178059,2025-07-09,,,§ 24,,,,685,5
178060,2025-07-09,,,Recital F,,,,685,5
178061,2025-07-09 13:00:46,RC-B10-0304/2025,,Après le considérant U - Am 6,145,509,17,14,5
178062,2025-07-09 13:01:02,RC-B10-0304/2025,,Proposition de résolution (ensemble du texte),507,77,45,56,5
178064,2025-07-09 12:16:02,B10-0311/2025,,Proposition de résolution (ensemble du texte),101,501,77,6,5
178065,2025-07-09 12:16:37,B10-0311/2025,,Proposition de résolution (ensemble du texte),218,431,35,1,5
178066,2025-07-09 12:16:58,B10-0311/2025,,Proposition de résolution (ensemble du texte),153,506,27,0,5
178067,2025-07-09 12:18:08,B10-0311/2025,,Proposition de résolution (ensemble du texte),264,369,55,0,5
178069,2025-07-09 12:50:42,A10-0125/2025,,"Robert Biedroń, Nikolas Farantouris - § 22/1",613,39,29,4,5
178070,2025-07-09 12:50:54,A10-0125/2025,,"Robert Biedroń, Nikolas Farantouris - § 22/2",454,169,40,22,5
178072,2025-07-09 12:51:07,A10-0125/2025,,"Robert Biedroń, Nikolas Farantouris - § 23/1",593,40,48,4,5
178073,2025-07-09 12:51:18,A10-0125/2025,,"Robert Biedroń, Nikolas Farantouris - § 23/2",525,104,52,4,5
178074,2025-07-09 12:51:29,A10-0125/2025,,"Robert Biedroń, Nikolas Farantouris - § 23/3",452,155,59,19,5
178075,2025-07-09 12:51:41,A10-0125/2025,,"Robert Biedroń, Nikolas Farantouris - § 23/4",361,280,27,17,5
178077,2025-07-09 12:51:56,A10-0125/2025,,"Robert Biedroń, Nikolas Farantouris - § 24/1",577,57,51,0,5
178078,2025-07-09 12:52:07,A10-0125/2025,,"Robert Biedroń, Nikolas Farantouris - § 24/2",439,190,41,15,5
178079,2025-07-09 12:52:17,A10-0125/2025,,"Robert Biedroń, Nikolas Farantouris - § 24/3",529,105,45,6,5
178081,2025-07-09 12:52:30,A10-0125/2025,,"Robert Biedroń, Nikolas Farantouris - § 37/1",560,101,18,6,5
178082,2025-07-09 12:52:41,A10-0125/2025,,"Robert Biedroń, Nikolas Farantouris - § 37/2",436,187,44,18,5
178083,2025-07-09 12:52:50,A10-0125/2025,,"Robert Biedroń, Nikolas Farantouris - § 37/3",562,75,36,12,5
178084,2025-07-09 12:53:01,A10-0125/2025,,"Robert Biedroń, Nikolas Farantouris - § 37/4",538,123,16,8,5
178085,2025-07-09 12:53:12,A10-0125/2025,,"Robert Biedroń, Nikolas Farantouris - § 37/5",435,190,39,21,5
178086,2025-07-09 12:53:23,A10-0125/2025,,"Robert Biedroń, Nikolas Farantouris - § 37/6",431,195,41,18,5
178087,2025-07-09 12:53:33,A10-0125/2025,,"Robert Biedroń, Nikolas Farantouris - § 37/7",367,272,22,24,5
178089,2025-07-09 12:53:47,A10-0125/2025,,"Robert Biedroń, Nikolas Farantouris - § 42/1",461,186,21,17,5
178090,2025-07-09 12:53:58,A10-0125/2025,,"Robert Biedroń, Nikolas Farantouris - § 42/2",452,172,42,19,5
178091,2025-07-09 12:54:09,A10-0125/2025,,"Robert Biedroń, Nikolas Farantouris - § 42/3",468,180,21,16,5
178092,2025-07-09 12:54:21,A10-0125/2025,,"Robert Biedroń, Nikolas Farantouris - § 42/4",423,200,38,24,5
178093,2025-07-09 12:54:34,A10-0125/2025,,"Robert Biedroń, Nikolas Farantouris - § 42/5",378,179,32,96,5
178094,2025-07-09 12:54:49,A10-0125/2025,,"Robert Biedroń, Nikolas Farantouris - § 42/6",414,193,52,26,5
178095,2025-07-09 12:55:01,A10-0125/2025,,"Robert Biedroń, Nikolas Farantouris - § 47",449,191,28,17,5
178096,2025-07-09 12:55:15,A10-0125/2025,,"Robert Biedroń, Nikolas Farantouris - § 48",465,118,73,29,5
178098,2025-07-09 12:55:27,A10-0125/2025,,"Robert Biedroń, Nikolas Farantouris - § 56/1",488,87,112,0,5
178099,2025-07-09 12:55:39,A10-0125/2025,,"Robert Biedroń, Nikolas Farantouris - § 56/2",321,317,41,6,5
178100,2025-07-09 12:55:52,A10-0125/2025,,"Robert Biedroń, Nikolas Farantouris - Après le § 92 - Am 1",465,176,44,0,5
178101,2025-07-09 12:56:06,A10-0125/2025,,"Robert Biedroń, Nikolas Farantouris - Visa 15",370,279,22,14,5
178102,2025-07-09 12:56:20,A10-0125/2025,,"Robert Biedroń, Nikolas Farantouris - Visa 16",423,194,53,15,5
178107,2025-07-08 12:29:52,A10-0113/2025,,Eva Maydell - Demande d'ajournement du vote,71,539,64,9,6
178108,2025-07-08 13:00:42,B10-0322/2025,,Demande d'ajournement du vote,278,352,21,32,6
178109,2025-07-09,,,After recital L,,,,685,5
178111,2025-07-09 12:12:31,C10-0137/2025,,Demande de décision d'urgence,300,379,8,0,5
178112,2025-07-10 12:13:25,A10-0123/2025,,Hildegard Bentele - § 1 - Am 3,192,462,3,1,5
178113,2025-07-10 12:13:39,A10-0123/2025,,Hildegard Bentele - § 8 - Am 4,193,443,11,11,5
178115,2025-07-10,,,§ 10,,,,658,5
178116,2025-07-10,,,§ 10,,,,658,5
178117,2025-07-10,,,§ 14,,,,658,5
178119,2025-07-10,,,§ 18,,,,658,5
178120,2025-07-10,,,§ 18,,,,658,5
178121,2025-07-10,,,§ 21,362,285,6,658,5
178123,2025-07-10,,,§ 24,,,,658,5
178124,2025-07-10,,,§ 24,,,,658,5
178125,2025-07-10 12:14:38,A10-0123/2025,,Hildegard Bentele - Après le § 26 - Am 5,200,417,29,12,5
178127,2025-07-10 12:14:49,A10-0123/2025,,Hildegard Bentele - § 32/1,588,56,7,7,5
178128,2025-07-10,,,§ 32,,,,658,5
178130,2025-07-10,,,§ 34,,,,658,5
178131,2025-07-10 12:15:08,A10-0123/2025,,Hildegard Bentele - § 34/2,566,60,23,9,5
178132,2025-07-10 12:15:19,A10-0123/2025,,Hildegard Bentele - Après le visa 2 - Am 1,226,409,17,6,5
178133,2025-07-10,,,Citation 7,,,,658,5
178135,2025-07-10,,,Recital H,,,,658,5
178136,2025-07-10,,,Recital H,,,,658,5
178137,2025-07-10,,,Recital N,,,,658,5
178138,2025-07-10 12:15:45,A10-0123/2025,,Hildegard Bentele - Après le considérant S - Am 2,217,409,23,9,5
178140,2025-07-10,,,Recital 2,,,,658,5
178144,2025-07-10,,,Recital 4,,,,658,5
178145,2025-07-10,,,After recital 4,,,,658,5
178146,2025-07-10,,,Recital 6,,,,658,5
178147,2025-07-10 12:11:23,A10-0134/2025,,Antonio Decaro - Proposition de la Commission,542,97,12,7,5
178149,2025-07-10 12:03:19,B10-0319/2025,,Proposition de résolution,175,360,18,105,5
178157,2025-07-10,B10-0323/2025,,B10-0323/2025,,,,658,5
178158,2025-07-10,B10-0327/2025,,B10-0327/2025,,,,658,5
178159,2025-07-10,B10-0334/2025,,B10-0334/2025,,,,658,5
178160,2025-07-10,B10-0339/2025,,B10-0339/2025,,,,658,5
178161,2025-07-10,B10-0342/2025,,B10-0342/2025,,,,658,5
178165,2025-07-10,B10-0328/2025,,B10-0328/2025,,,,658,5
178166,2025-07-10,B10-0333/2025,,B10-0333/2025,,,,658,5
178167,2025-07-10,B10-0336/2025,,B10-0336/2025,,,,658,5
178168,2025-07-10,B10-0340/2025,,B10-0340/2025,,,,658,5
178169,2025-07-10,B10-0341/2025,,B10-0341/2025,,,,658,5
178181,2025-07-10,B10-0324/2025,,B10-0324/2025,,,,658,5
178182,2025-07-10,B10-0326/2025,,B10-0326/2025,,,,658,5
178183,2025-07-10,B10-0329/2025,,B10-0329/2025,,,,658,5
178184,2025-07-10,B10-0330/2025,,B10-0330/2025,,,,658,5
178185,2025-07-10,B10-0331/2025,,B10-0331/2025,,,,658,5
178186,2025-07-10,B10-0332/2025,,B10-0332/2025,,,,658,5
178187,2025-07-10 12:10:22,A10-0134/2025,,Antonio Decaro - Considérant 2 - Am 1,191,452,6,9,5
178188,2025-07-10 12:10:37,A10-0134/2025,,Antonio Decaro - Après le considérant 2 - Am 2,210,429,9,10,5
178189,2025-07-10 12:10:49,A10-0134/2025,,Antonio Decaro - Après le considérant 2 - Am 3,220,416,12,10,5
178190,2025-07-10 12:11:00,A10-0134/2025,,Antonio Decaro - Après le considérant 2 - Am 4,143,424,80,11,5
178192,2025-07-10,,,§ 1,,,,658,5
178193,2025-07-10,,,§ 2,,,,658,5
178194,2025-07-10,,,After § 2,,,,658,5
178197,2025-07-10,,,§ 4,,,,658,5
178198,2025-07-10,,,§ 4,,,,658,5
178200,2025-07-10,,,§ 5,505,111,18,658,5
178207,2025-07-10,,,After recital D,360,271,11,658,5
178210,2025-07-10,B10-0325/2025,,B10-0325/2025,,,,658,5
178211,2025-07-10,B10-0335/2025,,B10-0335/2025,,,,658,5
178212,2025-07-10,B10-0338/2025,,B10-0338/2025,,,,658,5
178213,2025-07-10,B10-0343/2025,,B10-0343/2025,,,,658,5
178214,2025-07-10,B10-0344/2025,,B10-0344/2025,,,,658,5
178215,2025-07-10,B10-0345/2025,,B10-0345/2025,,,,658,5
178216,2025-07-10,B10-0346/2025,,B10-0346/2025,,,,658,5
178217,2025-07-10,B10-0347/2025,,B10-0347/2025,,,,658,5
178218,2025-07-10 12:06:31,RC-B10-0327/2025,,Proposition de résolution,617,4,18,19,5
178219,2025-07-10 12:06:03,RC-B10-0328/2025,,Proposition de résolution,511,50,75,22,5
178220,2025-07-10 12:16:22,RC-B10-0324/2025/REV1,,Après le § 1 - Am 2,123,390,110,35,5
178221,2025-07-10 12:16:33,RC-B10-0324/2025/REV1,,Après le § 2 - Am 3,63,552,15,28,5
178222,2025-07-10 12:16:42,RC-B10-0324/2025/REV1,,§ 8 - Am 4,88,520,22,28,5
178223,2025-07-10 12:16:53,RC-B10-0324/2025/REV1,,§ 10 - Am 5,47,560,27,24,5
178224,2025-07-10 12:17:02,RC-B10-0324/2025/REV1,,Après le § 12 - Am 6,79,531,18,30,5
178225,2025-07-10 12:17:19,RC-B10-0324/2025/REV1,,§ 13 - Am 7,80,407,151,20,5
178227,2025-07-10,,,§ 13,,,,658,5
178228,2025-07-10 12:17:36,RC-B10-0324/2025/REV1,,§ 13/2,483,84,67,24,5
178229,2025-07-10 12:17:46,RC-B10-0324/2025/REV1,,Après le § 13 - Am 8,95,420,119,24,5
178230,2025-07-10 12:17:58,RC-B10-0324/2025/REV1,,§ 14 - Am 1,157,428,36,37,5
178231,2025-07-10 12:18:10,RC-B10-0324/2025/REV1,,Proposition de résolution (ensemble du texte),523,75,14,46,5
178232,2025-07-10 12:07:10,RC-B10-0335/2025,,Après le § 3 - Am 11,235,357,36,30,5
178234,2025-07-10,,,§ 4,,,,658,5
178235,2025-07-10,,,§ 4,,,,658,5
178236,2025-07-10 12:07:36,RC-B10-0335/2025,,Après le § 4 - Am 12,364,261,14,19,5
178237,2025-07-10 12:08:08,RC-B10-0335/2025,,Après le § 5 - Am 1,581,16,34,27,5
178238,2025-07-10 12:08:19,RC-B10-0335/2025,,Après le § 5 - Am 4,212,363,71,12,5
178240,2025-07-10 12:08:34,RC-B10-0335/2025,,§ 7 - Am 2/1,615,5,21,17,5
178241,2025-07-10 12:08:47,RC-B10-0335/2025,,§ 7 - Am 2/2,256,249,135,18,5
178242,2025-07-10 12:09:03,RC-B10-0335/2025,,Après le considérant A - Am 8,232,407,6,13,5
178243,2025-07-10 12:09:14,RC-B10-0335/2025,,Considérant B - Am 9,351,260,12,35,5
178244,2025-07-10 12:09:28,RC-B10-0335/2025,,Après le considérant D - Am 10,237,372,23,26,5
178245,2025-07-10 12:10:00,RC-B10-0335/2025,,Proposition de résolution (ensemble du texte),625,7,10,16,5
178281,2025-09-10 13:25:58,A10-0139/2025,,Marcos Ros Sempere - Proposition de résolution (ensemble du texte),462,142,63,1,14
178283,2025-09-10,,,Proposal to vote on amendments,,,,668,14
178285,2025-09-10 13:19:49,A10-0085/2025,,Antonio Decaro - Accord provisoire - Am 32,617,18,19,14,14
178287,2025-09-10,,,Text as a whole,,,,668,14
178289,2025-09-10,,,Commission proposal,,,,668,14
178290,2025-09-11,,,§ 27,,,,623,15
178291,2025-09-11 12:20:01,A10-0135/2025,,Laurence Farreng - Proposition de résolution (ensemble du texte),461,100,48,14,15
178292,2025-09-09,,,§ 1,,,,660,14
178294,2025-09-09,,,After § 1,,,,660,14
178295,2025-09-09,,,After § 1,,,,660,14
178296,2025-09-09,,,After § 1,,,,660,14
178297,2025-09-09,,,§ 3,,,,660,14
178298,2025-09-09,,,§ 3,,,,660,14
178299,2025-09-09,,,After § 4,,,,660,14
178300,2025-09-09,,,§ 11,,,,660,14
178302,2025-09-09,,,After § 13,,,,660,14
178303,2025-09-09,,,After § 16,,,,660,14
178304,2025-09-09,,,After § 18,,,,660,14
178305,2025-09-09,,,§ 27,,,,660,14
178306,2025-09-09,,,§ 27,,,,660,14
178308,2025-09-09,,,After § 27,,,,660,14
178309,2025-09-09,,,After § 31,,,,660,14
178313,2025-09-09,,,§ 48,,,,660,14
178314,2025-09-09,,,§ 49,,,,660,14
178316,2025-09-09,,,Citation 13,,,,660,14
178317,2025-09-09,,,After citation 13,,,,660,14
178318,2025-09-09,,,After citation 13,,,,660,14
178319,2025-09-09,,,After citation 13,,,,660,14
178320,2025-09-09,,,After citation 13,,,,660,14
178321,2025-09-09,,,Recital B,,,,660,14
178322,2025-09-09,,,After recital B,,,,660,14
178323,2025-09-09,,,After recital B,,,,660,14
178324,2025-09-09,,,After recital C,,,,660,14
178325,2025-09-09,,,After recital D,,,,660,14
178326,2025-09-09,,,Recital G,,,,660,14
178327,2025-09-09,,,Recital G,,,,660,14
178328,2025-09-09,,,Recital H,,,,660,14
178329,2025-09-09,,,After recital J,,,,660,14
178330,2025-09-09,,,Recital N,,,,660,14
178334,2025-09-09 13:19:05,A10-0154/2025,,Michael Gahler - Proposition de résolution (ensemble du texte),418,135,41,66,14
178335,2025-09-09,,,Nomination of Stef Blok,462,129,25,660,14
178336,2025-09-09 12:51:18,A10-0142/2025,,Nikola Bartůšek - Projet de décision du Conseil,606,5,19,30,14
178341,2025-09-09,,,§ 14,,,,660,14
178342,2025-09-09,,,§ 18,,,,660,14
178344,2025-09-09,,,§ 37,347,284,19,660,14
178345,2025-09-09,,,§ 37,343,279,25,660,14
178348,2025-09-09,,,§ 54,,,,660,14
178350,2025-09-09,,,§ 60,,,,660,14
178351,2025-09-09,,,§ 63,,,,660,14
178359,2025-09-09,,,§ 64,,,,660,14
178361,2025-09-09,,,After § 64,,,,660,14
178371,2025-09-09,,,§ 76,342,285,20,660,14
178372,2025-09-09,,,After § 82,,,,660,14
178375,2025-09-09,,,Recital M,,,,660,14
178379,2025-09-09,,,Recital Z,,,,660,14
178380,2025-09-09,,,Recital AA,,,,660,14
178382,2025-09-09,,,After recital AF,,,,660,14
178384,2025-09-09 13:10:56,A10-0147/2025,,Piotr Müller - Proposition de résolution (ensemble du texte),432,95,124,9,14
178385,2025-09-10 13:21:50,A10-0145/2025,,Borys Budka - Projet de décision du Conseil,624,9,32,3,14
178386,2025-09-10 13:22:10,A10-0146/2025,,Borys Budka - Projet de décision du Conseil,627,4,33,4,14
178387,2025-09-09 12:52:53,A10-0105/2025,,Nacho Sánchez Amor - Projet de décision du Conseil,473,114,58,15,14
178389,2025-09-10 13:24:07,A10-0137/2025,,Ciaran Mullooly - Proposition de résolution (ensemble du texte),519,99,48,2,14
178390,2025-09-11,,,§ 2,,,,623,15
178391,2025-09-11,,,§ 4,,,,623,15
178396,2025-09-11,,,Recital G,,,,623,15
178397,2025-09-11 12:21:26,A10-0151/2025,,Anna-Maja Henriksson - Proposition de résolution (ensemble du texte),459,65,90,9,15
178399,2025-09-11 12:23:05,A10-0156/2025,,Ľubica Karvašová - Proposition de résolution (ensemble du texte),388,186,34,15,15
178400,2025-09-10 13:26:23,A10-0138/2025,,Vladimir Prebilič - Proposition de résolution,513,111,40,4,14
178401,2025-09-10 13:21:01,A10-0152/2025,,Javier Zarzalejos - Proposition de la Commission,634,4,29,1,14
178402,2025-09-09,,,Request for an urgent decision,,,,660,14
178405,2025-09-10 13:20:15,A10-0095/2025,,Johan Van Overtveldt - Accord provisoire - Am 2,612,7,45,4,14
178406,2025-09-10 13:20:38,A10-0127/2025,,Ilhan Kyuchyuk - Proposition de la Commission,662,3,2,1,14
178407,2025-09-09,,,§ 1,291,275,82,660,14
178408,2025-09-09,,,§ 10,294,80,269,660,14
178410,2025-09-09,,,After § 18,,,,660,14
178411,2025-09-09,,,§ 19,,,,660,14
178412,2025-09-09,,,§ 32,,,,660,14
178413,2025-09-09,,,§ 33,,,,660,14
178414,2025-09-09,,,§ 38,,,,660,14
178415,2025-09-09,,,§ 42,,,,660,14
178416,2025-09-09,,,§ 44,,,,660,14
178417,2025-09-09,,,§ 45,,,,660,14
178418,2025-09-09,,,§ 46,,,,660,14
178419,2025-09-09,,,Recital N,,,,660,14
178420,2025-09-09,,,After recital R,,,,660,14
178421,2025-09-09,,,After recital U,311,18,310,660,14
178422,2025-09-09,,,Recital AH,,,,660,14
178423,2025-09-09,,,After recital AI,,,,660,14
178424,2025-09-09 12:55:32,A10-0111/2025,,Nacho Sánchez Amor - Proposition de résolution (ensemble du texte),434,49,168,9,14
178425,2025-09-10 13:21:28,A10-0141/2025,,Dariusz Joński - Projet de décision du Conseil,528,89,48,3,14
178426,2025-09-09,,,Nomination of Joëlle Elvinger,530,41,70,660,14
178428,2025-09-09,,,"Article 2, § 5, introductory part",,,,660,14
178429,2025-09-09,,,"Article 2, § 5, introductory part",,,,660,14
178430,2025-09-09,,,"Article 2, § 6, introductory part",,,,660,14
178432,2025-09-09,,,"Article 2, § 6, introductory part",,,,660,14
178434,2025-09-09,,,"Article 3, § 1, point 9",,,,660,14
178437,2025-09-09,,,"Article 3, § 1, point 15",,,,660,14
178438,2025-09-09,,,"Article 3, § 1, point 22",,,,660,14
178439,2025-09-09,,,"Article 3, § 1, point 22",,,,660,14
178440,2025-09-09,,,"Article 3, § 1, point 22",,,,660,14
178445,2025-09-09,,,"Article 6, § 1, before sub§ 1",,,,660,14
178449,2025-09-09,,,"Article 6, § 1, sub§ 1",,,,660,14
178452,2025-09-09,,,"Article 6, § 3, sub§ 1",,,,660,14
178454,2025-09-09,,,"Article 6, § 4, sub§ 1, introductory part",,,,660,14
178455,2025-09-09,,,"Article 6, § 4, sub§ 1, introductory part",447,196,5,660,14
178458,2025-09-09,,,"Article 18, after § 1",,,,660,14
178459,2025-09-09,,,"Article 20, after § 4",,,,660,14
178460,2025-09-09,,,"Article 22, § 2, point b",,,,660,14
178461,2025-09-09,,,"Article 23, § 4, sub§ 1",,,,660,14
178462,2025-09-09,,,"Article 23, § 4, sub§ 1",,,,660,14
178463,2025-09-09,,,"Article 30, § 2, sub§ 1",,,,660,14
178464,2025-09-09,,,"Article 30, § 2, sub§ 1",,,,660,14
178471,2025-09-09,,,Recital 19,,,,660,14
178472,2025-09-09 12:48:59,A10-0158/2025,,"Jens Gieseke, Paulius Saudargas - Proposition de la Commission",431,145,76,8,14
178473,2025-09-09,,,Request for referral back (Rule 60(4)),,,,660,14
178475,2025-09-11,,,"Article 1, paragraph 1, point 3, point a; Directive (EU) 2015/2302; Article 3, § 1, point 2, point b, point v",,,,623,15
178476,2025-09-11,,,"Article 1, paragraph 1, point 3, point a; Directive (EU) 2015/2302; Article 3, § 1, point 2, point b, point v",,,,623,15
178477,2025-09-11,,,"Article 1, § 1, after point 3; Directive (EU) 2015/2302; Article 3, § 1, point 12",,,,623,15
178478,2025-09-11,,,"Article 1, § 1, after point 3; Directive (EU) 2015/2302; Article 3, § 1, point 12",493,75,39,623,15
178479,2025-09-11,,,"Article 1, § 1, point 7, point c; Directive (EU) 2015/2302; Article 12, § 4",,,,623,15
178480,2025-09-11,,,"Article 1, § 1, point 7, point c; Directive (EU) 2015/2302; Article 12, § 4",,,,623,15
178481,2025-09-11,,,"Article 1, paragraph 1, point 8; Directive (EU) 2015/2302; Article 12a, after § 8",,,,623,15
178483,2025-09-11,,,Recital 17,,,,623,15
178484,2025-09-11 12:17:19,A10-0140/2025,,Alex Agius Saliba - Proposition de la Commission,535,36,47,5,15
178485,2025-09-11,,,Request for referral back (Rule 60(4)),,,,623,15
178486,2025-09-10,,,Before § 1,,,,668,14
178488,2025-09-10,,,After § 3,293,311,51,668,14
178494,2025-09-10,,,§ 112,,,,668,14
178495,2025-09-10,,,§ 125,,,,668,14
178496,2025-09-10,,,Recital F,,,,668,14
178497,2025-09-10,,,After recital H,337,289,27,668,14
178500,2025-09-10 13:29:45,A10-0143/2025,,Carmen Crespo Díaz - Proposition de résolution (ensemble du texte),393,145,123,7,14
178503,2025-09-09,,,§ 1,,,,660,14
178504,2025-09-09,,,§ 1,,,,660,14
178505,2025-09-09 13:11:22,A10-0154/2025,,Michael Gahler - Après le § 1 - Am 4,365,182,56,57,14
178507,2025-09-09,,,§ 5,,,,660,14
178508,2025-09-09,,,§ 5,,,,660,14
178509,2025-09-09,,,§ 5,,,,660,14
178511,2025-09-09,,,After § 27,,,,660,14
178512,2025-09-09,,,After § 27,,,,660,14
178513,2025-09-09,,,After § 27,,,,660,14
178515,2025-09-09,,,§ 28,,,,660,14
178516,2025-09-09,,,§ 28,,,,660,14
178518,2025-09-09,,,§ 36,,,,660,14
178519,2025-09-09,,,§ 36,,,,660,14
178520,2025-09-09,,,§ 38,,,,660,14
178522,2025-09-09,,,§ 41,,,,660,14
178523,2025-09-09,,,§ 41,,,,660,14
178524,2025-09-09 13:15:18,A10-0154/2025,,Michael Gahler - Après le § 43 - Am 44,79,460,88,33,14
178525,2025-09-09 13:15:29,A10-0154/2025,,Michael Gahler - Après le § 45 - Am 5,191,296,143,30,14
178527,2025-09-09,,,§ 56,,,,660,14
178528,2025-09-09,,,§ 56,,,,660,14
178530,2025-09-09,,,§ 61,,,,660,14
178531,2025-09-09,,,§ 61,442,145,47,660,14
178532,2025-09-09 13:16:24,A10-0154/2025,,Michael Gahler - Après le § 65 - Am 6,127,473,19,41,14
178534,2025-09-09,,,§ 67,,,,660,14
178535,2025-09-09 13:16:41,A10-0154/2025,,Michael Gahler - § 67/2,428,173,34,25,14
178537,2025-09-09,,,§ 81,,,,660,14
178538,2025-09-09,,,§ 81,,,,660,14
178539,2025-09-09 13:17:02,A10-0154/2025,,Michael Gahler - § 84,335,272,21,32,14
178540,2025-09-09 13:18:18,A10-0154/2025,,Michael Gahler - Après le considérant Q - Am 39,77,491,62,30,14
178542,2025-09-09,,,Recital V,,,,660,14
178543,2025-09-09,,,Recital V,,,,660,14
178544,2025-09-09 13:18:38,A10-0154/2025,,Michael Gahler - Après le considérant W - Am 3,255,252,132,21,14
178545,2025-09-09 13:18:52,A10-0154/2025,,Michael Gahler - Après le considérant AA - Am 1,113,475,43,29,14
178546,2025-09-09 12:53:49,A10-0111/2025,,Nacho Sánchez Amor - Après le § 12 - Am 12,72,522,51,15,14
178548,2025-09-09,,,§ 30,,,,660,14
178549,2025-09-09,,,§ 30,,,,660,14
178550,2025-09-09,,,Recital T,,,,660,14
178552,2025-09-10,,,Motion for a resolution,,,,668,14
178554,2025-09-10,B10-0358/2025,,B10-0358/2025,,,,668,14
178555,2025-09-10,B10-0360/2025,,B10-0360/2025,,,,668,14
178556,2025-09-10,B10-0362/2025,,B10-0362/2025,,,,668,14
178557,2025-09-10,B10-0364/2025,,B10-0364/2025,,,,668,14
178558,2025-09-10,B10-0365/2025,,B10-0365/2025,,,,668,14
178559,2025-09-09,,,Amendments by the committee responsible – put to the vote collectively,,,,660,14
178561,2025-09-09,,,Amendments by the committee responsible – separate votes,,,,660,14
178562,2025-09-09,,,Amendments by the committee responsible – separate votes,386,236,10,660,14
178563,2025-09-09,,,Amendments by the committee responsible – separate votes,,,,660,14
178564,2025-09-09,,,Amendments by the committee responsible – separate votes,,,,660,14
178565,2025-09-09,,,Amendments by the committee responsible – separate votes,,,,660,14
178566,2025-09-09,,,Amendments by the committee responsible – separate votes,,,,660,14
178567,2025-09-09,,,Amendments by the committee responsible – separate votes,,,,660,14
178568,2025-09-09,,,Amendments by the committee responsible – separate votes,,,,660,14
178569,2025-09-09,,,Amendments by the committee responsible – separate votes,,,,660,14
178570,2025-09-09,,,Amendments by the committee responsible – separate votes,,,,660,14
178571,2025-09-09,,,Amendments by the committee responsible – separate votes,,,,660,14
178572,2025-09-09 12:41:25,A10-0158/2025,,"Jens Gieseke, Paulius Saudargas - Article 2, § 6, partie introductive - Am 396",197,418,30,15,14
178573,2025-09-09 12:41:42,A10-0158/2025,,"Jens Gieseke, Paulius Saudargas - Article 3, § 1, point 9 - Am 397",158,471,17,14,14
178574,2025-09-09 12:41:57,A10-0158/2025,,"Jens Gieseke, Paulius Saudargas - Article 3, § 1, après le point 9 - Am 398",199,437,11,13,14
178575,2025-09-09 12:42:12,A10-0158/2025,,"Jens Gieseke, Paulius Saudargas - Article 3, § 1, point 15 - Am 399= 412=",168,445,36,11,14
178576,2025-09-09 12:42:44,A10-0158/2025,,"Jens Gieseke, Paulius Saudargas - Article 4, § 1, après le point b - Am 391",138,508,2,12,14
178577,2025-09-09 12:42:56,A10-0158/2025,,"Jens Gieseke, Paulius Saudargas - Article 4, après le § 1 - Am 392",138,504,4,14,14
178578,2025-09-09 12:43:11,A10-0158/2025,,"Jens Gieseke, Paulius Saudargas - Article 6 - Am 401S",131,447,72,10,14
178579,2025-09-09,,,Article 6,,,,660,14
178581,2025-09-09 12:43:33,A10-0158/2025,,"Jens Gieseke, Paulius Saudargas - Article 6 - Am 133/1",505,126,19,10,14
178582,2025-09-09 12:43:45,A10-0158/2025,,"Jens Gieseke, Paulius Saudargas - Article 6 - Am 133/2",512,122,15,11,14
178583,2025-09-09 12:43:56,A10-0158/2025,,"Jens Gieseke, Paulius Saudargas - Article 6 - Am 134",473,154,22,11,14
178584,2025-09-09,,,Article 6,,,,660,14
178586,2025-09-09 12:44:13,A10-0158/2025,,"Jens Gieseke, Paulius Saudargas - Article 6 - Am 150/1",452,195,2,11,14
178587,2025-09-09 12:44:24,A10-0158/2025,,"Jens Gieseke, Paulius Saudargas - Article 6 - Am 150/2",438,196,8,18,14
178588,2025-09-09 12:44:40,A10-0158/2025,,"Jens Gieseke, Paulius Saudargas - Article 6, § 1, alinéa 1 - Am 393",120,529,2,9,14
178589,2025-09-09 12:44:53,A10-0158/2025,,"Jens Gieseke, Paulius Saudargas - Article 6, § 1, alinéa 1 - Am 402",194,434,15,17,14
178590,2025-09-09 12:45:03,A10-0158/2025,,"Jens Gieseke, Paulius Saudargas - Article 6, § 1, alinéa 1 - Am 130",444,189,14,13,14
178591,2025-09-09 12:45:22,A10-0158/2025,,"Jens Gieseke, Paulius Saudargas - Article 6, § 1, alinéa 2 - Am 403S",192,442,11,15,14
178592,2025-09-09 12:45:33,A10-0158/2025,,"Jens Gieseke, Paulius Saudargas - Article 6, § 1, après l'alinéa 2 - Am 394",142,496,8,14,14
178594,2025-09-09 12:45:51,A10-0158/2025,,"Jens Gieseke, Paulius Saudargas - Article 6, § 3, alinéa 1 - Am 137/1",461,185,5,9,14
178595,2025-09-09 12:46:02,A10-0158/2025,,"Jens Gieseke, Paulius Saudargas - Article 6, § 3, alinéa 1 - Am 137/2",451,182,10,17,14
178596,2025-09-09 12:46:33,A10-0158/2025,,"Jens Gieseke, Paulius Saudargas - Article 7, après le § 4 - Am 387",207,431,10,12,14
178597,2025-09-09 12:46:45,A10-0158/2025,,"Jens Gieseke, Paulius Saudargas - Article 18, § 1 - Am 388",124,515,7,14,14
178598,2025-09-09 12:47:25,A10-0158/2025,,"Jens Gieseke, Paulius Saudargas - Article 38, § 3, après le point b - Am 389",96,549,3,12,14
178599,2025-09-09 12:47:37,A10-0158/2025,,"Jens Gieseke, Paulius Saudargas - Article 55, après le § 2 - Am 390",105,538,3,14,14
178600,2025-09-09 12:47:48,A10-0158/2025,,"Jens Gieseke, Paulius Saudargas - Article 55, après le § 2 - Am 318",512,120,14,14,14
178601,2025-09-09 12:47:59,A10-0158/2025,,"Jens Gieseke, Paulius Saudargas - Annexe VII, partie C, point 4 - Am 407S",137,447,61,15,14
178602,2025-09-09 12:48:11,A10-0158/2025,,"Jens Gieseke, Paulius Saudargas - Annexe VII, partie C, point 6 - Am 408S= 416S=",204,438,8,10,14
178603,2025-09-09 12:48:22,A10-0158/2025,,"Jens Gieseke, Paulius Saudargas - Annexe VII, partie C, point 13 - Am 371",530,112,4,14,14
178604,2025-09-09 12:48:33,A10-0158/2025,,"Jens Gieseke, Paulius Saudargas - Annexe VII, partie C, point 16 - Am 409S= 417S=",208,431,7,14,14
178605,2025-09-09 12:48:44,A10-0158/2025,,"Jens Gieseke, Paulius Saudargas - Considérant 19 - Am 395",187,442,16,15,14
178606,2025-09-09 12:56:35,A10-0147/2025,,Piotr Müller - Après le § 2 - Am 42,183,416,47,14,14
178608,2025-09-09 12:56:46,A10-0147/2025,,Piotr Müller - § 3/1,603,29,18,10,14
178609,2025-09-09 12:56:57,A10-0147/2025,,Piotr Müller - § 3/2,497,126,23,14,14
178610,2025-09-09 12:57:09,A10-0147/2025,,Piotr Müller - § 4 - Am 3,319,295,36,10,14
178612,2025-09-09,,,§ 4,,,,660,14
178613,2025-09-09,,,§ 4,,,,660,14
178614,2025-09-09,,,§ 4,,,,660,14
178615,2025-09-09 12:57:32,A10-0147/2025,,Piotr Müller - Après le § 6 - Am 4,362,226,54,18,14
178617,2025-09-09,,,§ 8,,,,660,14
178618,2025-09-09 12:57:47,A10-0147/2025,,Piotr Müller - § 8/2,457,178,9,16,14
178619,2025-09-09 12:57:58,A10-0147/2025,,Piotr Müller - § 11 - Am 5,92,521,29,18,14
178621,2025-09-09,,,§ 13,,,,660,14
178622,2025-09-09 12:58:13,A10-0147/2025,,Piotr Müller - § 13/2,475,149,21,15,14
178623,2025-09-09 12:58:40,A10-0147/2025,,Piotr Müller - § 36 - Am 7,261,365,22,12,14
178625,2025-09-09,,,§ 36,,,,660,14
178626,2025-09-09,,,§ 36,,,,660,14
178627,2025-09-09 12:59:36,A10-0147/2025,,Piotr Müller - § 39 - Am 8,228,413,9,10,14
178628,2025-09-09 12:59:47,A10-0147/2025,,Piotr Müller - Après le § 39 - Am 9,254,327,66,13,14
178630,2025-09-09,,,§ 46,,,,660,14
178631,2025-09-09 13:00:04,A10-0147/2025,,Piotr Müller - § 46/2,475,152,23,10,14
178632,2025-09-09 13:00:14,A10-0147/2025,,Piotr Müller - § 53,613,24,9,14,14
178633,2025-09-09 13:00:40,A10-0147/2025,,Piotr Müller - § 54,440,201,7,12,14
178634,2025-09-09 13:00:52,A10-0147/2025,,Piotr Müller - Après le § 56 - Am 46,530,78,40,12,14
178636,2025-09-09,,,§ 58,,,,660,14
178637,2025-09-09 13:01:07,A10-0147/2025,,Piotr Müller - § 58/2,456,187,5,12,14
178639,2025-09-09,,,§ 59,,,,660,14
178640,2025-09-09 13:01:23,A10-0147/2025,,Piotr Müller - § 59/2,448,190,10,12,14
178641,2025-09-09 13:01:39,A10-0147/2025,,Piotr Müller - § 61,464,179,8,9,14
178643,2025-09-09 13:01:59,A10-0147/2025,,Piotr Müller - § 63/1,626,20,6,8,14
178644,2025-09-09 13:02:10,A10-0147/2025,,Piotr Müller - § 63/2,553,82,14,11,14
178645,2025-09-09 13:02:21,A10-0147/2025,,Piotr Müller - § 63/3,554,61,36,9,14
178646,2025-09-09 13:02:34,A10-0147/2025,,Piotr Müller - Après le § 63 - Am 12,250,391,8,11,14
178647,2025-09-09 13:02:44,A10-0147/2025,,Piotr Müller - Après le § 63 - Am 13,224,410,11,15,14
178648,2025-09-09 13:02:54,A10-0147/2025,,Piotr Müller - Après le § 63 - Am 14,226,414,7,13,14
178649,2025-09-09 13:03:03,A10-0147/2025,,Piotr Müller - Après le § 63 - Am 15,219,423,6,12,14
178650,2025-09-09 13:03:14,A10-0147/2025,,Piotr Müller - Après le § 63 - Am 16,217,419,11,13,14
178651,2025-09-09 13:03:23,A10-0147/2025,,Piotr Müller - Après le § 63 - Am 24,255,361,33,11,14
178652,2025-09-09 13:03:34,A10-0147/2025,,Piotr Müller - § 64 - Am 17,224,420,6,10,14
178653,2025-09-09 13:03:49,A10-0147/2025,,Piotr Müller - Après le § 64 - Am 25,255,361,31,13,14
178654,2025-09-09 13:04:05,A10-0147/2025,,Piotr Müller - § 65 - Am 34,223,411,9,17,14
178655,2025-09-09 13:04:17,A10-0147/2025,,Piotr Müller - § 65 - Am 36,225,419,4,12,14
178657,2025-09-09 13:04:31,A10-0147/2025,,Piotr Müller - § 65/1,554,40,52,14,14
178658,2025-09-09 13:04:40,A10-0147/2025,,Piotr Müller - § 65/2,444,185,6,25,14
178659,2025-09-09 13:04:51,A10-0147/2025,,Piotr Müller - § 66 - Am 35,236,369,43,12,14
178660,2025-09-09 13:05:01,A10-0147/2025,,Piotr Müller - Après le § 66 - Am 30,145,439,59,17,14
178661,2025-09-09 13:05:13,A10-0147/2025,,Piotr Müller - § 67 - Am 18,118,429,99,14,14
178662,2025-09-09 13:05:24,A10-0147/2025,,Piotr Müller - § 67 - Am 37,280,338,28,14,14
178663,2025-09-09 13:05:36,A10-0147/2025,,Piotr Müller - § 67 - Am 47,322,261,63,14,14
178665,2025-09-09,,,§ 67,,,,660,14
178666,2025-09-09,,,§ 67,,,,660,14
178667,2025-09-09 13:05:50,A10-0147/2025,,Piotr Müller - Après le § 67 - Am 19,307,293,44,16,14
178669,2025-09-09 13:06:04,A10-0147/2025,,Piotr Müller - § 71/1,601,28,17,14,14
178670,2025-09-09 13:06:14,A10-0147/2025,,Piotr Müller - § 71/2,457,179,5,19,14
178671,2025-09-09 13:06:25,A10-0147/2025,,Piotr Müller - § 75 - Am 20,227,390,31,12,14
178672,2025-09-09 13:07:00,A10-0147/2025,,Piotr Müller - Après le § 82 - Am 28,264,373,10,13,14
178674,2025-09-09,,,§ 86,,,,660,14
178675,2025-09-09 13:07:18,A10-0147/2025,,Piotr Müller - § 86/2,450,183,9,18,14
178677,2025-09-09,,,Recital E,,,,660,14
178678,2025-09-09,,,Recital E,,,,660,14
178679,2025-09-09 13:07:37,A10-0147/2025,,Piotr Müller - Considérant E/3,481,157,4,18,14
178680,2025-09-09 13:07:49,A10-0147/2025,,Piotr Müller - Considérant H,564,52,28,16,14
178681,2025-09-09 13:08:00,A10-0147/2025,,Piotr Müller - Après le considérant L - Am 29,114,450,77,19,14
178682,2025-09-09 13:08:14,A10-0147/2025,,Piotr Müller - Après le considérant N - Am 1,307,280,53,20,14
178683,2025-09-09 13:08:26,A10-0147/2025,,Piotr Müller - Après le considérant N - Am 2,288,273,74,25,14
178684,2025-09-09 13:08:41,A10-0147/2025,,Piotr Müller - Après le considérant R - Am 39,142,420,78,20,14
178686,2025-09-09,,,Recital Y,,,,660,14
178687,2025-09-09,,,Recital Y,470,162,11,660,14
178689,2025-09-09 13:09:29,A10-0147/2025,,Piotr Müller - Considérant AA/1,590,36,12,22,14
178690,2025-09-09 13:09:39,A10-0147/2025,,Piotr Müller - Considérant AA/2,430,183,6,41,14
178691,2025-09-09 13:09:50,A10-0147/2025,,Piotr Müller - Considérant AA/3,415,215,10,20,14
178692,2025-09-09 13:10:00,A10-0147/2025,,Piotr Müller - Après le considérant AE - Am 21,254,356,37,13,14
178694,2025-09-09,,,Recital AH,,,,660,14
178695,2025-09-09 13:10:23,A10-0147/2025,,Piotr Müller - Considérant AH/2,448,186,10,16,14
178696,2025-09-09 13:10:37,A10-0147/2025,,Piotr Müller - Après le considérant AG - Am 23,250,384,12,14,14
178702,2025-09-10 13:17:38,A10-0122/2025,,Marit Maij - Accord provisoire - Am 32,453,149,59,7,14
178704,2025-09-10,,,Commission statement,,,,668,14
178706,2025-09-10,,,Text as a whole,,,,668,14
178707,2025-09-10,,,Title,,,,668,14
178708,2025-09-10,,,After Article 1,,,,668,14
178709,2025-09-10,,,After recital 9,,,,668,14
178710,2025-09-10,,,Commission proposal,,,,668,14
178712,2025-09-10,,,After § 1,,,,668,14
178713,2025-09-10,,,After § 5,,,,668,14
178714,2025-09-10,,,After § 7,,,,668,14
178718,2025-09-10,,,After recital A,,,,668,14
178719,2025-09-10,,,After recital B,,,,668,14
178723,2025-09-10,B10-0353/2025,,B10-0353/2025,,,,668,14
178724,2025-09-10,B10-0355/2025,,B10-0355/2025,,,,668,14
178725,2025-09-10,B10-0356/2025,,B10-0356/2025,,,,668,14
178726,2025-09-10,B10-0357/2025,,B10-0357/2025,,,,668,14
178727,2025-09-10,B10-0359/2025,,B10-0359/2025,,,,668,14
178728,2025-09-10,B10-0361/2025,,B10-0361/2025,,,,668,14
178729,2025-09-10,B10-0363/2025,,B10-0363/2025,,,,668,14
178730,2025-09-10,,,§ 70,365,255,42,668,14
178731,2025-09-10 13:23:06,A10-0124/2025,,Aurore Lalucq - Proposition de résolution (ensemble du texte),407,161,97,3,14
178739,2025-09-10,,,Commission statement,,,,668,14
178742,2025-09-10,,,Title,,,,668,14
178746,2025-09-10,,,"Article 1, paragraph 1, point 1, point c; Regulation (EU) 2021/1058; Article 3, paragraph 1c, subparagraph 1",,,,668,14
178751,2025-09-10,,,After recital 19,,,,668,14
178752,2025-09-10,,,Commission proposal,,,,668,14
178758,2025-09-08 17:39:45,Ordre du jour de mercredi,,Demande du groupe PPE,384,10,51,168,16
178760,2025-09-08,,,Request by the Verts/ALE Group,,,,613,16
178763,2025-09-09,,,After § 10,,,,660,14
178764,2025-09-10,,,After recital 2,,,,668,14
178765,2025-09-10 13:18:24,A10-0129/2025,,Dragoş Benea - Rejet - Am 79= 81=,136,504,27,1,14
178766,2025-09-10 13:18:47,A10-0129/2025,,Dragoş Benea - Demande de procéder au vote sur les amendements,151,495,19,3,14
178767,2025-09-10 13:19:03,A10-0129/2025,,Dragoş Benea - Accord provisoire - Am 77,440,168,52,8,14
178768,2025-09-10,,,Text as a whole,,,,668,14
178769,2025-09-10,,,"Article 1, paragraph 1, point 1, point a, point i; Regulation (EU) 2021/1058; Article 3, paragraph 1, point a, point vii",,,,668,14
178770,2025-09-10,,,"Article 1, paragraph 1, point 1, point a, point i; Regulation (EU) 2021/1058; Article 3, paragraph 1, point a, point vii",,,,668,14
178771,2025-09-10,,,"Article 1, paragraph 1, point 1, point a, point i; Regulation (EU) 2021/1058; Article 3, paragraph 1, point a, point vii",,,,668,14
178772,2025-09-10,,,"Article 1, paragraph 1, point 2; Regulation (EU) 2021/1058; Article 4, paragraph 10",,,,668,14
178773,2025-09-10,,,"Article 1, paragraph 1, point 3, point a; Regulation (EU) 2021/1058; Article 5, paragraph 2",,,,668,14
178774,2025-09-10,,,"Article 1, paragraph 1, point 3, point a; Regulation (EU) 2021/1058; Article 5, paragraph 2",,,,668,14
178775,2025-09-10,,,"After Article 2; Regulation (EU) 2021/1060; Article 24, after paragraph 10",,,,668,14
178778,2025-09-10 13:23:27,A10-0137/2025,,Ciaran Mullooly - § 49 - Am 1,328,306,27,7,14
178779,2025-09-10,,,Recital N,418,189,43,668,14
178781,2025-09-10 13:30:54,RC-B10-0355/2025,,§ 12/1,520,102,32,14,14
178782,2025-09-10 13:31:05,RC-B10-0355/2025,,§ 12/2,271,297,50,50,14
178783,2025-09-10 13:31:16,RC-B10-0355/2025,,§ 12/3,287,279,62,40,14
178784,2025-09-10 13:31:30,RC-B10-0355/2025,,§ 13 - Am 1,300,114,222,32,14
178785,2025-09-10 13:31:42,RC-B10-0355/2025,,Après le § 13 - Am 2,344,106,199,19,14
178786,2025-09-10 13:31:53,RC-B10-0355/2025,,Après le § 16 - Am 3,463,110,73,22,14
178787,2025-09-10 13:32:14,RC-B10-0355/2025,,Après le considérant F - Am 4,479,34,126,29,14
178788,2025-09-10 13:32:25,RC-B10-0355/2025,,Proposition de résolution (ensemble du texte),490,65,86,27,14
178790,2025-09-10,,,§ 26,,,,668,14
178791,2025-09-10,,,§ 26,272,380,10,668,14
178792,2025-09-10,,,§ 35,,,,668,14
178793,2025-09-10 13:25:02,A10-0139/2025,,Marcos Ros Sempere - Considérant O,322,260,82,4,14
178794,2025-09-10,,,Recital Z,446,196,17,668,14
178796,2025-09-10,,,Recital Y,,,,668,14
178797,2025-09-10,,,Recital Y,,,,668,14
178798,2025-09-10,,,Rejection,,,,668,14
178799,2025-09-10,,,Proposal to vote on amendments,,,,668,14
178800,2025-09-09,,,§ 12,,,,660,14
178801,2025-09-10 13:26:52,A10-0143/2025,,Carmen Crespo Díaz - Après le § 3 - Am 5,145,435,69,19,14
178802,2025-09-10 13:27:34,A10-0143/2025,,Carmen Crespo Díaz - § 5 - Am 6,231,404,16,17,14
178803,2025-09-10 13:27:46,A10-0143/2025,,Carmen Crespo Díaz - Après le § 8 - Am 7,219,420,13,16,14
178804,2025-09-10 13:27:57,A10-0143/2025,,Carmen Crespo Díaz - Après le § 27 - Am 8,213,366,57,32,14
178805,2025-09-10 13:28:09,A10-0143/2025,,Carmen Crespo Díaz - § 41 - Am 12S,373,250,32,13,14
178806,2025-09-10 13:28:21,A10-0143/2025,,Carmen Crespo Díaz - § 62 - Am 13S,374,263,23,8,14
178807,2025-09-10 13:29:19,A10-0143/2025,,Carmen Crespo Díaz - Après le considérant AN - Am 3,170,438,47,13,14
178808,2025-09-10 13:29:31,A10-0143/2025,,Carmen Crespo Díaz - Considérant BA - Am 4,178,445,32,13,14
178814,2025-09-09,,,Approval without vote,,,,660,14
178816,2025-09-10,,,§ 38,,,,668,14
178817,2025-09-10,,,§ 38,,,,668,14
178818,2025-09-11 12:20:32,A10-0151/2025,,Anna-Maja Henriksson - § 5 - Am 4,155,412,46,10,15
178819,2025-09-11 12:20:45,A10-0151/2025,,Anna-Maja Henriksson - Après le § 13 - Am 5,208,401,4,10,15
178820,2025-09-11 12:20:59,A10-0151/2025,,Anna-Maja Henriksson - § 27 - Am 6,197,402,13,11,15
178821,2025-09-11 12:21:09,A10-0151/2025,,Anna-Maja Henriksson - § 36 - Am 7,201,399,6,17,15
178822,2025-09-11 12:22:49,A10-0156/2025,,Ľubica Karvašová - Proposition de résolution de remplacement - Am 1,153,422,41,7,15
178823,2025-09-11,,,Amendments by the committee responsible – put to the vote collectively,,,,623,15
178824,2025-09-11,,,Amendments by the committee responsible – separate votes,,,,623,15
178825,2025-09-11,,,Amendments by the committee responsible – separate votes,,,,623,15
178826,2025-09-11,,,Amendments by the committee responsible – separate votes,,,,623,15
178827,2025-09-11,,,Amendments by the committee responsible – separate votes,,,,623,15
178828,2025-09-11,,,Amendments by the committee responsible – separate votes,,,,623,15
178829,2025-09-11 12:16:59,A10-0140/2025,,"Alex Agius Saliba - Article 1, § 1, point 10; Directive (UE) 2015/2302; Article 18, § 2 - Am 84",195,411,11,6,15
178831,2025-09-11,,,§ 3,,,,623,15
178832,2025-09-11,,,After § 4,,,,623,15
178833,2025-09-11,,,§ 6,,,,623,15
178834,2025-09-11,,,After § 6,,,,623,15
178839,2025-09-11,,,After § 7,,,,623,15
178840,2025-09-11,,,Recital F,,,,623,15
178841,2025-09-11,,,Recital H,,,,623,15
178842,2025-09-11,,,After recital K,,,,623,15
178845,2025-09-11,B10-0366/2025,,B10-0366/2025,,,,623,15
178846,2025-09-11,B10-0368/2025,,B10-0368/2025,,,,623,15
178847,2025-09-11,B10-0370/2025,,B10-0370/2025,,,,623,15
178848,2025-09-11,B10-0375/2025,,B10-0375/2025,,,,623,15
178849,2025-09-11,B10-0378/2025,,B10-0378/2025,,,,623,15
178850,2025-09-11,B10-0380/2025,,B10-0380/2025,,,,623,15
178851,2025-09-11,B10-0384/2025,,B10-0384/2025,,,,623,15
178860,2025-09-11,,,Decision to enter interinstitutional negotiations,,,,623,15
178862,2025-09-11,,,Motion for a resolution,,,,623,15
178864,2025-09-11,B10-0377/2025,,B10-0377/2025,,,,623,15
178865,2025-09-11,B10-0379/2025,,B10-0379/2025,,,,623,15
178866,2025-09-11,B10-0382/2025,,B10-0382/2025,,,,623,15
178867,2025-09-11,B10-0386/2025,,B10-0386/2025,,,,623,15
178868,2025-09-11 12:41:25,RC-B10-0366/2025,,Après le § 6 - Am 5,95,353,130,45,15
178869,2025-09-11 12:41:38,RC-B10-0366/2025,,Après le § 6 - Am 6,89,360,120,54,15
178870,2025-09-11 12:41:50,RC-B10-0366/2025,,Après le § 7 - Am 7,86,371,120,46,15
178871,2025-09-11 12:42:02,RC-B10-0366/2025,,Après le § 7 - Am 8,83,354,110,76,15
178875,2025-09-11 12:43:05,RC-B10-0366/2025,,Proposition de résolution (ensemble du texte),355,173,15,80,15
178883,2025-09-11,,,After citation 1,,,,623,15
178888,2025-09-11,B10-0371/2025,,B10-0371/2025,,,,623,15
178889,2025-09-11,B10-0376/2025,,B10-0376/2025,,,,623,15
178890,2025-09-11,B10-0383/2025,,B10-0383/2025,,,,623,15
178891,2025-09-11,B10-0388/2025,,B10-0388/2025,,,,623,15
178892,2025-09-11,B10-0389/2025,,B10-0389/2025,,,,623,15
178893,2025-09-11,B10-0396/2025,,B10-0396/2025,,,,623,15
178896,2025-09-11,,,§ 6,,,,623,15
178901,2025-09-11,B10-0390/2025,,B10-0390/2025,,,,623,15
178902,2025-09-11,B10-0391/2025,,B10-0391/2025,,,,623,15
178903,2025-09-11,B10-0392/2025,,B10-0392/2025,,,,623,15
178904,2025-09-11,B10-0393/2025,,B10-0393/2025,,,,623,15
178905,2025-09-11,B10-0394/2025,,B10-0394/2025,,,,623,15
178906,2025-09-11,B10-0395/2025,,B10-0395/2025,,,,623,15
178907,2025-09-11,B10-0397/2025,,B10-0397/2025,,,,623,15
178908,2025-09-11,B10-0369/2025,,B10-0369/2025,,,,623,15
178941,2025-09-11,,,After § 7,,,,623,15
178945,2025-09-11,,,After § 14,,,,623,15
178949,2025-09-11,,,After § 17,,,,623,15
178951,2025-09-11,,,§ 21,292,259,43,623,15
178961,2025-09-11,,,§ 34,,,,623,15
178967,2025-09-11,B10-0372/2025,,B10-0372/2025,,,,623,15
178968,2025-09-11,B10-0373/2025,,B10-0373/2025,,,,623,15
178969,2025-09-11,B10-0374/2025,,B10-0374/2025,,,,623,15
178970,2025-09-11,B10-0381/2025,,B10-0381/2025,,,,623,15
178971,2025-09-11,B10-0385/2025,,B10-0385/2025,,,,623,15
178972,2025-09-11,B10-0387/2025,,B10-0387/2025,,,,623,15
178974,2025-09-11,,,Recital L,,,,623,15
178975,2025-09-11,,,Recital L,,,,623,15
178976,2025-09-11 12:13:48,RC-B10-0392/2025,,Après le § 4 - Am 4,175,393,23,32,15
178977,2025-09-11 12:14:06,RC-B10-0392/2025,,§ 6 - Am 3,160,407,27,29,15
178978,2025-09-11 12:14:19,RC-B10-0392/2025,,Après le considérant D - Am 2,166,398,30,29,15
178979,2025-09-11 12:14:35,RC-B10-0392/2025,,Proposition de résolution (ensemble du texte),549,2,41,31,15
178980,2025-09-11 12:10:00,RC-B10-0371/2025,,Après le § 1 - Am 7,190,353,14,66,15
178981,2025-09-11 12:10:16,RC-B10-0371/2025,,§ 2 - Am 3,140,303,132,48,15
178982,2025-09-11 12:10:30,RC-B10-0371/2025,,§ 4 - Am 4,148,308,130,37,15
178983,2025-09-11 12:10:47,RC-B10-0371/2025,,Après le § 6 - Am 8,130,448,16,29,15
178984,2025-09-11 12:11:01,RC-B10-0371/2025,,§ 7 - Am 9,189,374,16,44,15
178985,2025-09-11 12:11:14,RC-B10-0371/2025,,Après le visa 1 - Am 1,424,158,19,22,15
178986,2025-09-11 12:11:32,RC-B10-0371/2025,,Considérant A - Am 5,196,338,50,39,15
178987,2025-09-11 12:13:09,RC-B10-0371/2025,,Considérant F - Am 6,182,406,12,23,15
178988,2025-09-11 12:13:27,RC-B10-0371/2025,,Proposition de résolution (ensemble du texte),597,0,5,21,15
178989,2025-09-11 12:24:21,RC-B10-0372/2025,,Après le § 1 - Am 27,171,378,34,40,15
178990,2025-09-11 12:24:33,RC-B10-0372/2025,,Après le § 1 - Am 28,120,372,96,35,15
178991,2025-09-11 12:24:43,RC-B10-0372/2025,,Après le § 1 - Am 29,101,456,30,36,15
178992,2025-09-11 12:24:55,RC-B10-0372/2025,,Après le § 1 - Am 30,179,376,36,32,15
178993,2025-09-11 12:25:07,RC-B10-0372/2025,,Après le § 1 - Am 31,113,378,96,36,15
178994,2025-09-11 12:25:17,RC-B10-0372/2025,,Après le § 1 - Am 32,100,434,49,40,15
178995,2025-09-11 12:25:28,RC-B10-0372/2025,,Après le § 1 - Am 33,118,393,73,39,15
178996,2025-09-11 12:25:39,RC-B10-0372/2025,,Après le § 1 - Am 34,172,379,35,37,15
178997,2025-09-11 12:25:50,RC-B10-0372/2025,,Après le § 1 - Am 35,90,482,18,33,15
178998,2025-09-11 12:26:03,RC-B10-0372/2025,,Après le § 1 - Am 36,184,380,25,34,15
178999,2025-09-11 12:26:14,RC-B10-0372/2025,,Après le § 1 - Am 37,207,341,46,29,15
179000,2025-09-11 12:26:25,RC-B10-0372/2025,,Après le § 1 - Am 38,118,375,89,41,15
179001,2025-09-11 12:26:36,RC-B10-0372/2025,,Après le § 1 - Am 39,207,363,21,32,15
179002,2025-09-11 12:26:46,RC-B10-0372/2025,,Après le § 1 - Am 40,210,356,22,35,15
179003,2025-09-11 12:26:56,RC-B10-0372/2025,,Après le § 1 - Am 41,200,335,48,40,15
179004,2025-09-11 12:27:06,RC-B10-0372/2025,,Après le § 1 - Am 42,199,359,32,33,15
179005,2025-09-11 12:27:17,RC-B10-0372/2025,,Après le § 1 - Am 43,169,390,31,33,15
179006,2025-09-11 12:27:30,RC-B10-0372/2025,,Après le § 1 - Am 44,174,355,58,36,15
179007,2025-09-11 12:27:42,RC-B10-0372/2025,,Après le § 1 - Am 45,184,367,41,31,15
179008,2025-09-11 12:27:56,RC-B10-0372/2025,,Après le § 1 - Am 46,175,387,30,31,15
179009,2025-09-11 12:28:09,RC-B10-0372/2025,,Après le § 1 - Am 47,226,293,66,38,15
179010,2025-09-11 12:28:25,RC-B10-0372/2025,,Après le § 1 - Am 48,212,349,31,31,15
179011,2025-09-11 12:28:40,RC-B10-0372/2025,,Après le § 1 - Am 49,177,389,21,36,15
179013,2025-09-11,,,§ 2,,,,623,15
179014,2025-09-11,,,§ 2,265,308,23,623,15
179015,2025-09-11 12:29:31,RC-B10-0372/2025,,Après le § 3 - Am 50,196,358,39,30,15
179016,2025-09-11 12:29:43,RC-B10-0372/2025,,Après le § 4 - Am 51,200,349,45,29,15
179017,2025-09-11 12:29:54,RC-B10-0372/2025,,Après le § 5 - Am 52,200,296,82,45,15
179019,2025-09-11,,,§ 7,,,,623,15
179020,2025-09-11,,,§ 7,,,,623,15
179021,2025-09-11 12:30:23,RC-B10-0372/2025,,§ 9 - Am 8,290,271,22,40,15
179022,2025-09-11 12:30:38,RC-B10-0372/2025,,Après le § 10 - Am 53,105,456,34,28,15
179023,2025-09-11 12:30:56,RC-B10-0372/2025,,§ 15 - Am 10,301,249,32,41,15
179025,2025-09-11,,,§ 17,,,,623,15
179026,2025-09-11,,,§ 17,265,300,28,623,15
179027,2025-09-11 12:31:39,RC-B10-0372/2025,,§ 19,540,6,50,27,15
179028,2025-09-11 12:31:53,RC-B10-0372/2025,,§ 20 - Am 13S,312,270,17,24,15
179030,2025-09-11,,,§ 22,,,,623,15
179031,2025-09-11,,,§ 22,264,304,15,623,15
179033,2025-09-11,,,§ 23,,,,623,15
179034,2025-09-11,,,§ 23,,,,623,15
179035,2025-09-11 12:33:06,RC-B10-0372/2025,,§ 24 - Am 17,316,257,21,29,15
179036,2025-09-11 12:33:20,RC-B10-0372/2025,,§ 25 - Am 24,176,403,15,29,15
179037,2025-09-11 12:33:32,RC-B10-0372/2025,,§ 25,347,207,39,30,15
179038,2025-09-11 12:33:45,RC-B10-0372/2025,,Après le § 26 - Am 54,87,466,40,30,15
179039,2025-09-11 12:33:56,RC-B10-0372/2025,,Après le § 26 - Am 55,82,471,36,34,15
179042,2025-09-11,,,§ 30,,,,623,15
179043,2025-09-11,,,§ 30,,,,623,15
179045,2025-09-11 12:34:55,RC-B10-0372/2025,,§ 35/1,582,5,12,24,15
179046,2025-09-11 12:35:07,RC-B10-0372/2025,,§ 35/2,494,71,20,38,15
179047,2025-09-11 12:35:27,RC-B10-0372/2025,,Après le considérant H - Am 26,179,394,20,30,15
179048,2025-09-11 12:39:55,RC-B10-0372/2025,,Proposition de résolution (ensemble du texte),305,151,122,45,15
179053,2025-09-11 12:34:21,RC-B10-0372/2025,,§ 30 - Am 25,188,397,15,23,15
179061,2025-09-11,,,After recital B,,,,623,15
179201,2025-10-08,,,After recital 1,,,,649,17
179202,2025-10-08,,,After recital 13,,,,649,17
179203,2025-10-08 12:56:16,A10-0160/2025,,Li Andersson - Proposition de la Commission au Conseil,412,129,98,10,17
179205,2025-10-08,B10-0407/2025,,After recital Y,,,,649,17
179208,2025-10-08,,,Recital E,,,,649,17
179210,2025-10-08,,,Recital J,,,,649,17
179211,2025-10-08 13:02:04,A10-0163/2025,,Bogdan Rzońca - Proposition de résolution (ensemble du texte),578,47,16,8,17
179213,2025-10-07 12:25:00,A10-0035/2025,,Matjaž Nemec - Accord provisoire - Am 52,518,96,24,10,19
179214,2025-10-08,,,§ 7,,,,649,17
179216,2025-10-08,,,Recital F,,,,649,17
179218,2025-10-08,,,Recital K,,,,649,17
179219,2025-10-08 13:01:11,A10-0168/2025,,Olivier Chastel - Proposition de résolution (ensemble du texte),577,47,15,10,17
179221,2025-10-07 12:26:56,A10-0033/2025,,Tom Berendsen - Accord provisoire - Am 54,636,10,4,0,19
179222,2025-10-07 12:27:56,A10-0157/2025,,Bogdan Andrzej Zdrojewski - Proposition de résolution (ensemble du texte),552,52,35,9,19
179226,2025-10-07 12:27:33,C10-0130/2025,,Proposition de la Commission,458,182,11,0,19
179230,2025-10-08,,,After § 5,,,,649,17
179231,2025-10-08,,,§ 10,,,,649,17
179234,2025-10-08 13:00:12,A10-0165/2025,,Victor Negrescu - Proposition de résolution (ensemble du texte),479,82,77,11,17
179235,2025-10-08,,,Amendments by the committee responsible – put to the vote collectively,,,,649,17
179236,2025-10-08,,,Article 1 – § 1 – before point 1; Regulation (EU) No 1308/2013; Article 7 – paragraph 1,,,,649,17
179239,2025-10-08,,,Article 1 – paragraph 1 – point 1; Regulation (EU) No 1308/2013; Article 88a – paragraph 1 – point b,,,,649,17
179244,2025-10-08,,,Article 1 – paragraph 1 – point 2; Regulation (EU) No 1308/2013; Article 148 – paragraph 4 – point c – point i – second indent,,,,649,17
179245,2025-10-08,,,Article 1 – paragraph 1 – point 2; Regulation (EU) No 1308/2013; Article 148 – paragraph 4 – point c – point iii,,,,649,17
179246,2025-10-08,,,Article 1 – paragraph 1 – point 2; Regulation (EU) No 1308/2013; Article 148 – paragraph 4 – point c – point iii,,,,649,17
179250,2025-10-08,,,Article 1 – paragraph 1 – point 2; Regulation (EU) No 1308/2013; Article 148 – paragraph 5 – point a,,,,649,17
179252,2025-10-08,,,Article 1 – paragraph 1 – point 2; Regulation (EU) No 1308/2013; Article 148 – after paragraph 6,212,413,15,649,17
179256,2025-10-08,,,Article 1 – paragraph 1 – point 6; Regulation (EU) No 1308/2013; Article 168 – paragraph 4 – point c –point i – second indent,,,,649,17
179257,2025-10-08,,,Article 1 – paragraph 1 – point 6; Regulation (EU) No 1308/2013 Article 168 – paragraph 4 – point c – point iii,,,,649,17
179258,2025-10-08,,,Article 1 – paragraph 1 – point 6; Regulation (EU) No 1308/2013; Article 168 – paragraph 4 – point c – point iii,,,,649,17
179261,2025-10-08,,,Article 1 – paragraph 1 – point 6; Regulation (EU) No 1308/2013; Article 168 – paragraph 5 – point a,,,,649,17
179262,2025-10-08,,,Article 1 – paragraph 1 – point 6; Regulation (EU) No 1308/2013 Article 168 – after paragraph 6,,,,649,17
179263,2025-10-08,,,Article 1 – paragraph 1 – point 6; Regulation (EU) No 1308/2013; Article 168 – after paragraph 6,,,,649,17
179268,2025-10-08,,,Recital 15,,,,649,17
179269,2025-10-08,,,Recital 15,,,,649,17
179271,2025-10-08,,,Recital 16,,,,649,17
179272,2025-10-08,,,After recital 16,,,,649,17
179273,2025-10-08,,,Recital 17,,,,649,17
179274,2025-10-08,,,Recital 17,,,,649,17
179275,2025-10-08 12:52:34,A10-0161/2025,,Céline Imart - Proposition de la Commission,532,78,25,14,17
179276,2025-10-08,,,Request for referral back (Rule 60(4)),,,,649,17
179280,2025-10-09 12:12:34,A10-0029/2024,,Dennis Radtke - Accord provisoire - Am 79,414,139,61,8,18
179281,2025-10-08 12:53:42,A10-0159/2025,,Ton Diepeveen - Projet de décision du Conseil,520,97,12,20,17
179282,2025-10-09,,,After § 1,,,,622,18
179283,2025-10-09,,,After § 2,,,,622,18
179286,2025-10-09,,,After § 4,,,,622,18
179293,2025-10-09,,,Recital D,,,,622,18
179294,2025-10-09,,,After recital N,,,,622,18
179295,2025-10-09 12:15:35,A10-0170/2025,,Fredis Beleris - Proposition de résolution (ensemble du texte),535,24,55,8,18
179296,2025-10-07,,,Article 1 – paragraph 1 – point 2; Regulation (EU) No 1092/2010; Article 15 – paragraph 15,,,,648,19
179298,2025-10-07,,,Article 3 – paragraph 1 – point 5; Regulation (EU) No 1094/2010; Article 35 a – paragraph 10,,,,648,19
179299,2025-10-07,,,Article 4 – paragraph 1 – point 5; Regulation (EU) No 1095/2010; Article 35 a – paragraph 10,,,,648,19
179300,2025-10-07,,,Article 5 – paragraph 1 – point 1; Regulation (EU) No 806/2014; Article 31 a – paragraph 10,,,,648,19
179301,2025-10-07,,,Article 7 – paragraph 1 – point 3; Regulation (EU) 2024/1620; Article 92 a – paragraph 10,,,,648,19
179302,2025-10-07,,,Recital 15,,,,648,19
179411,2025-10-07 12:27:21,C10-0130/2025,,Rejet - Am 1= 2=,183,445,21,0,19
179412,2025-10-07,,,Article 2 – paragraph 1 – point 5; Regulation (EU) No 1093/2010; Article 35 a – paragraph 10,,,,648,19
179413,2025-10-07,,,Proposal for a decision,306,305,17,648,19
179414,2025-10-07,,,Proposal for a decision,,,,648,19
179415,2025-10-07,,,Proposal for a decision,,,,648,19
179416,2025-10-07,,,Proposal for a decision,,,,648,19
179417,2025-10-07,,,Proposal for a decision,,,,648,19
179418,2025-10-07,,,Proposal for a decision,,,,648,19
179419,2025-10-07,,,Proposal for a decision,,,,648,19
179421,2025-10-08,,,After § 14,,,,649,17
179423,2025-10-08 13:03:05,A10-0171/2025,,Davor Ivo Stier - Proposition de résolution (ensemble du texte),354,195,77,23,17
179427,2025-10-09,,,Motion for a resolution (as a whole),,,,622,18
179429,2025-10-09,B10-0409/2025,,B10-0409/2025,,,,622,18
179441,2025-10-09 12:13:00,A10-0155/2025,,Michalis Hadjipantela - Proposition de résolution,499,66,53,4,18
179465,2025-10-06 17:20:09,Tuesday’s Agenda,,Request by the Verts/ALE Group,196,234,8,157,24
179466,2025-10-06 17:20:59,Tuesday’s Agenda,,Request by The Left Group,175,239,26,155,24
179481,2025-10-08 12:54:46,A10-0186/2025,,Bernd Lange - Projet de décision du Conseil,594,38,2,15,17
179482,2025-10-08,,,Recital 3,,,,649,17
179483,2025-10-08,,,Recital 4,,,,649,17
179485,2025-10-08,,,Recital 5,,,,649,17
179486,2025-10-08,,,Recital 5,,,,649,17
179487,2025-10-08,,,Recital 6,,,,649,17
179488,2025-10-08,,,Recital 7,,,,649,17
179489,2025-10-08,,,Recital 8,,,,649,17
179490,2025-10-08,,,Recital 13,,,,649,17
179491,2025-10-08,,,Recital 14,,,,649,17
179492,2025-10-08,,,Recital 15,,,,649,17
179493,2025-10-08,,,Recital 16,,,,649,17
179494,2025-10-08 13:01:35,A10-0163/2025,,Bogdan Rzońca - Après le considérant D - Am 1,200,420,13,16,17
179495,2025-10-08 13:01:49,A10-0163/2025,,Bogdan Rzońca - Après le considérant F - Am 2,176,419,28,26,17
179496,2025-10-08 13:00:42,A10-0168/2025,,Olivier Chastel - Après le considérant E - Am 1,180,425,22,22,17
179497,2025-10-08 13:00:56,A10-0168/2025,,Olivier Chastel - Après le considérant F - Am 2,179,423,29,18,17
179498,2025-10-08 12:58:35,A10-0165/2025,,Victor Negrescu - § 4,372,220,43,14,17
179499,2025-10-08 12:58:46,A10-0165/2025,,Victor Negrescu - Après le § 4 - Am 1,155,466,20,8,17
179500,2025-10-08 12:58:55,A10-0165/2025,,Victor Negrescu - Après le § 4 - Am 2,155,465,17,12,17
179501,2025-10-08 12:59:04,A10-0165/2025,,Victor Negrescu - Après le § 4 - Am 3,177,424,31,17,17
179502,2025-10-08 12:59:15,A10-0165/2025,,Victor Negrescu - § 5,415,204,22,8,17
179504,2025-10-08,,,§ 8,,,,649,17
179505,2025-10-08 12:59:36,A10-0165/2025,,Victor Negrescu - § 8/2,406,181,44,18,17
179506,2025-10-08 12:59:52,A10-0165/2025,,Victor Negrescu - Considérant B - Am 4,159,441,40,9,17
179507,2025-10-08 13:00:01,A10-0165/2025,,Victor Negrescu - Considérant C - Am 5,158,442,36,13,17
179508,2025-10-08 13:03:39,B10-0407/2025,,Proposition de résolution (ensemble du texte),433,166,9,41,17
179509,2025-10-08,,,Amendments by the committee responsible – separate vote,,,,649,17
179510,2025-10-08 12:45:39,A10-0161/2025,,Céline Imart - Article 1 – alinéa 1 – avant le point 1; Règlement (UE) nº 1308/2013; Article 75 - Am 123,516,81,48,4,17
179511,2025-10-08 12:45:52,A10-0161/2025,,Céline Imart - Article 1 – paragraphe 1 – point 1; Règlement (UE) nº 1308/2013; Article 88 bis – paragraphe 1 – point b - Am 148,305,325,12,7,17
179512,2025-10-08 12:46:14,A10-0161/2025,,Céline Imart - Article 1 – paragraphe 1 – point 1; Règlement (UE) nº 1308/2013; Article 88 bis – après le paragraphe 2 - Am 143,282,360,3,4,17
179513,2025-10-08 12:46:25,A10-0161/2025,,Céline Imart - Article 1 – alinéa 1 – point 2; Règlement (UE) nº 1308/2013; Article 148 – paragraphe 1 – alinéa 1 - Am 131,189,444,11,5,17
179514,2025-10-08 12:46:37,A10-0161/2025,,Céline Imart - Article 1 – alinéa 1 – point 2; Règlement (UE) nº 1308/2013; Article 148 – paragraphe 1 – alinéa 1,488,143,11,7,17
179515,2025-10-08 12:46:49,A10-0161/2025,,Céline Imart - Article 1 – paragraphe 1 – point 2; Règlement (UE) nº 1308/2013; Article 148 – paragraphe 4 – point c – point i – partie introductive  - Am 132,170,465,7,7,17
179516,2025-10-08 12:47:00,A10-0161/2025,,Céline Imart - Article 1 – alinéa 1 – point 2; Règlement (UE) nº 1308/2013; Article 148 – paragraphe 1 – point c – point i – deuxième tiret - Am 133,144,476,25,4,17
179517,2025-10-08 12:47:34,A10-0161/2025,,Céline Imart - Article 1 – alinéa 1 – point 2; Règlement (UE) nº 1308/2013; Article 148 – paragraphe 5 – point a - Am 135,213,422,9,5,17
179518,2025-10-08 12:47:46,A10-0161/2025,,Céline Imart - Article 1 – alinéa 1 – point 2; Règlement (UE) nº 1308/2013; Article 148 – paragraphe 5 – point a - Am 124,208,382,53,6,17
179519,2025-10-08 12:47:57,A10-0161/2025,,Céline Imart - Article 1 – alinéa 1 – point 2; Règlement (UE) nº 1308/2013; Article 148 – paragraphe 5 – point a - Am 144,114,495,33,7,17
179520,2025-10-08 12:48:15,A10-0161/2025,,Céline Imart - Article 1 – paragraphe 1 – point 2; Règlement (UE) nº 1308/2013; Article 148 – paragraphe 6 – après le point c - Am 125,167,446,28,8,17
179521,2025-10-08 12:48:43,A10-0161/2025,,Céline Imart - Article 1 – alinéa 1 – point 6; Règlement (UE) nº 1308/2013; Article 168 – paragraphe 1 – alinéa 1 - Am 137,158,465,12,14,17
179522,2025-10-08 12:48:56,A10-0161/2025,,Céline Imart - Article 1 – alinéa 1 – point 6; Règlement (UE) nº 1308/2013; Article 168 – paragraphe 1 – alinéa 1 - texte original,487,134,24,4,17
179523,2025-10-08 12:49:09,A10-0161/2025,,Céline Imart - Article 1 – alinéa 1 – point 6; Règlement (UE) nº 1308/2013; Article 168 – paragraphe 4 – point c – point i – partie introductive - Am 138,160,461,26,2,17
179524,2025-10-08 12:49:21,A10-0161/2025,,Céline Imart - Article 1 – alinéa 1 – point 6; Règlement (UE) nº 1308/2013; Article 168 – paragraphe 4 – point c – point i – deuxième tiret - Am 139,136,489,19,5,17
179525,2025-10-08 12:49:56,A10-0161/2025,,Céline Imart - Article 1 – paragraphe 1 – point 6; Règlement (UE) nº 1308/2013; Article 168 – paragraphe 5 – point a - Am 141,177,460,2,10,17
179526,2025-10-08 12:50:08,A10-0161/2025,,Céline Imart - Article 1 – paragraphe 1 – point 6; Règlement (UE) nº 1308/2013; Article 168 – paragraphe 5 – point a - Am 145,141,498,3,7,17
179527,2025-10-08 12:50:35,A10-0161/2025,,Céline Imart - Article 1 – paragraphe 1 – après le point 7; Règlement (UE) nº 1308/2013; Article 210 ter - Am 147,527,76,41,5,17
179529,2025-10-08 12:51:07,A10-0161/2025,,Céline Imart - Article 1 – paragraphe 1 – après le point 8; Règlement (UE) nº 1308/2013; Annexe VIII – partie II bis - Am 113,355,247,30,17,17
179530,2025-10-08 12:51:22,A10-0161/2025,,Céline Imart - Après le considérant 3 - Am 121,172,315,133,29,17
179531,2025-10-08 12:51:48,A10-0161/2025,,Céline Imart - Considérant 15 - Am 146,263,299,71,16,17
179533,2025-10-08 12:40:06,A10-0164/2025,,André Rodrigues - Amendements de la commission responsable - vote séparé - Am 21,390,217,6,36,17
179534,2025-10-08 12:40:21,A10-0164/2025,,André Rodrigues - Amendements de la commission responsable - vote séparé - Am 24,387,227,14,21,17
179535,2025-10-08,,,Amendments by the committee responsible – separate vote,354,266,11,649,17
179536,2025-10-08,,,Amendments by the committee responsible – separate vote,,,,649,17
179537,2025-10-08,,,Amendments by the committee responsible – separate vote,,,,649,17
179538,2025-10-08 12:41:09,A10-0164/2025,,André Rodrigues - Amendements de la commission responsable - vote séparé - Am 73,367,257,13,12,17
179539,2025-10-08 12:41:21,A10-0164/2025,,André Rodrigues - Amendements de la commission responsable - vote séparé - Am 74,358,264,12,15,17
179541,2025-10-08,,,Article 1 – paragraph 1 – point 5; Regulation (EU) 2021/2115: Article 13 – paragraph 1 – subparagraph 3,,,,649,17
179542,2025-10-08,,,Article 1 – paragraph 1 – point 5; Regulation (EU) 2021/2115: Article 13 – paragraph 1 – subparagraph 3,,,,649,17
179543,2025-10-08,,,Article 1 – paragraph 1 – point 5; Regulation (EU) 2021/2115: Article 13 – paragraph 1 – subparagraph 3,,,,649,17
179544,2025-10-08 12:41:54,A10-0164/2025,,André Rodrigues - Article 1 – paragraphe 1 – point 5; Règlement (UE) 2021/2115; Article 13 – paragraphe 1 – alinéa 3 - Am 23/4,381,249,7,12,17
179546,2025-10-08 12:42:10,A10-0164/2025,,André Rodrigues - Article 1 – paragraphe 1 – point 5; Règlement (UE) 2021/2115; Article 13 – paragraphe 1 – après l'alinéa 4 - Am 87,189,401,48,11,17
179547,2025-10-08,,,Article 1 – § 1 – after point 16; Regulation (EU) 2021/2115: Article 73 – paragraph 3 – point d – after point iv,356,272,3,649,17
179548,2025-10-08,,,Article 1 – paragraph 1 – after point 19; Regulation (EU) 2021/2115: Article 77 – paragraph 8 – point b,,,,649,17
179549,2025-10-08,,,Article 1 – paragraph 1 – point 20; Regulation (EU) 2021/2115; Article 78a – paragraph 1,341,262,35,649,17
179550,2025-10-08,,,Article 1 – paragraph 1 – point 20; Regulation (EU) 2021/2115; Article 78a – paragraph 1,,,,649,17
179551,2025-10-08,,,Article 1 – paragraph 1 – point 26; Regulation (EU) 2021/2115; Article 96a – paragraph 1 – after subparagraph 2,,,,649,17
179552,2025-10-08,,,Article 1 – paragraph 1 – point 30; Regulation (EU) 2021/2115; Article 120,,,,649,17
179553,2025-10-08,,,Article 1 – paragraph 1 – point 35; Regulation (EU) 2021/2115; Article 159,,,,649,17
179554,2025-10-08 12:43:28,A10-0164/2025,,André Rodrigues - Annexe I – point 3 – sous-point a; Règlement (UE) nº 2021/2115; Annexe III – entrée «BCAE 1» - Am 84S,136,493,10,10,17
179555,2025-10-08 12:43:40,A10-0164/2025,,André Rodrigues - Annexe I – point 3 – sous-point b; Règlement (UE) nº 2021/2115; Annexe III – entrée «BCAE 4» – note de bas de page «*» – alinéa 1 et 2 - Am 85S,146,484,10,9,17
179556,2025-10-08 12:43:51,A10-0164/2025,,André Rodrigues - Annexe I – point 3 – sous-point b; Règlement (UE) nº 2021/2115; Annexe III – BCAE 4 – note de bas de page «*» – alinéa 3 - Am 81= 86=,192,411,36,10,17
179557,2025-10-08,,,Recital 57,,,,649,17
179558,2025-10-08 12:44:11,A10-0164/2025,,André Rodrigues - Proposition de la Commission,492,111,39,7,17
179559,2025-10-08,,,Request for referral back (Rule 60(4)),,,,649,17
179569,2025-10-09 12:09:41,B10-0400/2025,,Proposition de résolution,179,378,37,28,18
179571,2025-10-09 12:10:12,B10-0402/2025,,Proposition de résolution,133,383,78,28,18
179572,2025-10-08,,,Amendments by the committee responsible – put to the vote collectively,,,,649,17
179574,2025-10-08,,,Article 1 – paragraph 1 – point 5; Regulation (EU) 2021/2115: Article 13 – paragraph 1 – subparagraph 3,,,,649,17
179575,2025-10-08,,,Article 1 – paragraph 1 – point 5; Regulation (EU) 2021/2115: Article 13 – paragraph 1 – subparagraph 3,,,,649,17
179576,2025-10-08 13:02:26,A10-0171/2025,,Davor Ivo Stier - § 11 - Am 1,213,382,35,19,17
179577,2025-10-08 13:02:41,A10-0171/2025,,Davor Ivo Stier - Après le § 14 - Am 3,233,371,22,23,17
179578,2025-10-08 13:02:52,A10-0171/2025,,Davor Ivo Stier - § 29,259,269,97,24,17
179579,2025-10-08,,,Article 1 – paragraph 1 – after point 8; Regulation (EU) No 1308/2013 Annex VIII – part IIa,226,355,44,649,17
179581,2025-10-09 12:33:40,B10-0406/2025,,§ 1 - Am 1/1,188,374,28,32,18
179582,2025-10-09 12:33:51,B10-0406/2025,,§ 1 - Am 1/2,206,373,11,32,18
179583,2025-10-09 12:34:02,B10-0406/2025,,Après le § 1 - Am 2,204,372,10,36,18
179584,2025-10-09,B10-0410/2025,,B10-0410/2025,,,,622,18
179585,2025-10-09 12:12:21,A10-0029/2024,,Dennis Radtke - Rejet - Am 81,116,469,30,7,18
179586,2025-10-09 12:29:10,B10-0408/2025,,§ 1 - Am 4,173,403,17,29,18
179588,2025-10-09 12:29:25,B10-0408/2025,,§ 1/1,442,134,38,8,18
179589,2025-10-09 12:29:37,B10-0408/2025,,§ 1/2,293,289,23,17,18
179591,2025-10-09 12:29:52,B10-0408/2025,,§ 4/1,478,69,65,10,18
179592,2025-10-09 12:30:02,B10-0408/2025,,§ 4/2,415,177,19,11,18
179593,2025-10-09 12:30:13,B10-0408/2025,,§ 4/3,298,279,30,15,18
179594,2025-10-09 12:30:27,B10-0408/2025,,§ 5 - Am 5,199,400,12,11,18
179596,2025-10-09,,,§ 5,,,,622,18
179597,2025-10-09,,,§ 5,,,,622,18
179598,2025-10-09 12:30:49,B10-0408/2025,,§ 9 - Am 2,285,238,91,8,18
179600,2025-10-09,,,§ 9,,,,622,18
179601,2025-10-09,,,§ 9,,,,622,18
179603,2025-10-09 12:31:06,B10-0408/2025,,§ 10/1,409,125,73,15,18
179604,2025-10-09 12:31:17,B10-0408/2025,,§ 10/2,287,270,46,19,18
179605,2025-10-09 12:31:29,B10-0408/2025,,§ 13 - Am 6,185,410,13,14,18
179607,2025-10-09 12:31:42,B10-0408/2025,,§ 13/1,479,68,64,11,18
179608,2025-10-09 12:31:54,B10-0408/2025,,§ 13/2,291,295,20,16,18
179609,2025-10-09 12:32:08,B10-0408/2025,,Après le § 13 - Am 7,190,415,9,8,18
179610,2025-10-09 12:32:17,B10-0408/2025,,§ 15 - Am 8,188,399,17,18,18
179611,2025-10-09 12:32:30,B10-0408/2025,,§ 15 - Am 1,174,413,24,11,18
179612,2025-10-09 12:32:42,B10-0408/2025,,§ 17,272,307,34,9,18
179613,2025-10-09 12:32:54,B10-0408/2025,,Considérant B - Am 3,195,394,18,15,18
179615,2025-10-09,,,Recital G,,,,622,18
179616,2025-10-09,,,Recital G,,,,622,18
179617,2025-10-09 12:33:19,B10-0408/2025,,Proposition de résolution (ensemble du texte),360,210,37,15,18
179618,2025-10-09 12:13:25,A10-0170/2025,,Fredis Beleris - Après le § 3 - Am 3,123,459,33,7,18
179619,2025-10-09 12:13:36,A10-0170/2025,,Fredis Beleris - Après le § 4 - Am 4,104,495,16,7,18
179620,2025-10-09 12:13:51,A10-0170/2025,,Fredis Beleris - § 5,490,109,18,5,18
179621,2025-10-09 12:14:06,A10-0170/2025,,Fredis Beleris - Après le § 5 - Am 5,128,431,51,12,18
179622,2025-10-09 12:14:18,A10-0170/2025,,Fredis Beleris - Après le § 6 - Am 6,129,449,34,10,18
179623,2025-10-09 12:14:28,A10-0170/2025,,Fredis Beleris - Après le § 7 - Am 7,101,497,9,15,18
179624,2025-10-09 12:14:38,A10-0170/2025,,Fredis Beleris - Après le § 8 - Am 8,101,501,9,11,18
179625,2025-10-09 12:14:48,A10-0170/2025,,Fredis Beleris - Après le § 9 - Am 13,65,529,18,10,18
179626,2025-10-09 12:14:59,A10-0170/2025,,Fredis Beleris - Après le § 15 - Am 11,217,333,64,8,18
179628,2025-10-09,,,§ 20,,,,622,18
179629,2025-10-09 12:15:14,A10-0170/2025,,Fredis Beleris - § 20/2,487,97,31,7,18
179633,2025-10-09,,,§ 5,326,259,24,622,18
179634,2025-10-09,,,§ 5,,,,622,18
179638,2025-10-09,,,After § 10,,,,622,18
179639,2025-10-09,,,After § 11,,,,622,18
179641,2025-10-09,,,Recital D,305,270,33,622,18
179645,2025-10-09,B10-0415/2025,,B10-0415/2025,,,,622,18
179646,2025-10-09,B10-0416/2025,,B10-0416/2025,,,,622,18
179647,2025-10-09,B10-0417/2025,,B10-0417/2025,,,,622,18
179648,2025-10-09,B10-0418/2025,,B10-0418/2025,,,,622,18
179649,2025-10-09,B10-0420/2025,,B10-0420/2025,,,,622,18
179650,2025-10-09,B10-0425/2025,,B10-0425/2025,,,,622,18
179651,2025-10-09,B10-0426/2025,,B10-0426/2025,,,,622,18
179652,2025-10-09,B10-0427/2025,,B10-0427/2025,,,,622,18
179662,2025-10-09,,,Motion for a resolution (as a whole),,,,622,18
179664,2025-10-09,B10-0438/2025,,B10-0438/2025,,,,622,18
179665,2025-10-09,B10-0439/2025,,B10-0439/2025,,,,622,18
179666,2025-10-09,B10-0440/2025,,B10-0440/2025,,,,622,18
179667,2025-10-09,B10-0441/2025,,B10-0441/2025,,,,622,18
179668,2025-10-09,B10-0442/2025,,B10-0442/2025,,,,622,18
179672,2025-10-09,B10-0412/2025,,B10-0412/2025,,,,622,18
179673,2025-10-09,B10-0414/2025,,B10-0414/2025,,,,622,18
179674,2025-10-09,B10-0429/2025,,B10-0429/2025,,,,622,18
179675,2025-10-09,B10-0431/2025,,B10-0431/2025,,,,622,18
179676,2025-10-09,B10-0433/2025,,B10-0433/2025,,,,622,18
179677,2025-10-09,B10-0435/2025,,B10-0435/2025,,,,622,18
179679,2025-10-09,,,After § 2,,,,622,18
179680,2025-10-09,,,§ 7,,,,622,18
179681,2025-10-09,,,Recital E,,,,622,18
179684,2025-10-09,B10-0411/2025,,B10-0411/2025,,,,622,18
179685,2025-10-09,B10-0413/2025,,B10-0413/2025,,,,622,18
179686,2025-10-09,B10-0428/2025,,B10-0428/2025,,,,622,18
179687,2025-10-09,B10-0430/2025,,B10-0430/2025,,,,622,18
179688,2025-10-09,B10-0432/2025,,B10-0432/2025,,,,622,18
179689,2025-10-09,B10-0434/2025,,B10-0434/2025,,,,622,18
179690,2025-10-09,B10-0436/2025,,B10-0436/2025,,,,622,18
179692,2025-10-09,,,After § 4,253,297,60,622,18
179696,2025-10-09,,,After § 4,,,,622,18
179697,2025-10-09,,,After § 11,,,,622,18
179698,2025-10-09,,,§ 15,,,,622,18
179699,2025-10-09,,,§ 24,,,,622,18
179700,2025-10-09,,,After § 24,,,,622,18
179704,2025-10-09,B10-0419/2025,,B10-0419/2025,,,,622,18
179705,2025-10-09,B10-0421/2025,,B10-0421/2025,,,,622,18
179706,2025-10-09,B10-0422/2025,,B10-0422/2025,,,,622,18
179707,2025-10-09,B10-0423/2025,,B10-0423/2025,,,,622,18
179708,2025-10-09,B10-0424/2025,,B10-0424/2025,,,,622,18
179709,2025-10-09,B10-0437/2025,,B10-0437/2025,,,,622,18
179710,2025-10-09 12:15:56,RC-B10-0415/2025,,Après le § 3 - Am 7,228,367,16,11,18
179711,2025-10-09 12:16:09,RC-B10-0415/2025,,§ 5 - Am 8,194,408,12,8,18
179713,2025-10-09,,,§ 5,,,,622,18
179714,2025-10-09,,,§ 5,,,,622,18
179715,2025-10-09 12:16:53,RC-B10-0415/2025,,Après le § 5 - Am 1,145,444,19,14,18
179716,2025-10-09 12:17:05,RC-B10-0415/2025,,Après le § 5 - Am 9,199,391,15,17,18
179717,2025-10-09 12:17:17,RC-B10-0415/2025,,§ 8 - Am 10,222,381,4,15,18
179718,2025-10-09 12:17:37,RC-B10-0415/2025,,Considérant C - Am 5,235,363,12,12,18
179719,2025-10-09 12:18:05,RC-B10-0415/2025,,Considérant I - Am 6,250,355,6,11,18
179720,2025-10-09 12:18:17,RC-B10-0415/2025,,Proposition de résolution (ensemble du texte),504,74,30,14,18
179721,2025-10-09,,,§ 1,,,,622,18
179722,2025-10-09,,,§ 1,,,,622,18
179723,2025-10-09,,,§ 1,,,,622,18
179725,2025-10-09,,,§ 2,,,,622,18
179726,2025-10-09 12:20:25,RC-B10-0419/2025,,§ 2/2,540,34,28,20,18
179727,2025-10-09,,,§ 2,,,,622,18
179728,2025-10-09,,,§ 4,,,,622,18
179729,2025-10-09 12:21:06,RC-B10-0419/2025,,Après le § 4 - Am 5,86,451,70,15,18
179730,2025-10-09 12:21:16,RC-B10-0419/2025,,Après le § 4 - Am 6,57,443,105,17,18
179731,2025-10-09 12:21:27,RC-B10-0419/2025,,Après le § 4 - Am 7,65,457,83,17,18
179734,2025-10-09 12:23:13,RC-B10-0419/2025,,§ 5/1,543,15,44,20,18
179735,2025-10-09 12:23:24,RC-B10-0419/2025,,§ 5/2,533,9,62,18,18
179736,2025-10-09 12:23:36,RC-B10-0419/2025,,§ 6,443,112,52,15,18
179738,2025-10-09,,,§ 9,,,,622,18
179739,2025-10-09,,,§ 9,,,,622,18
179740,2025-10-09 12:23:57,RC-B10-0419/2025,,§ 9/3,356,218,39,9,18
179742,2025-10-09 12:24:09,RC-B10-0419/2025,,§ 10/1,361,210,41,10,18
179743,2025-10-09 12:24:21,RC-B10-0419/2025,,§ 10/2,369,212,35,6,18
179744,2025-10-09,,,§ 10,,,,622,18
179745,2025-10-09,,,§ 10,,,,622,18
179746,2025-10-09,,,§ 16,,,,622,18
179751,2025-10-09,,,§ 22,,,,622,18
179752,2025-10-09,,,§ 22,,,,622,18
179754,2025-10-09,,,§ 27,,,,622,18
179755,2025-10-09 12:25:29,RC-B10-0419/2025,,§ 27/2,233,272,104,13,18
179756,2025-10-09 12:25:44,RC-B10-0419/2025,,§ 27/3,204,380,16,22,18
179758,2025-10-09,,,§ 28,,,,622,18
179759,2025-10-09,,,§ 28,,,,622,18
179761,2025-10-09,,,§ 32,,,,622,18
179762,2025-10-09 12:27:49,RC-B10-0419/2025,,§ 32/2,378,160,64,20,18
179763,2025-10-09 12:28:04,RC-B10-0419/2025,,§ 33,416,140,48,18,18
179764,2025-10-09 12:28:18,RC-B10-0419/2025,,Après le considérant A - Am 3,54,464,88,16,18
179765,2025-10-09,,,Recital N,,,,622,18
179767,2025-10-09,,,Recital Q,,,,622,18
179768,2025-10-09,,,Recital Q,,,,622,18
179769,2025-10-09,,,Recital Q,,,,622,18
179770,2025-10-09 12:28:52,RC-B10-0419/2025,,Proposition de résolution (ensemble du texte),469,97,38,18,18
179771,2025-10-09,,,§ 6,,,,622,18
179773,2025-10-09,,,Recital D,,,,622,18
179774,2025-10-09 12:11:23,RC-B10-0411/2025,,Considérant D/2,434,161,12,15,18
179775,2025-10-09 12:11:37,RC-B10-0411/2025,,Proposition de résolution (ensemble du texte),550,3,54,15,18
179776,2025-10-09 12:11:58,RC-B10-0412/2025,,Proposition de résolution,546,3,44,29,18
179786,2025-10-21,A10-0018/2025,,A10-0018/2025 – Dimitris Tsiodras – Provisional agreement – Am 162,471,123,48,11,13
179788,2025-10-21,A10-0019/2025,,A10-0019/2025 – Dimitris Tsiodras – Provisional agreement – Am 20,477,93,76,7,13
179790,2025-10-21,A10-0020/2025,,A10-0020/2025 – Dimitris Tsiodras – Provisional agreement – Am 20,469,126,50,8,13
179791,2025-10-21,,,Amendments by the committee responsible – put to the vote collectively,,,,653,13
179792,2025-10-21,,,Article 1 – § 1 – point 3; Council Decision 89/367/EEC – Article 2 – paragraph 2 – point a,,,,653,13
179793,2025-10-21,,,Article 1 – § 1 – point 3; Council Decision 89/367/EEC – Article 2 – paragraph 2 – point a,,,,653,13
179794,2025-10-21,,,Article 1 – § 1 – point 3; Council Decision 89/367/EEC – Article 2 – paragraph 2 – point b,,,,653,13
179795,2025-10-21,,,Article 1 – § 1 – point 3; Council Decision 89/367/EEC – Article 2 – paragraph 2 – point b,,,,653,13
179796,2025-10-21,,,Article 1 – § 1 – point 3; Council Decision 89/367/EEC – Article 2 – paragraph 2 – point b,,,,653,13
179797,2025-10-21,A10-0175/2025,,"A10-0175/2025 – Emma Wiesner, Pekka Toveri – Article 1 – § 1 – point 3; Council Decision 89/367/EEC – Article 2 – paragraph 2 – after point d – Am 22",236,395,9,13,13
179798,2025-10-21,A10-0175/2025,,"A10-0175/2025 – Emma Wiesner, Pekka Toveri – After citation 4 – Am 19",260,372,10,11,13
179799,2025-10-21,A10-0175/2025,,"A10-0175/2025 – Emma Wiesner, Pekka Toveri – Recital 2 – Am 17D",198,422,11,22,13
179800,2025-10-21,,,Recital 2,,,,653,13
179801,2025-10-21,A10-0175/2025,,"A10-0175/2025 – Emma Wiesner, Pekka Toveri – Commission proposal",327,256,58,12,13
179802,2025-10-21,A10-0175/2025,,"A10-0175/2025 – Emma Wiesner, Pekka Toveri – Request for referral back (Rule 60(4))",352,242,40,19,13
179804,2025-10-21,A10-0176/2025,,"A10-0176/2025 – Emma Wiesner, Eric Sargiacomo – Proposal for rejection",370,264,9,10,13
179806,2025-10-21,,,Text as a whole,,,,653,13
179807,2025-10-21,,,After Article 1,,,,653,13
179808,2025-10-21,,,Article 13,,,,653,13
179809,2025-10-21,,,Article 13,,,,653,13
179810,2025-10-21,,,Article 13,,,,653,13
179811,2025-10-21,,,"Annex II, point k, § 3",,,,653,13
179812,2025-10-21,,,After recital 2,,,,653,13
179813,2025-10-21,,,After recital 9,,,,653,13
179814,2025-10-21,,,Commission proposal,,,,653,13
179815,2025-10-21,,,Request for referral back (Rule 60(2)),261,358,12,653,13
179816,2025-10-21,A10-0189/2025,,A10-0189/2025 – David Cormand – Motion for a resolution,505,62,47,39,13
179820,2025-10-21,,,A9-0045/2024 – Markéta Gregorová – Provisional agreement – Am 215,533,43,68,9,13
179822,2025-10-21,,,Proposal to vote on amendments,,,,653,13
179824,2025-10-21,,,"A9-0223/2022 – Loránt Vincze, Charles Goerens – Provisional agreement – Am 146",446,162,35,10,13
179826,2025-10-21,,,Text as a whole,,,,653,13
179827,2025-10-21,,,Article 2 – § 1 – point 4 – point b,,,,653,13
179828,2025-10-21,,,Article 2 – § 1 – point 4 – point b,,,,653,13
179829,2025-10-21,,,Article 4 – paragraph 1 – point j,,,,653,13
179830,2025-10-21,,,Article 30 – § 2 – point a – point ix,,,,653,13
179831,2025-10-21,,,Recital 6,,,,653,13
179832,2025-10-21,,,Commission proposal,,,,653,13
179833,2025-10-21,,,Request for an urgent decision,,,,653,13
179835,2025-10-22,,,Proposals for decisions,,,,666,10
179841,2025-10-22 13:59:22,A10-0169/2025,,Erik Marquardt - Proposition de résolution (ensemble du texte),476,99,72,19,10
179843,2025-10-22,,,§ 4,,,,666,10
179844,2025-10-22,,,After § 5,,,,666,10
179845,2025-10-22,,,After § 5,,,,666,10
179846,2025-10-22,,,After § 6,,,,666,10
179848,2025-10-22,,,After § 21,,,,666,10
179849,2025-10-22,,,§ 24,,,,666,10
179852,2025-10-22,B10-0449/2025,,B10-0449/2025,,,,666,10
179853,2025-10-22,B10-0451/2025,,B10-0451/2025,,,,666,10
179854,2025-10-22,B10-0452/2025,,B10-0452/2025,,,,666,10
179855,2025-10-22,B10-0453/2025,,B10-0453/2025,,,,666,10
179856,2025-10-22,B10-0454/2025,,B10-0454/2025,,,,666,10
179857,2025-10-22,B10-0455/2025,,B10-0455/2025,,,,666,10
179859,2025-10-23,,,Motion for a resolution,,,,594,13
179862,2025-10-23,B10-0445/2025,,After § 7,,,,594,13
179863,2025-10-23,B10-0445/2025,,After § 10,,,,594,13
179864,2025-10-23,B10-0445/2025,,After § 13,,,,594,13
179865,2025-10-23,B10-0445/2025,,After § 14,,,,594,13
179866,2025-10-23,B10-0445/2025,,After § 14,,,,594,13
179868,2025-10-23,B10-0445/2025,,After § 26,,,,594,13
179869,2025-10-23,B10-0445/2025,,After § 26,,,,594,13
179871,2025-10-23,B10-0445/2025,,After § 36,,,,594,13
179872,2025-10-23,B10-0445/2025,,After § 37,,,,594,13
179876,2025-10-23,B10-0445/2025,,After § 74,,,,594,13
179877,2025-10-23,B10-0445/2025,,After § 75,,,,594,13
179881,2025-10-23,B10-0445/2025,,After § 78,,,,594,13
179883,2025-10-23,B10-0445/2025,,After § 83,,,,594,13
179884,2025-10-23,B10-0445/2025,,After § 87,,,,594,13
179885,2025-10-23,B10-0445/2025,,After § 88,,,,594,13
179886,2025-10-23,B10-0445/2025,,After § 105,,,,594,13
179887,2025-10-23,B10-0445/2025,,After § 116,,,,594,13
179888,2025-10-23,B10-0445/2025,,After § 116,,,,594,13
179890,2025-10-23,B10-0445/2025,,Citation 2,,,,594,13
179891,2025-10-23,B10-0445/2025,,After citation 8,,,,594,13
179892,2025-10-23,B10-0445/2025,,After citation 14,,,,594,13
179893,2025-10-23,B10-0445/2025,,After citation 23,,,,594,13
179894,2025-10-23,B10-0445/2025,,After citation 24,,,,594,13
179895,2025-10-23,B10-0445/2025,,After recital E,,,,594,13
179896,2025-10-23,B10-0445/2025,,After recital E,,,,594,13
179897,2025-10-23,,,Motion for a resolution (as a whole),,,,594,13
179909,2025-10-20 17:10:32,Ordre du jour de mardi,,Demande du groupe S&D,421,0,5,166,21
179910,2025-10-20,,,Tuesday’s agenda – Request by the ECR Group,124,281,16,171,21
179911,2025-10-20,,,Wednesday’s agenda – Request by the Renew Group,331,37,62,162,21
179913,2025-10-21 12:17:16,EP error,,10-11 novembre,537,88,14,14,13
179915,2025-10-22,,,§ 9,,,,666,10
179916,2025-10-22 14:08:03,RC-B10-0451/2025,,§ 9/2,450,153,14,49,10
179917,2025-10-22 14:08:13,RC-B10-0451/2025,,Après le § 12 - Am 5,183,402,16,65,10
179918,2025-10-22 14:08:48,RC-B10-0451/2025,,Proposition de résolution (ensemble du texte),458,18,84,106,10
179920,2025-10-22,,,Proposal for a decision,,,,666,10
179922,2025-10-22 13:53:53,A10-0167/2025,,Joachim Stanisław Brudziński - Après le § 15 - Am 3,181,451,15,19,10
179923,2025-10-22,,,After § 15,262,384,1,666,10
179926,2025-10-22,,,§ 16,,,,666,10
179927,2025-10-22,,,§ 16,,,,666,10
179932,2025-10-22,,,§ 17,,,,666,10
179933,2025-10-22 13:58:06,A10-0167/2025,,Joachim Stanisław Brudziński - § 17/2,445,178,17,26,10
179934,2025-10-22 13:58:19,A10-0167/2025,,Joachim Stanisław Brudziński - Proposition de résolution (ensemble du texte),441,125,73,27,10
179935,2025-10-22 13:58:44,A10-0169/2025,,Erik Marquardt - Après le § 6 - Am 2,198,429,5,34,10
179936,2025-10-22 13:58:55,A10-0169/2025,,Erik Marquardt - Après le § 10 - Am 3,191,441,5,29,10
179937,2025-10-22 13:59:03,A10-0169/2025,,Erik Marquardt - Après le § 15 - Am 4,182,437,20,27,10
179938,2025-10-22 13:59:12,A10-0169/2025,,Erik Marquardt - Considérant A - Am 1,180,449,8,29,10
179941,2025-10-23,,,Motion for a resolution (as a whole),,,,594,13
179944,2025-10-22 13:54:22,A10-0167/2025,,Joachim Stanisław Brudziński - § 16 - Am 1,461,173,16,16,10
179945,2025-10-22 13:54:40,A10-0167/2025,,Joachim Stanisław Brudziński - Après le § 16 - Am 2/1,459,161,28,18,10
179946,2025-10-22 13:54:52,A10-0167/2025,,Joachim Stanisław Brudziński - Après le § 16 - Am 2/2,334,285,15,32,10
179948,2025-10-22,,,Recital Q,,,,666,10
179949,2025-10-22 14:08:35,RC-B10-0451/2025,,Considérant Q/2,476,42,65,83,10
179950,2025-10-22,,,Before § 1,,,,666,10
179951,2025-10-22,,,Before § 1,,,,666,10
179952,2025-10-22 13:24:32,A10-0192/2025,,"Andrzej Halicki, Matjaž Nemec - Avant le § 1 - Am 44",130,480,47,9,10
179953,2025-10-22 13:24:43,A10-0192/2025,,"Andrzej Halicki, Matjaž Nemec - Avant le § 1 - Am 45",111,511,15,29,10
179954,2025-10-22 13:24:53,A10-0192/2025,,"Andrzej Halicki, Matjaž Nemec - Avant le § 1 - Am 46",106,503,39,18,10
179955,2025-10-22,,,§ 2,,,,666,10
179956,2025-10-22,,,After § 3,,,,666,10
179957,2025-10-22 13:25:12,A10-0192/2025,,"Andrzej Halicki, Matjaž Nemec - Après le § 4 - Am 27",133,486,37,10,10
179958,2025-10-22,,,After § 4,,,,666,10
179959,2025-10-22 13:25:27,A10-0192/2025,,"Andrzej Halicki, Matjaž Nemec - § 5 - Am 63",72,567,7,20,10
179960,2025-10-22,,,After § 5,,,,666,10
179961,2025-10-22,,,After § 5,,,,666,10
179962,2025-10-22,,,§ 6,208,442,8,666,10
179963,2025-10-22,,,§ 7,,,,666,10
179964,2025-10-22 13:26:06,A10-0192/2025,,"Andrzej Halicki, Matjaž Nemec - § 7",430,121,105,10,10
179965,2025-10-22,,,After § 7,,,,666,10
179966,2025-10-22,,,§ 8,,,,666,10
179967,2025-10-22 13:26:25,A10-0192/2025,,"Andrzej Halicki, Matjaž Nemec - Après le § 8 - Am 108",187,449,18,12,10
179968,2025-10-22,,,§ 9,,,,666,10
179969,2025-10-22 13:26:42,A10-0192/2025,,"Andrzej Halicki, Matjaž Nemec - § 9",383,231,33,19,10
179970,2025-10-22,,,After § 9,,,,666,10
179971,2025-10-22,,,After § 9,,,,666,10
179972,2025-10-22 13:27:03,A10-0192/2025,,"Andrzej Halicki, Matjaž Nemec - Après le § 9 - Am 110",201,407,38,20,10
179973,2025-10-22,,,§ 10,,,,666,10
179974,2025-10-22 13:27:19,A10-0192/2025,,"Andrzej Halicki, Matjaž Nemec - Après le § 10 - Am 66",82,502,70,12,10
179975,2025-10-22 13:27:28,A10-0192/2025,,"Andrzej Halicki, Matjaž Nemec - Après le § 10 - Am 67",107,488,54,17,10
179976,2025-10-22 13:27:39,A10-0192/2025,,"Andrzej Halicki, Matjaž Nemec - Après le § 10 - Am 111",183,456,8,19,10
179977,2025-10-22 13:27:49,A10-0192/2025,,"Andrzej Halicki, Matjaž Nemec - Après le § 10 - Am 112",169,439,40,18,10
179978,2025-10-22,,,§ 11,,,,666,10
179979,2025-10-22,,,§ 13,,,,666,10
179980,2025-10-22,,,§ 16,,,,666,10
179981,2025-10-22,,,§ 17,,,,666,10
179982,2025-10-22,,,§ 18,,,,666,10
179984,2025-10-22,,,§ 18,,,,666,10
179985,2025-10-22,,,§ 18,,,,666,10
179986,2025-10-22 13:28:35,A10-0192/2025,,"Andrzej Halicki, Matjaž Nemec - Après le § 18 - Am 130",193,451,13,9,10
179987,2025-10-22 13:28:46,A10-0192/2025,,"Andrzej Halicki, Matjaž Nemec - Après le § 18 - Am 131",200,422,19,25,10
179988,2025-10-22 13:28:56,A10-0192/2025,,"Andrzej Halicki, Matjaž Nemec - Après le § 19 - Am 47",114,466,72,14,10
179989,2025-10-22 13:29:05,A10-0192/2025,,"Andrzej Halicki, Matjaž Nemec - Après le § 21 - Am 113",188,442,21,15,10
179990,2025-10-22,,,§ 22,,,,666,10
179991,2025-10-22 13:29:20,A10-0192/2025,,"Andrzej Halicki, Matjaž Nemec - § 22 - Am 114",178,466,12,10,10
179992,2025-10-22 13:29:31,A10-0192/2025,,"Andrzej Halicki, Matjaž Nemec - Après le § 22 - Am 71",191,422,34,19,10
179993,2025-10-22 13:29:43,A10-0192/2025,,"Andrzej Halicki, Matjaž Nemec - Après le § 22 - Am 72",108,479,25,54,10
179994,2025-10-22 13:29:53,A10-0192/2025,,"Andrzej Halicki, Matjaž Nemec - Après le § 22 - Am 73",179,439,27,21,10
179995,2025-10-22,,,After § 22,,,,666,10
179996,2025-10-22 13:30:05,A10-0192/2025,,"Andrzej Halicki, Matjaž Nemec - Après le § 22 - Am 75",213,413,23,17,10
179997,2025-10-22,,,After § 22,,,,666,10
179998,2025-10-22,,,After § 22,,,,666,10
179999,2025-10-22,,,After § 22,,,,666,10
180000,2025-10-22 13:30:28,A10-0192/2025,,"Andrzej Halicki, Matjaž Nemec - Après le § 22 - Am 123",222,413,13,18,10
180001,2025-10-22 13:30:38,A10-0192/2025,,"Andrzej Halicki, Matjaž Nemec - Après le § 22 - Am 124",231,404,11,20,10
180002,2025-10-22,,,§ 24,,,,666,10
180003,2025-10-22,,,After § 24,,,,666,10
180004,2025-10-22 13:30:55,A10-0192/2025,,"Andrzej Halicki, Matjaž Nemec - Après le § 25 - Am 81",211,379,62,14,10
180005,2025-10-22,,,§ 26,,,,666,10
180006,2025-10-22 13:31:23,A10-0192/2025,,"Andrzej Halicki, Matjaž Nemec - Après le § 26 - Am 83",252,337,68,9,10
180007,2025-10-22 13:31:34,A10-0192/2025,,"Andrzej Halicki, Matjaž Nemec - Après le § 26 - Am 48",150,427,70,19,10
180008,2025-10-22 13:31:44,A10-0192/2025,,"Andrzej Halicki, Matjaž Nemec - Après le § 26 - Am 49",111,507,18,30,10
180009,2025-10-22 13:31:53,A10-0192/2025,,"Andrzej Halicki, Matjaž Nemec - Après le § 26 - Am 50",142,453,43,28,10
180010,2025-10-22 13:32:02,A10-0192/2025,,"Andrzej Halicki, Matjaž Nemec - Après le § 26 - Am 51",140,475,21,30,10
180011,2025-10-22 13:32:13,A10-0192/2025,,"Andrzej Halicki, Matjaž Nemec - Après le § 26 - Am 52",152,369,104,41,10
180012,2025-10-22 13:32:23,A10-0192/2025,,"Andrzej Halicki, Matjaž Nemec - Après le § 26 - Am 53",119,459,58,30,10
180013,2025-10-22 13:32:32,A10-0192/2025,,"Andrzej Halicki, Matjaž Nemec - Après le § 26 - Am 115",131,461,54,20,10
180015,2025-10-22,,,§ 27,,,,666,10
180016,2025-10-22 13:32:48,A10-0192/2025,,"Andrzej Halicki, Matjaž Nemec - § 27/2",428,168,58,12,10
180017,2025-10-22 13:33:00,A10-0192/2025,,"Andrzej Halicki, Matjaž Nemec - Après le § 27 - Am 132",186,454,6,20,10
180018,2025-10-22 13:33:09,A10-0192/2025,,"Andrzej Halicki, Matjaž Nemec - Après le § 28 - Am 84",164,439,41,22,10
180019,2025-10-22 13:33:20,A10-0192/2025,,"Andrzej Halicki, Matjaž Nemec - Après le § 30 - Am 116",239,392,14,21,10
180020,2025-10-22 13:33:30,A10-0192/2025,,"Andrzej Halicki, Matjaž Nemec - Après le § 30 - Am 117",178,428,29,31,10
180021,2025-10-22,,,§ 31,,,,666,10
180022,2025-10-22,,,§ 31,,,,666,10
180024,2025-10-22,,,§ 31,,,,666,10
180025,2025-10-22,,,§ 31,407,195,28,666,10
180026,2025-10-22,,,§ 31,,,,666,10
180027,2025-10-22,,,After § 31,,,,666,10
180029,2025-10-22,,,§ 32,,,,666,10
180030,2025-10-22,,,§ 32,,,,666,10
180031,2025-10-22 13:34:31,A10-0192/2025,,"Andrzej Halicki, Matjaž Nemec - Après le § 32 - Am 133",186,448,19,13,10
180032,2025-10-22 13:34:42,A10-0192/2025,,"Andrzej Halicki, Matjaž Nemec - § 33",460,164,16,26,10
180033,2025-10-22 13:36:21,A10-0192/2025,,"Andrzej Halicki, Matjaž Nemec - § 35 - Am 125",142,454,45,25,10
180034,2025-10-22 13:36:32,A10-0192/2025,,"Andrzej Halicki, Matjaž Nemec - § 35",465,164,13,24,10
180035,2025-10-22 13:36:45,A10-0192/2025,,"Andrzej Halicki, Matjaž Nemec - Après le § 35 - Am 118",194,451,6,15,10
180036,2025-10-22 13:36:54,A10-0192/2025,,"Andrzej Halicki, Matjaž Nemec - Après le § 35 - Am 119",218,404,14,30,10
180037,2025-10-22 13:37:04,A10-0192/2025,,"Andrzej Halicki, Matjaž Nemec - Après le § 35 - Am 134",194,444,11,17,10
180038,2025-10-22,,,After § 35,,,,666,10
180039,2025-10-22,,,§ 36,,,,666,10
180041,2025-10-22 13:37:26,A10-0192/2025,,"Andrzej Halicki, Matjaž Nemec - Après le § 36 - Am 3/1",301,290,48,27,10
180042,2025-10-22 13:37:36,A10-0192/2025,,"Andrzej Halicki, Matjaž Nemec - Après le § 36 - Am 3/2",215,341,73,37,10
180043,2025-10-22,,,§ 37,,,,666,10
180044,2025-10-22 13:37:51,A10-0192/2025,,"Andrzej Halicki, Matjaž Nemec - § 37 - Am 89",122,516,18,10,10
180045,2025-10-22 13:38:01,A10-0192/2025,,"Andrzej Halicki, Matjaž Nemec - § 38 - Am 120",181,456,14,15,10
180046,2025-10-22 13:38:12,A10-0192/2025,,"Andrzej Halicki, Matjaž Nemec - Après le § 38 - Am 54",244,345,64,13,10
180047,2025-10-22 13:38:23,A10-0192/2025,,"Andrzej Halicki, Matjaž Nemec - Après le § 40 - Am 90",89,534,22,21,10
180048,2025-10-22,,,§ 43,,,,666,10
180049,2025-10-22 13:38:37,A10-0192/2025,,"Andrzej Halicki, Matjaž Nemec - § 43 - Am 121",198,447,10,11,10
180052,2025-10-22,,,After § 43,,,,666,10
180053,2025-10-22 13:39:09,A10-0192/2025,,"Andrzej Halicki, Matjaž Nemec - Après le § 43 - Am 92",116,481,53,16,10
180054,2025-10-22 13:39:20,A10-0192/2025,,"Andrzej Halicki, Matjaž Nemec - Après le § 45 - Am 122",223,419,11,13,10
180055,2025-10-22,,,§ 47,,,,666,10
180056,2025-10-22,,,After § 47,,,,666,10
180057,2025-10-22 13:39:35,A10-0192/2025,,"Andrzej Halicki, Matjaž Nemec - Après le § 47 - Am 138",197,421,21,27,10
180058,2025-10-22 13:39:46,A10-0192/2025,,"Andrzej Halicki, Matjaž Nemec - Après le § 48 - Am 56",195,401,57,13,10
180059,2025-10-22 13:39:58,A10-0192/2025,,"Andrzej Halicki, Matjaž Nemec - § 49 - Am 126",202,445,7,12,10
180060,2025-10-22,,,§ 49,,,,666,10
180061,2025-10-22 13:40:13,A10-0192/2025,,"Andrzej Halicki, Matjaž Nemec - Après le § 49 - Am 127",191,448,10,17,10
180062,2025-10-22 13:40:21,A10-0192/2025,,"Andrzej Halicki, Matjaž Nemec - Après le § 49 - Am 135",209,429,1,27,10
180063,2025-10-22 13:40:30,A10-0192/2025,,"Andrzej Halicki, Matjaž Nemec - Après le § 49 - Am 139",206,431,0,29,10
180064,2025-10-22,,,After § 50,,,,666,10
180065,2025-10-22 13:40:43,A10-0192/2025,,"Andrzej Halicki, Matjaž Nemec - § 52 - Am 94",211,436,9,10,10
180066,2025-10-22 13:40:53,A10-0192/2025,,"Andrzej Halicki, Matjaž Nemec - Après le § 52 - Am 24",216,426,11,13,10
180067,2025-10-22,,,After § 52,,,,666,10
180068,2025-10-22 13:41:09,A10-0192/2025,,"Andrzej Halicki, Matjaž Nemec - § 53 - Am 128",165,458,18,25,10
180070,2025-10-22 13:41:20,A10-0192/2025,,"Andrzej Halicki, Matjaž Nemec - § 53/1",501,142,8,15,10
180071,2025-10-22 13:41:30,A10-0192/2025,,"Andrzej Halicki, Matjaž Nemec - § 53/2",414,199,35,18,10
180072,2025-10-22,,,§ 53,,,,666,10
180073,2025-10-22 13:41:43,A10-0192/2025,,"Andrzej Halicki, Matjaž Nemec - Après le § 53 - Am 140",225,418,6,17,10
180074,2025-10-22 13:41:52,A10-0192/2025,,"Andrzej Halicki, Matjaž Nemec - Après le § 53 - Am 162",230,406,9,21,10
180075,2025-10-22 13:42:05,A10-0192/2025,,"Andrzej Halicki, Matjaž Nemec - Après le § 53 - Am 37",212,430,5,19,10
180076,2025-10-22 13:42:16,A10-0192/2025,,"Andrzej Halicki, Matjaž Nemec - Après le § 53 - Am 141",217,420,3,26,10
180077,2025-10-22 13:42:25,A10-0192/2025,,"Andrzej Halicki, Matjaž Nemec - § 54 - Am 95",205,433,5,23,10
180078,2025-10-22 13:42:35,A10-0192/2025,,"Andrzej Halicki, Matjaž Nemec - § 54 - Am 129",210,401,16,39,10
180079,2025-10-22 13:42:46,A10-0192/2025,,"Andrzej Halicki, Matjaž Nemec - Après le § 54 - Am 38",216,430,9,11,10
180080,2025-10-22,,,After § 54,,,,666,10
180081,2025-10-22 13:42:59,A10-0192/2025,,"Andrzej Halicki, Matjaž Nemec - Après le § 54 - Am 136",185,448,12,21,10
180082,2025-10-22 13:43:08,A10-0192/2025,,"Andrzej Halicki, Matjaž Nemec - Après le § 54 - Am 174",224,425,5,12,10
180083,2025-10-22 13:43:19,A10-0192/2025,,"Andrzej Halicki, Matjaž Nemec - § 55",430,189,30,17,10
180084,2025-10-22 13:43:30,A10-0192/2025,,"Andrzej Halicki, Matjaž Nemec - Après le § 55 - Am 142",214,436,4,12,10
180085,2025-10-22 13:43:53,A10-0192/2025,,"Andrzej Halicki, Matjaž Nemec - Après le § 56 - Am 175",183,446,12,25,10
180086,2025-10-22 13:44:03,A10-0192/2025,,"Andrzej Halicki, Matjaž Nemec - Après le § 56 - Am 161",205,427,16,18,10
180087,2025-10-22 13:44:12,A10-0192/2025,,"Andrzej Halicki, Matjaž Nemec - Après le § 56 - Am 163",196,426,7,37,10
180088,2025-10-22 13:44:21,A10-0192/2025,,"Andrzej Halicki, Matjaž Nemec - Après le § 57 - Am 59",72,561,23,10,10
180089,2025-10-22 13:44:29,A10-0192/2025,,"Andrzej Halicki, Matjaž Nemec - Après le § 57 - Am 60",119,490,35,22,10
180090,2025-10-22 13:44:40,A10-0192/2025,,"Andrzej Halicki, Matjaž Nemec - Après le § 57 - Am 96",76,506,63,21,10
180091,2025-10-22 13:44:49,A10-0192/2025,,"Andrzej Halicki, Matjaž Nemec - Après le § 57 - Am 97",74,537,23,32,10
180092,2025-10-22 13:44:57,A10-0192/2025,,"Andrzej Halicki, Matjaž Nemec - Après le § 57 - Am 98",61,566,14,25,10
180093,2025-10-22 13:45:06,A10-0192/2025,,"Andrzej Halicki, Matjaž Nemec - Après le § 57 - Am 99",94,523,23,26,10
180094,2025-10-22 13:45:17,A10-0192/2025,,"Andrzej Halicki, Matjaž Nemec - § 58 - Am 104",122,502,22,20,10
180096,2025-10-22,,,§ 58,,,,666,10
180097,2025-10-22,,,§ 58,,,,666,10
180099,2025-10-22,,,§ 59,,,,666,10
180100,2025-10-22,,,§ 59,,,,666,10
180101,2025-10-22 13:45:43,A10-0192/2025,,"Andrzej Halicki, Matjaž Nemec - Après le § 60 - Am 143",206,424,13,23,10
180102,2025-10-22,,,After § 61,,,,666,10
180103,2025-10-22 13:45:57,A10-0192/2025,,"Andrzej Halicki, Matjaž Nemec - Après le § 63 - Am 164",176,442,35,13,10
180104,2025-10-22 13:46:07,A10-0192/2025,,"Andrzej Halicki, Matjaž Nemec - Après le § 63 - Am 165",176,444,33,13,10
180105,2025-10-22 13:46:15,A10-0192/2025,,"Andrzej Halicki, Matjaž Nemec - Après le § 64 - Am 61",142,496,9,19,10
180106,2025-10-22 13:46:25,A10-0192/2025,,"Andrzej Halicki, Matjaž Nemec - Après le § 65 - Am 40",74,491,91,10,10
180107,2025-10-22 13:46:35,A10-0192/2025,,"Andrzej Halicki, Matjaž Nemec - Après le § 65 - Am 144",222,408,24,12,10
180108,2025-10-22,,,§ 67,,,,666,10
180112,2025-10-22 13:47:11,A10-0192/2025,,"Andrzej Halicki, Matjaž Nemec - Après le § 67 - Am 102",223,423,7,13,10
180114,2025-10-22 13:47:23,A10-0192/2025,,"Andrzej Halicki, Matjaž Nemec - Après le § 67 - Am 145/1",224,418,5,19,10
180115,2025-10-22 13:47:34,A10-0192/2025,,"Andrzej Halicki, Matjaž Nemec - Après le § 67 - Am 145/2",176,438,28,24,10
180116,2025-10-22 13:47:43,A10-0192/2025,,"Andrzej Halicki, Matjaž Nemec - Après le § 67 - Am 145/3",219,406,6,35,10
180117,2025-10-22,,,After § 68,,,,666,10
180118,2025-10-22 13:47:57,A10-0192/2025,,"Andrzej Halicki, Matjaž Nemec - Après le § 68 - Am 146",199,443,4,20,10
180119,2025-10-22 13:48:05,A10-0192/2025,,"Andrzej Halicki, Matjaž Nemec - Après le § 71 - Am 41",121,496,31,18,10
180120,2025-10-22 13:48:14,A10-0192/2025,,"Andrzej Halicki, Matjaž Nemec - Après le § 72 - Am 103",65,519,61,21,10
180121,2025-10-22 13:48:24,A10-0192/2025,,"Andrzej Halicki, Matjaž Nemec - Après le § 73 - Am 152",152,468,33,13,10
180122,2025-10-22,,,After § 73,,,,666,10
180123,2025-10-22 13:48:38,A10-0192/2025,,"Andrzej Halicki, Matjaž Nemec - Après le § 73 - Am 166",202,431,6,27,10
180124,2025-10-22,,,After § 74,,,,666,10
180125,2025-10-22 13:48:52,A10-0192/2025,,"Andrzej Halicki, Matjaž Nemec - Après le § 75 - Am 156",120,483,48,15,10
180126,2025-10-22 13:49:02,A10-0192/2025,,"Andrzej Halicki, Matjaž Nemec - Après le § 75 - Am 167",115,471,47,33,10
180127,2025-10-22 13:49:11,A10-0192/2025,,"Andrzej Halicki, Matjaž Nemec - Après le § 77 - Am 154",131,456,56,23,10
180128,2025-10-22 13:49:20,A10-0192/2025,,"Andrzej Halicki, Matjaž Nemec - § 78 - Am 147",171,462,13,20,10
180129,2025-10-22,,,After § 78,,,,666,10
180131,2025-10-22,,,"§ 79, point f",,,,666,10
180132,2025-10-22,,,"§ 79, point f",,,,666,10
180133,2025-10-22,,,"§ 79, after point f",,,,666,10
180134,2025-10-22,,,"§ 79, point g",,,,666,10
180135,2025-10-22 13:49:54,A10-0192/2025,,"Andrzej Halicki, Matjaž Nemec - § 79, après le point g - Am 150",161,448,48,9,10
180136,2025-10-22 13:50:03,A10-0192/2025,,"Andrzej Halicki, Matjaž Nemec - § 79, après le point j - Am 26",321,240,84,21,10
180137,2025-10-22 13:50:15,A10-0192/2025,,"Andrzej Halicki, Matjaž Nemec - § 79, après le point l - Am 151",169,443,35,19,10
180140,2025-10-22 13:50:50,A10-0192/2025,,"Andrzej Halicki, Matjaž Nemec - Après le § 79 - Am 172",254,331,72,9,10
180141,2025-10-22 13:50:59,A10-0192/2025,,"Andrzej Halicki, Matjaž Nemec - Après le § 79 - Am 173",284,314,52,16,10
180142,2025-10-22 13:51:08,A10-0192/2025,,"Andrzej Halicki, Matjaž Nemec - Après le § 79 - Am 157",182,412,59,13,10
180143,2025-10-22 13:51:18,A10-0192/2025,,"Andrzej Halicki, Matjaž Nemec - Après le § 81 - Am 158",141,445,67,13,10
180144,2025-10-22 13:51:26,A10-0192/2025,,"Andrzej Halicki, Matjaž Nemec - Après le § 82 - Am 1",282,317,39,28,10
180145,2025-10-22,,,After § 82,445,118,61,666,10
180146,2025-10-22,,,After § 82,,,,666,10
180147,2025-10-22 13:52:06,A10-0192/2025,,"Andrzej Halicki, Matjaž Nemec - Après le § 82 - Am 169",72,527,47,20,10
180148,2025-10-22 13:52:18,A10-0192/2025,,"Andrzej Halicki, Matjaž Nemec - Après le § 82 - Am 159",84,483,76,23,10
180149,2025-10-22 13:52:31,A10-0192/2025,,"Andrzej Halicki, Matjaž Nemec - Après le § 82 - Am 168",71,542,33,20,10
180150,2025-10-22 13:52:42,A10-0192/2025,,"Andrzej Halicki, Matjaž Nemec - Après le § 84 - Am 160",188,451,15,12,10
180151,2025-10-22 13:52:52,A10-0192/2025,,"Andrzej Halicki, Matjaž Nemec - Après le § 86 - Am 155",119,471,56,20,10
180152,2025-10-22,,,Citation 16,,,,666,10
180153,2025-10-22 13:53:11,A10-0192/2025,,"Andrzej Halicki, Matjaž Nemec - Proposition de résolution (ensemble du texte)",384,202,58,22,10
180155,2025-10-22 13:59:43,A10-0177/2025,,Sandro Gozi - § 4/1,485,152,5,24,10
180156,2025-10-22 13:59:54,A10-0177/2025,,Sandro Gozi - § 4/2,411,169,63,23,10
180157,2025-10-22 14:00:04,A10-0177/2025,,Sandro Gozi - § 4/3,321,270,47,28,10
180158,2025-10-22 14:00:17,A10-0177/2025,,Sandro Gozi - § 4/4,326,272,29,39,10
180159,2025-10-22 14:00:27,A10-0177/2025,,Sandro Gozi - § 4/5,344,227,45,50,10
180160,2025-10-22 14:00:38,A10-0177/2025,,Sandro Gozi - § 4/6,462,162,18,24,10
180161,2025-10-22 14:00:51,A10-0177/2025,,Sandro Gozi - § 10,381,236,25,24,10
180163,2025-10-22,,,§ 11,,,,666,10
180164,2025-10-22,,,§ 11,,,,666,10
180165,2025-10-22 14:01:18,A10-0177/2025,,Sandro Gozi - § 12,334,286,21,25,10
180169,2025-10-22 14:01:39,A10-0177/2025,,Sandro Gozi - Après le § 23 - Am 1,263,349,12,42,10
180171,2025-10-22,,,§ 24,,,,666,10
180172,2025-10-22,,,§ 24,348,280,7,666,10
180173,2025-10-22 14:02:12,A10-0177/2025,,Sandro Gozi - Après le § 24 - Am 2,257,358,8,43,10
180175,2025-10-22,,,§ 25,,,,666,10
180176,2025-10-22,,,§ 25,,,,666,10
180177,2025-10-22,,,§ 30,291,334,14,666,10
180179,2025-10-22,,,Citation 7,,,,666,10
180180,2025-10-22,,,Citation 7,,,,666,10
180181,2025-10-22,,,Citation 9,346,286,9,666,10
180182,2025-10-22,,,Citation 12,234,401,8,666,10
180183,2025-10-22 14:03:51,A10-0177/2025,,Sandro Gozi - Considérant D,464,136,42,24,10
180185,2025-10-22,,,Recital L,,,,666,10
180186,2025-10-22,,,Recital L,,,,666,10
180187,2025-10-22,,,Recital L,,,,666,10
180188,2025-10-22,,,Recital L,,,,666,10
180189,2025-10-22,,,Recital L,,,,666,10
180190,2025-10-22,,,Recital L,,,,666,10
180192,2025-10-22,,,Recital S,,,,666,10
180193,2025-10-22,,,Recital S,,,,666,10
180194,2025-10-22,,,Recital T,343,285,12,666,10
180195,2025-10-22 14:04:57,A10-0177/2025,,Sandro Gozi - Proposition de résolution (ensemble du texte),310,277,53,26,10
180202,2025-10-21,,,Adopted without vote,,,,653,13
180203,2025-10-21,,,Approval without vote,,,,653,13
180204,2025-10-21,,,Approval without vote,,,,653,13
180205,2025-10-22 13:38:47,A10-0192/2025,,"Andrzej Halicki, Matjaž Nemec - Après le § 43 - Am 35",194,435,9,28,10
180206,2025-10-22 13:38:56,A10-0192/2025,,"Andrzej Halicki, Matjaž Nemec - Après le § 43 - Am 36",185,435,22,24,10
180207,2025-10-22 13:50:25,A10-0192/2025,,"Andrzej Halicki, Matjaž Nemec - § 79, après le point l - Am 177",285,306,52,23,10
180208,2025-10-22 13:50:38,A10-0192/2025,,"Andrzej Halicki, Matjaž Nemec - § 79, après le point l - Am 178",249,275,127,15,10
180214,2025-10-22,,,After § 2,,,,666,10
180216,2025-10-22,,,After § 3,,,,666,10
180218,2025-10-22,,,§ 16,,,,666,10
180220,2025-10-22,,,After recital E,,,,666,10
180221,2025-10-22,,,After recital R,258,84,277,666,10
180222,2025-10-22,,,After recital R,281,85,239,666,10
180223,2025-10-22,,,After recital T,,,,666,10
180226,2025-10-22,B10-0459/2025,,B10-0459/2025,,,,666,10
180227,2025-10-22,B10-0461/2025,,B10-0461/2025,,,,666,10
180228,2025-10-22,B10-0462/2025,,B10-0462/2025,,,,666,10
180229,2025-10-22,B10-0463/2025,,B10-0463/2025,,,,666,10
180230,2025-10-22,B10-0465/2025,,B10-0465/2025,,,,666,10
180231,2025-10-22,B10-0466/2025,,B10-0466/2025,,,,666,10
180232,2025-10-22,B10-0467/2025,,B10-0467/2025,,,,666,10
180233,2025-10-22,B10-0468/2025,,B10-0468/2025,,,,666,10
180234,2025-10-22 13:43:43,A10-0192/2025,,"Andrzej Halicki, Matjaž Nemec - § 56",532,84,20,30,10
180235,2025-10-22 13:46:52,A10-0192/2025,,"Andrzej Halicki, Matjaž Nemec - § 67/1",501,143,5,17,10
180236,2025-10-22 13:47:02,A10-0192/2025,,"Andrzej Halicki, Matjaž Nemec - § 67/2",417,211,11,27,10
180238,2025-10-22 14:05:31,RC-B10-0459/2025,,Après le § 2 - Am 5,312,281,43,30,10
180239,2025-10-22 14:05:50,RC-B10-0459/2025,,§ 12 - Am 10,548,14,57,47,10
180240,2025-10-22,,,§ 17,,,,666,10
180241,2025-10-22 14:06:15,RC-B10-0459/2025,,Après le § 18 - Am 7,111,213,311,31,10
180243,2025-10-22,,,§ 24,,,,666,10
180244,2025-10-22,,,§ 24,,,,666,10
180245,2025-10-22 14:07:22,RC-B10-0459/2025,,Proposition de résolution (ensemble du texte),457,103,72,34,10
180250,2025-10-23 12:04:28,B10-0456/2025,,Proposition de résolution,124,401,41,28,13
180251,2025-10-23 12:18:49,B10-0445/2025,,Après le § 1 - Am 2,204,360,10,20,13
180252,2025-10-23 12:19:02,B10-0445/2025,,§ 3,383,170,18,23,13
180253,2025-10-23 12:19:21,B10-0445/2025,,§ 9,385,178,7,24,13
180254,2025-10-23 12:19:52,B10-0445/2025,,§ 16 - Am 5,181,380,10,23,13
180255,2025-10-23 12:20:11,B10-0445/2025,,§ 36 - Am 1,224,335,12,23,13
180256,2025-10-23 12:20:32,B10-0445/2025,,§ 38 - Am 3,210,357,5,22,13
180257,2025-10-23 12:20:49,B10-0445/2025,,§ 38,346,204,15,29,13
180258,2025-10-23 12:21:00,B10-0445/2025,,Après le § 39 - Am 6,170,398,5,21,13
180259,2025-10-23 12:21:11,B10-0445/2025,,Après le § 45 - Am 7,156,404,10,24,13
180260,2025-10-23 12:21:31,B10-0445/2025,,§ 78 - Am 8,211,360,3,20,13
180262,2025-10-23 12:21:43,B10-0445/2025,,§ 78/1,387,172,10,25,13
180263,2025-10-23 12:21:57,B10-0445/2025,,§ 78/2,337,218,18,21,13
180265,2025-10-23 12:22:13,B10-0445/2025,,Après le § 78 - Am 9/1,204,354,13,23,13
180266,2025-10-23 12:22:26,B10-0445/2025,,Après le § 78 - Am 9/2,200,353,19,22,13
180267,2025-10-23 12:22:38,B10-0445/2025,,Après le § 78 - Am 9/3,195,354,23,22,13
180268,2025-10-23 12:22:50,B10-0445/2025,,Après le § 78 - Am 10,175,366,33,20,13
180269,2025-10-23,,,§ 82,,,,594,13
180270,2025-10-23 12:23:16,B10-0445/2025,,Après le § 83 - Am 11,162,367,32,33,13
180271,2025-10-23 12:23:34,B10-0445/2025,,§ 85,357,200,15,22,13
180273,2025-10-23,,,§ 91,260,312,1,594,13
180274,2025-10-23,,,§ 91,,,,594,13
180275,2025-10-23,,,§ 91,,,,594,13
180276,2025-10-23 12:24:51,B10-0445/2025,,§ 111,375,97,101,21,13
180277,2025-10-23 12:25:21,B10-0445/2025,,§ 121,362,188,21,23,13
180278,2025-10-23 12:25:34,B10-0445/2025,,Après le § 127 - Am 12,198,361,11,24,13
180280,2025-10-23 12:26:57,B10-0450/2025,,§ 54/1,456,68,44,26,13
180281,2025-10-23 12:27:08,B10-0450/2025,,§ 54/2,374,122,68,30,13
180282,2025-10-23 12:27:21,B10-0450/2025,,§ 55,378,127,63,26,13
180283,2025-10-23 12:27:32,B10-0450/2025,,§ 57 - Am 1,172,368,23,31,13
180285,2025-10-23 12:27:46,B10-0450/2025,,§ 67/1,473,51,43,27,13
180286,2025-10-23 12:27:59,B10-0450/2025,,§ 67/2,363,173,28,30,13
180288,2025-10-23 12:28:16,B10-0450/2025,,§ 71/1,439,100,29,26,13
180289,2025-10-23 12:28:26,B10-0450/2025,,§ 71/2,374,149,34,37,13
180290,2025-10-23 12:04:59,B10-0457/2025,,Proposition de résolution,180,373,20,21,13
180291,2025-10-23 12:05:16,B10-0464/2025,,Proposition de résolution,175,374,25,20,13
180297,2025-10-23,,,After § 9,,,,594,13
180300,2025-10-23,,,After § 14,,,,594,13
180301,2025-10-23,,,After § 14,,,,594,13
180310,2025-10-23,,,§ 30,394,173,10,594,13
180311,2025-10-23,,,Recital K,,,,594,13
180313,2025-10-23,,,After recital P,,,,594,13
180316,2025-10-23,B10-0470/2025,,B10-0470/2025,,,,594,13
180317,2025-10-23,B10-0471/2025,,B10-0471/2025,,,,594,13
180318,2025-10-23,B10-0472/2025,,B10-0472/2025,,,,594,13
180319,2025-10-23,B10-0473/2025,,B10-0473/2025,,,,594,13
180320,2025-10-23,B10-0474/2025,,B10-0474/2025,,,,594,13
180321,2025-10-23,B10-0475/2025,,B10-0475/2025,,,,594,13
180322,2025-10-23,B10-0476/2025,,B10-0476/2025,,,,594,13
180323,2025-10-23,B10-0477/2025,,B10-0477/2025,,,,594,13
180328,2025-10-22,,,Decision to enter interinstitutional negotiations,309,318,34,666,10
180329,2025-10-22,,,6 6 10,,,,666,10
180330,2025-10-22,,,Block 1,,,,666,10
180331,2025-10-22,,,01 02 02 10,,,,666,10
180332,2025-10-22,,,01 02 02 10,,,,666,10
180333,2025-10-22,,,01 02 02 11,,,,666,10
180334,2025-10-22,,,01 02 02 20,,,,666,10
180335,2025-10-22,,,01 02 02 20,,,,666,10
180336,2025-10-22,,,01 02 02 50,,,,666,10
180337,2025-10-22,,,01 02 02 50,,,,666,10
180338,2025-10-22,,,01 02 04 01,,,,666,10
180339,2025-10-22 13:07:21,Projet de budget général de l'Union européenne pour l'exercice 2026,,toutes sections-05 03 01-Am 359,105,471,72,18,10
180340,2025-10-22 13:07:37,Projet de budget général de l'Union européenne pour l'exercice 2026,,toutes sections-07 02 01-Am 360,83,504,63,16,10
180341,2025-10-22,,,Block 2,,,,666,10
180342,2025-10-22,,,05 01 03,,,,666,10
180343,2025-10-22,,,05 04 01,,,,666,10
180344,2025-10-22,,,05 04 01,,,,666,10
180345,2025-10-22,,,06 06 01,,,,666,10
180346,2025-10-22,,,06 06 01,,,,666,10
180347,2025-10-22,,,07 01 03 01,,,,666,10
180348,2025-10-22,,,07 01 03 01,,,,666,10
180349,2025-10-22,,,07 01 03 75,,,,666,10
180350,2025-10-22,,,07 01 05 01,,,,666,10
180351,2025-10-22,,,07 01 05 75,,,,666,10
180352,2025-10-22 13:08:26,Projet de budget général de l'Union européenne pour l'exercice 2026,,toutes sections-07 02 15-Am 389,89,510,56,11,10
180353,2025-10-22 13:08:37,Projet de budget général de l'Union européenne pour l'exercice 2026,,toutes sections-07 02 16-Am 390,115,422,116,13,10
180354,2025-10-22,,,07 03 01 01,,,,666,10
180355,2025-10-22 13:08:51,Projet de budget général de l'Union européenne pour l'exercice 2026,,toutes sections-07 03 01 01-Am 655/2,452,187,13,14,10
180356,2025-10-22,,,07 05 02,,,,666,10
180357,2025-10-22,,,07 05 02,,,,666,10
180358,2025-10-22,,,07 06 02,,,,666,10
180359,2025-10-22,,,07 06 02,,,,666,10
180360,2025-10-22,,,07 06 04,,,,666,10
180361,2025-10-22,,,07 06 04,,,,666,10
180362,2025-10-22,,,07 06 04,,,,666,10
180363,2025-10-22,,,07 10 04,,,,666,10
180364,2025-10-22,,,07 10 05,,,,666,10
180365,2025-10-22,,,07 10 05,,,,666,10
180366,2025-10-22,,,07 10 08,,,,666,10
180367,2025-10-22,,,07 10 08,,,,666,10
180368,2025-10-22,,,07 20 04 01,,,,666,10
180369,2025-10-22,,,07 20 04 01,,,,666,10
180370,2025-10-22,,,07 20 04 01,,,,666,10
180371,2025-10-22,,,07 20 04 02,,,,666,10
180372,2025-10-22,,,07 20 04 02,,,,666,10
180373,2025-10-22,,,07 20 04 02,,,,666,10
180374,2025-10-22,,,07 20 04 03,,,,666,10
180375,2025-10-22,,,07 20 04 03,,,,666,10
180376,2025-10-22,,,07 20 04 04,,,,666,10
180377,2025-10-22,,,07 20 04 04,,,,666,10
180378,2025-10-22,,,07 20 04 05,,,,666,10
180379,2025-10-22,,,07 20 04 06,,,,666,10
180380,2025-10-22,,,07 20 04 06,,,,666,10
180381,2025-10-22,,,07 20 04 09,,,,666,10
180382,2025-10-22,,,07 20 04 09,,,,666,10
180383,2025-10-22,,,Block 3,,,,666,10
180384,2025-10-22 13:10:19,Projet de budget général de l'Union européenne pour l'exercice 2026,,toutes sections-08 02 01-Am 482,169,461,20,16,10
180385,2025-10-22 13:10:31,Projet de budget général de l'Union européenne pour l'exercice 2026,,toutes sections-08 02 02 01-Am 483,158,469,14,25,10
180386,2025-10-22,,,08 02 02 01,,,,666,10
180387,2025-10-22 13:10:49,Projet de budget général de l'Union européenne pour l'exercice 2026,,toutes sections-08 02 02 02-Am 484,176,458,21,11,10
180388,2025-10-22 13:11:03,Projet de budget général de l'Union européenne pour l'exercice 2026,,toutes sections-08 02 02 02-Am 361,207,424,22,13,10
180389,2025-10-22,,,08 02 02 02,,,,666,10
180390,2025-10-22,,,08 02 02 03,,,,666,10
180391,2025-10-22,,,08 02 02 03,,,,666,10
180392,2025-10-22 13:11:30,Projet de budget général de l'Union européenne pour l'exercice 2026,,toutes sections-08 02 02 05-Am 487,151,481,16,18,10
180393,2025-10-22 13:11:43,Projet de budget général de l'Union européenne pour l'exercice 2026,,toutes sections-08 02 02 05-Am 362,203,431,18,14,10
180394,2025-10-22,,,08 02 03 01,,,,666,10
180395,2025-10-22,,,08 02 03 02,,,,666,10
180396,2025-10-22,,,08 02 04 03,,,,666,10
180397,2025-10-22,,,08 02 04 03,,,,666,10
180398,2025-10-22,,,08 02 04 03,,,,666,10
180399,2025-10-22 13:12:09,Projet de budget général de l'Union européenne pour l'exercice 2026,,toutes sections-08 02 05 01-Am 488,119,512,22,13,10
180400,2025-10-22,,,08 02 05 01,,,,666,10
180401,2025-10-22 13:12:27,Projet de budget général de l'Union européenne pour l'exercice 2026,,toutes sections-08 02 05 07-Am 489,184,454,17,11,10
180402,2025-10-22 13:12:38,Projet de budget général de l'Union européenne pour l'exercice 2026,,toutes sections-08 04 01-Am 363,150,453,45,18,10
180403,2025-10-22,,,09 02 01,,,,666,10
180404,2025-10-22,,,09 02 01,,,,666,10
180405,2025-10-22,,,09 02 04,,,,666,10
180406,2025-10-22,,,09 02 04,,,,666,10
180407,2025-10-22 13:13:08,Projet de budget général de l'Union européenne pour l'exercice 2026,,toutes sections-09 03 01-Am 393,101,478,76,11,10
180408,2025-10-22,,,Block 4,,,,666,10
180409,2025-10-22,,,10 01 01,,,,666,10
180410,2025-10-22,,,10 01 01,,,,666,10
180411,2025-10-22 13:13:29,Projet de budget général de l'Union européenne pour l'exercice 2026,,toutes sections-10 02 01-Am 667,477,139,34,16,10
180412,2025-10-22,,,10 02 01,,,,666,10
180413,2025-10-22,,,10 02 01,,,,666,10
180414,2025-10-22,,,10 02 01,,,,666,10
180415,2025-10-22,,,11 01 03,90,546,10,666,10
180416,2025-10-22 13:14:01,Projet de budget général de l'Union européenne pour l'exercice 2026,,toutes sections-11 01 03-Am 391,108,534,8,16,10
180417,2025-10-22,,,11 02 01,,,,666,10
180418,2025-10-22,,,11 02 01,,,,666,10
180419,2025-10-22,,,11 02 04,,,,666,10
180420,2025-10-22 13:14:23,Projet de budget général de l'Union européenne pour l'exercice 2026,,toutes sections-11 02 04-Am 490,193,455,0,18,10
180421,2025-10-22 13:14:37,Projet de budget général de l'Union européenne pour l'exercice 2026,,toutes sections-11 02 05-Am 492,201,448,3,14,10
180422,2025-10-22,,,11 10 01,,,,666,10
180423,2025-10-22,,,11 10 01,,,,666,10
180424,2025-10-22,,,11 10 01,,,,666,10
180425,2025-10-22,,,Block 5,,,,666,10
180426,2025-10-22,,,12 02 01,,,,666,10
180427,2025-10-22,,,12 02 01,,,,666,10
180428,2025-10-22 13:15:08,Projet de budget général de l'Union européenne pour l'exercice 2026,,toutes sections-12 02 01-Am 366,28,576,49,13,10
180429,2025-10-22 13:15:20,Projet de budget général de l'Union européenne pour l'exercice 2026,,toutes sections-12 02 04-Am 485,191,452,13,10,10
180430,2025-10-22 13:15:32,Projet de budget général de l'Union européenne pour l'exercice 2026,,toutes sections-12 02 05-Am 491,174,460,19,13,10
180431,2025-10-22,,,13 01 01,,,,666,10
180432,2025-10-22,,,13 01 02 01,,,,666,10
180433,2025-10-22,,,13 01 02 02,,,,666,10
180434,2025-10-22,,,13 01 02 03,,,,666,10
180435,2025-10-22,,,13 01 03 01,,,,666,10
180436,2025-10-22,,,13 01 04,,,,666,10
180437,2025-10-22,,,13 01 06,,,,666,10
180438,2025-10-22,,,13 02 01,,,,666,10
180439,2025-10-22,,,13 03 01,,,,666,10
180440,2025-10-22,,,13 04 01,,,,666,10
180441,2025-10-22,,,13 04 01,,,,666,10
180442,2025-10-22,,,13 06 01,,,,666,10
180443,2025-10-22,,,13 07 01,,,,666,10
180444,2025-10-22 13:16:33,Projet de budget général de l'Union européenne pour l'exercice 2026,,toutes sections-13 08 01-Am 386,76,562,17,11,10
180445,2025-10-22,,,Block 6,,,,666,10
180446,2025-10-22,,,14 02 01 10,,,,666,10
180447,2025-10-22,,,14 02 01 10,,,,666,10
180448,2025-10-22,,,14 02 01 10,,,,666,10
180449,2025-10-22,,,14 02 01 11,,,,666,10
180450,2025-10-22,,,14 02 01 32,,,,666,10
180451,2025-10-22,,,14 02 01 40,,,,666,10
180452,2025-10-22,,,14 02 01 41,,,,666,10
180453,2025-10-22,,,14 02 01 41,,,,666,10
180454,2025-10-22 13:17:17,Projet de budget général de l'Union européenne pour l'exercice 2026,,toutes sections-14 02 02 20-Am 481,145,503,7,11,10
180455,2025-10-22,,,14 02 02 20,,,,666,10
180456,2025-10-22,,,14 03 01,,,,666,10
180457,2025-10-22,,,14 03 01,,,,666,10
180458,2025-10-22 13:17:45,Projet de budget général de l'Union européenne pour l'exercice 2026,,toutes sections-14 04 03-Am 376,82,530,43,11,10
180459,2025-10-22 13:17:56,Projet de budget général de l'Union européenne pour l'exercice 2026,,toutes sections-14 20 03 06-Am 396,121,477,49,19,10
180460,2025-10-22,,,15 01 01 01,,,,666,10
180461,2025-10-22,,,15 01 01 01,,,,666,10
180462,2025-10-22,,,15 01 01 75,,,,666,10
180463,2025-10-22,,,15 02 01 01,,,,666,10
180464,2025-10-22,,,15 02 01 02,,,,666,10
180465,2025-10-22,,,15 02 02 01,,,,666,10
180466,2025-10-22,,,15 02 02 02,,,,666,10
180467,2025-10-22,,,15 02 02 03,,,,666,10
180468,2025-10-22,,,15 02 03,,,,666,10
180469,2025-10-22,,,Block 7,,,,666,10
180470,2025-10-22,,,20 01 02 01,,,,666,10
180471,2025-10-22,,,20 01 02 03,,,,666,10
180472,2025-10-22,,,20 01 02 04,,,,666,10
180473,2025-10-22,,,20 01 04,,,,666,10
180474,2025-10-22,,,20 02 01 01,,,,666,10
180475,2025-10-22,,,20 02 01 01,,,,666,10
180476,2025-10-22,,,20 02 05,,,,666,10
180477,2025-10-22,,,20 02 06 01,,,,666,10
180478,2025-10-22,,,20 02 06 02,,,,666,10
180479,2025-10-22,,,20 02 06 05,,,,666,10
180480,2025-10-22,,,20 02 07 01,,,,666,10
180481,2025-10-22,,,20 03 01 01,,,,666,10
180482,2025-10-22,,,20 03 01 02,,,,666,10
180483,2025-10-22,,,20 03 01 03,,,,666,10
180484,2025-10-22,,,20 03 02 01,,,,666,10
180485,2025-10-22,,,20 03 02 02,,,,666,10
180486,2025-10-22,,,20 03 04 01,,,,666,10
180487,2025-10-22,,,20 03 04 02,,,,666,10
180488,2025-10-22,,,20 03 05 01,,,,666,10
180489,2025-10-22,,,O3 01 02,,,,666,10
180490,2025-10-22 13:20:22,Projet de budget général de l'Union européenne pour l'exercice 2026,,toutes sections-1 0 0 6-Am 395,99,498,58,11,10
180491,2025-10-22 13:20:39,Projet de budget général de l'Union européenne pour l'exercice 2026,,toutes sections-1 0 0 6-Am 515,114,503,23,26,10
180492,2025-10-22,,,1 6 5 4,,,,666,10
180493,2025-10-22,,,2 0 0 7,,,,666,10
180494,2025-10-22,,,2 0 0 7,,,,666,10
180495,2025-10-22,,,2 0 2 2,,,,666,10
180496,2025-10-22,,,2 3 9,,,,666,10
180497,2025-10-22,,,3 2 3,,,,666,10
180498,2025-10-22 13:21:21,Projet de budget général de l'Union européenne pour l'exercice 2026,,toutes sections-3 2 4 3-Am 512,145,494,13,14,10
180499,2025-10-22,,,3 2 5,,,,666,10
180500,2025-10-22,,,1 1 1 0,,,,666,10
180501,2025-10-22,,,2 0 1 0,,,,666,10
180502,2025-10-22,,,2 2 0 0,,,,666,10
180503,2025-10-22,,,2 2 1 3,,,,666,10
180504,2025-10-22,,,Block 8,,,,666,10
180505,2025-10-22,,,Block 9,,,,666,10
180506,2025-10-22,,,Block 10,,,,666,10
180507,2025-10-22,,,1 0 0 4,,,,666,10
180508,2025-10-22,,,1 2 0 0,,,,666,10
180509,2025-10-22,,,1 2 0 0,,,,666,10
180510,2025-10-22,,,Block 11,,,,666,10
180511,2025-10-22,,,1 4 0 0,,,,666,10
180512,2025-10-22,,,Block 12,,,,666,10
180513,2025-10-22,,,Block 13,,,,666,10
180514,2025-10-22,,,Block 14,,,,666,10
180515,2025-10-22,,,Block 15,,,,666,10
180519,2025-10-23 12:03:59,EP error,,Proposition de la Commission,441,108,11,34,13
180520,2025-10-23 12:08:06,A10-0204/2025,,Martin Hojsík - Proposition de rejet - Am 1= 2= 3=,220,341,10,23,13
180521,2025-10-23 12:03:44,Proposition de rejet,,Am 1,93,431,7,63,13
180522,2025-10-23,,,§ 4,,,,594,13
180523,2025-10-23 12:09:17,RC-B10-0471/2025,,Après le § 7 - Am 2,179,354,39,22,13
180524,2025-10-23 12:09:29,RC-B10-0471/2025,,Après le § 8 - Am 3,133,400,43,18,13
180525,2025-10-23 12:09:41,RC-B10-0471/2025,,Après le § 9 - Am 16,121,335,110,28,13
180527,2025-10-23,,,§ 12,,,,594,13
180528,2025-10-23,,,§ 12,,,,594,13
180530,2025-10-23 12:10:17,RC-B10-0471/2025,,Après le § 12 - Am 13/1,312,246,14,22,13
180531,2025-10-23 12:10:31,RC-B10-0471/2025,,Après le § 12 - Am 13/2,216,341,15,22,13
180532,2025-10-23 12:10:43,RC-B10-0471/2025,,Après le § 12 - Am 14,307,251,12,24,13
180534,2025-10-23 12:11:00,RC-B10-0471/2025,,§ 14/1,490,30,56,18,13
180535,2025-10-23 12:11:11,RC-B10-0471/2025,,§ 14/2,378,166,26,24,13
180537,2025-10-23,,,§ 16,,,,594,13
180538,2025-10-23,,,§ 16,,,,594,13
180539,2025-10-23 12:11:44,RC-B10-0471/2025,,§ 16/3,391,175,13,15,13
180540,2025-10-23,,,§ 16,,,,594,13
180541,2025-10-23 12:11:58,RC-B10-0471/2025,,§ 17 - Am 5,190,380,5,19,13
180543,2025-10-23,,,§ 17,,,,594,13
180544,2025-10-23,,,§ 17,,,,594,13
180545,2025-10-23 12:12:25,RC-B10-0471/2025,,Après le § 18 - Am 11,179,395,3,17,13
180547,2025-10-23,,,§ 20,,,,594,13
180548,2025-10-23,,,§ 20,,,,594,13
180549,2025-10-23,,,§ 20,,,,594,13
180550,2025-10-23,,,§ 20,,,,594,13
180552,2025-10-23,,,§ 21,,,,594,13
180553,2025-10-23,,,§ 21,,,,594,13
180554,2025-10-23,,,§ 21,,,,594,13
180555,2025-10-23,,,§ 21,,,,594,13
180556,2025-10-23,,,§ 21,,,,594,13
180557,2025-10-23,,,§ 21,,,,594,13
180558,2025-10-23,,,§ 21,,,,594,13
180559,2025-10-23,,,§ 21,,,,594,13
180560,2025-10-23 12:13:25,RC-B10-0471/2025,,§ 23 - Am 10,331,221,16,26,13
180561,2025-10-23,,,§ 23,,,,594,13
180563,2025-10-23,,,§ 23,,,,594,13
180564,2025-10-23,,,§ 23,,,,594,13
180565,2025-10-23,,,§ 23,,,,594,13
180566,2025-10-23,,,§ 23,,,,594,13
180567,2025-10-23,,,§ 23,,,,594,13
180568,2025-10-23,,,§ 23,,,,594,13
180569,2025-10-23 12:13:52,RC-B10-0471/2025,,Après le § 23 - Am 4,178,379,20,17,13
180570,2025-10-23 12:14:05,RC-B10-0471/2025,,Après le § 23 - Am 12,191,378,4,21,13
180572,2025-10-23,,,§ 24,,,,594,13
180573,2025-10-23,,,§ 24,,,,594,13
180574,2025-10-23,,,§ 24,,,,594,13
180575,2025-10-23 12:14:35,RC-B10-0471/2025,,Après le § 24 - Am 15,329,215,10,40,13
180577,2025-10-23,,,§ 27,,,,594,13
180578,2025-10-23,,,§ 27,,,,594,13
180579,2025-10-23,,,§ 27,,,,594,13
180580,2025-10-23,,,§ 27,256,254,66,594,13
180582,2025-10-23,,,§ 28,,,,594,13
180583,2025-10-23,,,§ 28,258,308,10,594,13
180585,2025-10-23,,,Recital A,,,,594,13
180586,2025-10-23,,,Recital A,,,,594,13
180588,2025-10-23,,,Recital G,,,,594,13
180589,2025-10-23,,,Recital G,,,,594,13
180591,2025-10-23 12:17:02,RC-B10-0471/2025,,Considérant J/1,503,14,57,20,13
180592,2025-10-23 12:17:14,RC-B10-0471/2025,,Considérant J/2,422,54,95,23,13
180593,2025-10-23 12:17:43,RC-B10-0471/2025,,Considérant K - Am 7,325,230,21,18,13
180594,2025-10-23,,,Recital K,,,,594,13
180596,2025-10-23,,,Recital N,,,,594,13
180597,2025-10-23,,,Recital N,,,,594,13
180598,2025-10-23 12:18:23,RC-B10-0471/2025,,Proposition de résolution (ensemble du texte),367,98,113,16,13
180599,2025-10-23 12:12:54,RC-B10-0471/2025,,§ 21 - Am 9,286,262,24,22,13
180605,2025-10-23,,,Approval without vote,,,,594,13
180621,2025-11-13 11:55:08,A10-0187/2025,,Svenja Hahn - Projet de décision du Conseil,515,93,33,0,10
180622,2025-11-13 11:55:30,A10-0190/2025,,Svenja Hahn - Proposition de résolution,572,18,41,0,10
180623,2025-11-13 12:00:08,A10-0198/2025,,Kinga Kollár - Proposition de décision du Conseil,610,26,1,0,10
180624,2025-11-13 11:59:48,A10-0199/2025,,Kinga Kollár - Proposition de décision du Conseil,605,29,0,0,10
180625,2025-11-13 12:00:32,A10-0200/2025,,Kinga Kollár - Proposition de décision du Conseil,606,26,1,0,10
180626,2025-11-13 12:00:56,A10-0201/2025,,Kinga Kollár - Proposition de décision du Conseil,611,26,1,0,10
180627,2025-11-13 12:01:15,A10-0202/2025,,Kinga Kollár - Proposition de décision du Conseil,605,26,2,0,10
180628,2025-11-13,,,Nomination of Nikolaos Milionis,523,41,64,613,10
180629,2025-11-13,,,Nomination of Pierre Moscovici,419,192,21,613,10
180630,2025-11-13,,,§ 4,,,,613,10
180631,2025-11-13,,,After § 4,,,,613,10
180632,2025-11-13,,,§ 5,,,,613,10
180633,2025-11-13 12:04:07,A10-0215/2025,,Sandra Gómez López - Proposition de résolution (ensemble du texte),622,10,3,0,10
180636,2025-11-13,,,Amendments by the committee responsible – put to the vote collectively,373,170,90,613,10
180640,2025-11-13,,,Article 42 – § 2 – point b,,,,613,10
180642,2025-11-13,,,Article 45,,,,613,10
180644,2025-11-13,,,After Article 45,,,,613,10
180645,2025-11-13,,,After Article 45,,,,613,10
180646,2025-11-13,,,After Article 45,,,,613,10
180647,2025-11-13,,,After Article 45,,,,613,10
180648,2025-11-13,,,After Article 45,,,,613,10
180649,2025-11-13,,,After Article 45,,,,613,10
180650,2025-11-13,,,After Article 45,,,,613,10
180653,2025-11-13,,,Article 72 – § 1,,,,613,10
180661,2025-11-13,,,After recital 7,,,,613,10
180663,2025-11-13 11:59:28,A10-0194/2025,,Evelyn Regner - Proposition de la Commission,370,160,107,0,10
180669,2025-11-13,,,Article 1 – § 1 – point 1; Article 26a – paragraph 3,,,,613,10
180671,2025-11-13,,,Article 1 – § 1 – point 2; Article 48a,,,,613,10
180673,2025-11-13,,,Article 2 – § 1 – point 1 – point a; Article 1 – paragraph 3 – introductory part,,,,613,10
180677,2025-11-13,,,Article 2 – § 1 – point 1 – point a; Article 1 – paragraph 3 – introductory part,,,,613,10
180678,2025-11-13,,,Article 2 – § 1 – point 1 – point b; Article 1 – paragraph 4,,,,613,10
180682,2025-11-13,,,Article 2 – § 1 – after point 1; Article 19 – paragraph 1 – § 4,,,,613,10
180683,2025-11-13,,,Article 2 – § 1 – point 2; Article 19a,,,,613,10
180685,2025-11-13,,,Article 2 – § 1 – point 2 – point a; Article 19a – paragraph 1 – § 1,,,,613,10
180689,2025-11-13,,,Article 2 – § 1 – point 2 – point a; Article 19a – paragraph 1 – § 1,,,,613,10
180693,2025-11-13,,,Article 2 – § 1 – point 2 – point b – point i; Article 19a – paragraph 3 – § 1,,,,613,10
180697,2025-11-13,,,Article 2 – § 1 – point 2 – point b – point i; Article 19a – paragraph 3 – § 1,,,,613,10
180701,2025-11-13,,,Article 2 – § 1 – point 2 – point b – point i; Article 19a – paragraph 3 – § 4a,,,,613,10
180702,2025-11-13,,,Article 2 – § 1 – point 2 – point c; Article 19a – paragraphs 6 and 7,,,,613,10
180704,2025-11-13,,,Article 2 – § 1 – point 4; Article 29a,,,,613,10
180706,2025-11-13,,,Article 2 – § 1 – point 4 – point a; Article 29a – paragraph 1 – § 1,,,,613,10
180710,2025-11-13,,,Article 2 – § 1 – point 4 – point a; Article 29a – paragraph 1 – § 1,,,,613,10
180712,2025-11-13,,,Article 2 – § 1 – point 4 – point b – point i; Article 29a – paragraph 3 – § 1,,,,613,10
180716,2025-11-13,,,Article 2 – § 1 – point 4 – point b – point i; Article 29a – paragraph 3 – § 1,,,,613,10
180720,2025-11-13,,,Article 2 – § 1 – point 4 – point b – point ii; Article 29a – paragraph 3 – after § 4,,,,613,10
180721,2025-11-13,,,Article 2 – § 1 – point 4 – after point b; Article 29a – paragraph 8 – § 1,,,,613,10
180722,2025-11-13,,,Article 2 – § 1 – point 4 – after point b; Article 29a – paragraph 8 – § 1,,,,613,10
180724,2025-11-13,,,Article 2 – § 1 – point 6 – point a; Article 29b,,,,613,10
180725,2025-11-13,,,Article 2 – § 1 – point 6 – point a; Article 29b,,,,613,10
180726,2025-11-13,,,Article 2 – § 1 – point 6 – point b – introductory part; Article 29b – paragraph 4 – § 1,,,,613,10
180730,2025-11-13,,,Article 2 – § 1 – point 6 – point b – introductory part; Article 29b – paragraph 4 – § 1,,,,613,10
180731,2025-11-13,,,Article 2 – § 1 – point 7; Article 29c,,,,613,10
180732,2025-11-13,,,Article 2 – § 1 – point 8; Article 29ca,,,,613,10
180734,2025-11-13,,,Article 2 – § 1 – point 9; Article 29d(1) and (2),,,,613,10
180735,2025-11-13,,,Article 2 – § 1 – point 10; Article 33,,,,613,10
180736,2025-11-13,,,Article 2 – § 1 – point 10; Article 33 – § 2,,,,613,10
180738,2025-11-13,,,Article 2 – § 1 – point 11; Article 34,,,,613,10
180739,2025-11-13,,,Article 2 – § 1 – point 11 – point a; Article 34 – paragraph 1 – point aa,,,,613,10
180740,2025-11-13,,,Article 2 – § 1 – point 11 – point b; Article 34 – paragraph 1 – point aa,,,,613,10
180744,2025-11-13,,,Article 2 – § 1 – point 11 – point b; Article 34 – paragraph 1 – point aa,,,,613,10
180745,2025-11-13,,,Article 2 – § 1 – point 11 – after point b; Article 34 – paragraph 2b,,,,613,10
180746,2025-11-13,,,Article 2 – § 1 – point 12; Article 40a – paragraph 1,,,,613,10
180747,2025-11-13,,,Article 2 – § 1 – point 12 – before point a; Article 40a,,,,613,10
180748,2025-11-13,,,Article 2 – § 1 – point 12 – introductory part; Article 40a,77,560,7,613,10
180749,2025-11-13,,,Article 2 – § 1 – point 12 – point a; Article 40a – paragraph 1 – § 2,,,,613,10
180752,2025-11-13,,,Article 2 – § 1 – point 12 – point b; Article 40a – paragraph 1 – § 4 and 5,,,,613,10
180753,2025-11-13,,,Article 2 – § 1 – point 12 – point b; Article 40a – paragraph 1 – § 4,,,,613,10
180754,2025-11-13,,,Article 2 – § 1 – point 12 – point b; Article 40a – paragraph 1 – § 4,,,,613,10
180755,2025-11-13,,,Article 2 – § 1 – point 12 – point b; Article 40a – paragraph 1 – § 5,,,,613,10
180756,2025-11-13,,,Article 2 – paragraph 1 – point 13; Article 49 – paragraphs 3c to 3e and paragraph 5,,,,613,10
180758,2025-11-13,,,Article 2 – § 1 – point 13 – point b; Article 49 – paragraph 5,,,,613,10
180759,2025-11-13,,,Article 2 – § 1 – point 13 – point b; Article 49 – paragraph 5,,,,613,10
180761,2025-11-13,,,Article 3; Article 5 – paragraph 2,,,,613,10
180765,2025-11-13,,,Article 3 – § 1 – point 1 – point b – point i; Article 5 – point 2 – point b – point i,,,,613,10
180766,2025-11-13,,,Article 3 – § 1 – point 1 – point b – point i; Article 5 – point 2 – point b – point i,,,,613,10
180770,2025-11-13,,,Article 3 – § 1 – point 1 – point b – point ii; Article 5 – paragraph 2 – point b – point ii,,,,613,10
180771,2025-11-13,,,Article 3 – § 1 – point 1 – point b – point ii; Article 5 – paragraph 2 – point b – point ii,,,,613,10
180772,2025-11-13,,,Article 3 – § 1 – point 2 – point b – point i; Article 5 – paragraph 2 – § 3 – point b – point i,,,,613,10
180777,2025-11-13,,,Article 3 – § 1 – point 2 – point b – point i; Article 5 – paragraph 2 – § 3 – point b – point i,,,,613,10
180778,2025-11-13,,,Article 3 – § 1 – point 2 – point b – point ii; Article 5 – paragraph 2 – § 3 – point b – point ii,,,,613,10
180783,2025-11-13,,,Article 3 – § 1 – point 2 – point b – point ii; Article 5 – paragraph 2 – § 3 – point b – point ii,,,,613,10
180784,2025-11-13,,,Article 3 – § 1 – point 1 – point c; Article 5 – paragraph 2 – point c,,,,613,10
180792,2025-11-13,,,Article 4 – § 1 – point 1; Article 1 – paragraph 1 – point c,,,,613,10
180798,2025-11-13,,,Article 4 – § 1 – after point 1; Article 2 – paragraph 3 – § 1,,,,613,10
180804,2025-11-13,,,Article 4 – § 1 – point 2; Article 3 – paragraph 1 – point n,,,,613,10
180807,2025-11-13,,,Article 4 – § 1 – point 3; Article 4 – paragraph 1,,,,613,10
180808,2025-11-13,,,Article 4 – § 1 – point 3; Article 4 – paragraph 1,,,,613,10
180811,2025-11-13,,,Article 4 – § 1 – point 3; Article 4 – paragraph 2,,,,613,10
180813,2025-11-13,,,Article 4 – § 1 – after point 3; Article 6 – paragraph 1,,,,613,10
180814,2025-11-13,,,Article 4 – § 1 – after point 3; Article 6 – paragraph 3,,,,613,10
180815,2025-11-13,,,Article 4 – § 1 – after point 3; Article 6 – paragraph 3,,,,613,10
180824,2025-11-13,,,Article 4 – § 1 – point 4 – point c; Article 8 – paragraph 4,,,,613,10
180827,2025-11-13,,,Article 4 – § 1 – point 4 – point d; Article 8 – paragraph 5,,,,613,10
180828,2025-11-13,,,Article 4 – § 1 – point 4 – point d; Article 8 – paragraph 5,,,,613,10
180837,2025-11-13,,,Article 4 – § 1 – point 5; Article 10 – paragraph 6 – § 2,,,,613,10
180842,2025-11-13,,,Article 4 – § 1 – point 5; Article 10 – paragraph 6 – § 4,,,,613,10
180847,2025-11-13,,,Article 4 – § 1 – point 6; Article 11 – paragraph 7 – § 1 – introductory part,,,,613,10
180852,2025-11-13,,,Article 4 – § 1 – point 6; Article 11 – paragraph 7 – § 1 – point c,,,,613,10
180854,2025-11-13,,,Article 4 – § 1 – point 6; Article 11 – paragraph 7 – § 2,,,,613,10
180858,2025-11-13,,,Article 4 – § 1 – point 6; Article 11 – paragraph 7 – § 4,,,,613,10
180859,2025-11-13,,,Article 4 – § 1 – point 6; Article 11 – paragraph 7 – § 4,,,,613,10
180863,2025-11-13,,,Article 4 – § 1 – point 7; Article 13,,,,613,10
180868,2025-11-13,,,Article 4 – § 1 – point 8; Article 15 – second sentence,,,,613,10
180879,2025-11-13,,,Article 4 – § 1 – point 10 – introductory part; Article 22 – paragraph 1 – § 1,,,,613,10
180894,2025-11-13,,,Article 4 – § 1 – point 12 – point a; Article 29 – paragraph 1,235,404,3,613,10
180897,2025-11-13,,,Article 4 – § 1 – point 12 – point d; Article 29 – paragraph 4,,,,613,10
180908,2025-11-13,,,Recital 5,,,,613,10
180909,2025-11-13,,,Recital 5,,,,613,10
180912,2025-11-13,,,Recital 7,,,,613,10
180913,2025-11-13,,,Recital 7,,,,613,10
180916,2025-11-13,,,Recital 9,,,,613,10
180917,2025-11-13,,,Recital 9,,,,613,10
180919,2025-11-13,,,Recital 12,,,,613,10
180920,2025-11-13,,,Recital 12,,,,613,10
180923,2025-11-13,,,Recital 14,,,,613,10
180924,2025-11-13,,,Recital 14,,,,613,10
180925,2025-11-13,,,After recital 14,256,345,27,613,10
180926,2025-11-13,,,Recital 17,,,,613,10
180927,2025-11-13,,,Recital 17,331,284,26,613,10
180930,2025-11-13,,,Recital 18,,,,613,10
180931,2025-11-13,,,Recital 18,,,,613,10
180934,2025-11-13,,,Recital 19,,,,613,10
180935,2025-11-13,,,Recital 19,,,,613,10
180936,2025-11-13,,,Recital 22,,,,613,10
180937,2025-11-13,,,Recital 22,,,,613,10
180939,2025-11-13,,,Recital 23,,,,613,10
180940,2025-11-13,,,Recital 24,,,,613,10
180941,2025-11-13,,,Recital 24,,,,613,10
180944,2025-11-13,,,Recital 26,,,,613,10
180945,2025-11-13,,,Recital 27,,,,613,10
180948,2025-11-13 11:50:11,A10-0197/2025,,Jörgen Warborn - Proposition de la Commission,382,249,13,0,10
180952,2025-11-13,,,Recital B,318,274,47,613,10
180953,2025-11-13 10:49:46,A10-0206/2025,,Chloé Ridel - Proposition de résolution (ensemble du texte),512,76,52,0,10
180954,2025-11-13 11:06:48,A10-0205/2025,,Michal Wiezik - Proposition de la Commission et amendements,454,172,19,0,10
180955,2025-11-13,,,Request for referral back (Rule 60(4)),,,,613,10
180956,2025-11-13,,,Requests for an urgent decision,,,,613,10
180960,2025-11-13 11:56:07,A10-0194/2025,,"Evelyn Regner - Article 2, § 1, point a - Am 89",51,509,60,0,10
180961,2025-11-13 11:56:21,A10-0194/2025,,"Evelyn Regner - Article 15, § 1 - Am 90S",48,521,65,0,10
180962,2025-11-13 11:56:32,A10-0194/2025,,"Evelyn Regner - Article 42, § 2, point b - Am 91S",54,511,64,0,10
180963,2025-11-13 11:56:47,A10-0194/2025,,Evelyn Regner - Article 45 - Am 92S,79,501,53,0,10
180964,2025-11-13 11:57:04,A10-0194/2025,,Evelyn Regner - Après l'article 45 - Am 93,92,496,46,0,10
180965,2025-11-13 11:57:39,A10-0194/2025,,Evelyn Regner - Article 47 - Am 101S,48,520,57,0,10
180966,2025-11-13 11:57:48,A10-0194/2025,,"Evelyn Regner - Article 72, § 1 - Am 102",56,486,82,0,10
180967,2025-11-13 11:58:03,A10-0194/2025,,Evelyn Regner - Après le considérant 1 - Am 82,94,503,36,0,10
180968,2025-11-13 11:58:13,A10-0194/2025,,Evelyn Regner - Après le considérant 1 - Am 83,113,493,9,0,10
180969,2025-11-13 11:58:23,A10-0194/2025,,Evelyn Regner - Considérant 2 - Am 84,123,476,27,0,10
180970,2025-11-13 11:58:34,A10-0194/2025,,Evelyn Regner - Après le considérant 3 - Am 103,185,433,14,0,10
180971,2025-11-13 11:58:44,A10-0194/2025,,Evelyn Regner - Considérant 6 - Am 85,49,506,60,0,10
180972,2025-11-13 11:58:53,A10-0194/2025,,Evelyn Regner - Après le considérant 7 - Am 86,97,486,42,0,10
180973,2025-11-13 11:59:04,A10-0194/2025,,Evelyn Regner - Après le considérant 7 - Am 87,58,475,97,0,10
180974,2025-11-13 11:59:16,A10-0194/2025,,Evelyn Regner - Considérant 18 - Am 104,171,431,18,0,10
180975,2025-11-13 11:51:52,A10-0188/2025,,Kris Van Dijck - Article 1 – alinéa 1 – avant le point 1 - Am 3,79,539,9,0,10
180976,2025-11-13 11:52:02,A10-0188/2025,,Kris Van Dijck - Article 1 – alinéa 1 – point 1 – après le sous-point b - Am 2,106,507,9,0,10
180977,2025-11-13 11:52:12,A10-0188/2025,,"Kris Van Dijck - Article 1, § 1, après le point 4 - Am 4",80,544,10,0,10
180978,2025-11-13 11:52:24,A10-0188/2025,,Kris Van Dijck - Après le considérant 5 - Am 1,73,548,11,0,10
180979,2025-11-13 11:52:35,A10-0188/2025,,Kris Van Dijck - Proposition de la Commission,543,72,22,0,10
180980,2025-11-13 11:53:00,B10-0479/2025,,Proposition de résolution,136,432,71,0,10
180983,2025-11-13 11:07:55,A10-0197/2025,,Jörgen Warborn - Proposition de rejet - Am 120,105,529,5,0,10
180984,2025-11-13,,,Amendments by the committee responsible – separate vote,,,,613,10
180985,2025-11-13,,,Amendments by the committee responsible – separate vote,,,,613,10
180986,2025-11-13,,,Amendments by the committee responsible – separate vote,331,221,93,613,10
180987,2025-11-13,,,Amendments by the committee responsible – separate vote,,,,613,10
180988,2025-11-13,,,Amendments by the committee responsible – separate vote,,,,613,10
180989,2025-11-13,,,Amendments by the committee responsible – separate vote,,,,613,10
180990,2025-11-13,,,Amendments by the committee responsible – separate vote,,,,613,10
180991,2025-11-13,,,Amendments by the committee responsible – separate vote,,,,613,10
180992,2025-11-13,,,Amendments by the committee responsible – separate vote,,,,613,10
180993,2025-11-13,,,Amendments by the committee responsible – separate vote,,,,613,10
180994,2025-11-13,,,Amendments by the committee responsible – separate vote,,,,613,10
180995,2025-11-13,,,Amendments by the committee responsible – separate vote,,,,613,10
180996,2025-11-13,,,Amendments by the committee responsible – separate vote,,,,613,10
180997,2025-11-13,,,Amendments by the committee responsible – separate vote,,,,613,10
180998,2025-11-13,,,Amendments by the committee responsible – separate vote,,,,613,10
180999,2025-11-13,,,Amendments by the committee responsible – separate vote,,,,613,10
181000,2025-11-13,,,Amendments by the committee responsible – separate vote,,,,613,10
181001,2025-11-13,,,Amendments by the committee responsible – separate vote,,,,613,10
181002,2025-11-13,,,Amendments by the committee responsible – separate vote,,,,613,10
181003,2025-11-13,,,Amendments by the committee responsible – separate vote,,,,613,10
181004,2025-11-13,,,Article 1 – § 1 – point 1; Article 26a – paragraph 3,,,,613,10
181005,2025-11-13,,,Article 1 – § 1 – point 1; Article 26a – paragraph 3,,,,613,10
181006,2025-11-13 11:10:17,A10-0197/2025,,Jörgen Warborn - Article 2 – alinéa 1 – point 1) a); Article 1 – paragraphe 3 – partie introductive - Am 353,186,459,2,0,10
181007,2025-11-13 11:10:32,A10-0197/2025,,Jörgen Warborn - Article 2 – alinéa 1 – point 1) a); Article 1 – paragraphe 3 – partie introductive - Am 230= 289=,365,276,6,0,10
181008,2025-11-13,,,Article 2 – paragraph 1 – point 1 – point a; Article 1 – paragraph 3 – introductory part,,,,613,10
181009,2025-11-13 11:10:56,A10-0197/2025,,Jörgen Warborn - Article 2 – alinéa 1 – après le point 1; Article 19 – paragraphe 1 – alinéa 4 - Am 354,186,455,3,0,10
181010,2025-11-13 11:11:11,A10-0197/2025,,Jörgen Warborn - Article 2 – alinéa 1 – après le point 1; Article 19 – paragraphe 1 – alinéa 4 - Am 231= 290=,362,278,6,0,10
181011,2025-11-13,,,Article 2 – § 1 – after point 1; Article 19 – paragraph 1 – § 4,,,,613,10
181012,2025-11-13 11:11:32,A10-0197/2025,,Jörgen Warborn - Article 2 – alinéa 1 – point 2; Article 19 bis - Am 35,567,72,8,0,10
181013,2025-11-13,,,Article 2 – § 1 – point 2; Article 19a,,,,613,10
181014,2025-11-13,,,Article 2 – § 1 – point 2; Article 19a,,,,613,10
181015,2025-11-13 11:11:58,A10-0197/2025,,Jörgen Warborn - Article 2 – alinéa 1 – point 2 – sous-point a; Article 19 bis – paragraphe 1 – alinéa 1 - Am 355,187,457,2,0,10
181016,2025-11-13 11:12:11,A10-0197/2025,,Jörgen Warborn - Article 2 – alinéa 1 – point 2 – sous-point a; Article 19 bis – paragraphe 1 – alinéa 1 - Am 232= 291=,366,273,6,0,10
181017,2025-11-13,,,Article 2 – § 1 – point 2 – point a; Article 19a – paragraph 1 – § 1,,,,613,10
181018,2025-11-13 11:12:28,A10-0197/2025,,Jörgen Warborn - Article 2 – alinéa 1 – point 2 – après le point a; Article 19 bis – paragraphe 2 – point a – point iii - Am 356,184,457,3,0,10
181019,2025-11-13 11:12:40,A10-0197/2025,,Jörgen Warborn - Article 2 – alinéa 1 – point 2 – après le point a; Article 19 bis – paragraphe 2 – point f – point ii - Am 357,184,454,3,0,10
181020,2025-11-13 11:12:54,A10-0197/2025,,Jörgen Warborn - Article 2 – alinéa 1 – point 2 – point b; Article 19 bis – paragraphe 3 - Am 358S,177,453,4,0,10
181021,2025-11-13 11:13:10,A10-0197/2025,,Jörgen Warborn - Article 2 – alinéa 1 – point 2 – point b – point i; Article 19 bis – paragraphe 3 – alinéa 1 - Am 359,185,457,3,0,10
181022,2025-11-13 11:13:23,A10-0197/2025,,Jörgen Warborn - Article 2 – alinéa 1 – point 2 – point b – point i; Article 19 bis – paragraphe 3 – alinéa 1 - Am 233= 292=,367,274,6,0,10
181023,2025-11-13,,,Article 2 – § 1 – point 2 – point b – point i; Article 19a – paragraph 3 – § 1,,,,613,10
181025,2025-11-13,,,Article 2 – § 1 – point 2 – point b – after point i; Article 19a – paragraph 3 – § 2,,,,613,10
181026,2025-11-13,,,Article 2 – § 1 – point 2 – point b – after point i; Article 19a – paragraph 3 – § 2,248,383,14,613,10
181027,2025-11-13,,,Article 2 – § 1 – point 2 – point b – after point i; Article 19a – paragraph 3 – § 2,,,,613,10
181028,2025-11-13 11:14:09,A10-0197/2025,,Jörgen Warborn - Article 2 – alinéa 1 – point 2 – sous-point b – sous-point ii; Article 19 bis – paragraphe 3 – alinéa 4 bis - Am 361S,184,461,2,0,10
181029,2025-11-13 11:14:35,A10-0197/2025,,Jörgen Warborn - Article 2 – alinéa 1 – point 3; Article 19 ter - Am 134S= 41S=,607,27,14,0,10
181030,2025-11-13,,,Article 2 – § 1 – point 4; Article 29a,,,,613,10
181031,2025-11-13,,,Article 2 – § 1 – point 4; Article 29a,,,,613,10
181032,2025-11-13,,,Article 2 – § 1 – point 4; Article 29a,,,,613,10
181033,2025-11-13 11:15:15,A10-0197/2025,,Jörgen Warborn - Article 2 – alinéa 1 – point 4 – sous-point a; Article 29 bis – paragraphe 1 – alinéa 1 - Am 362,186,459,2,0,10
181034,2025-11-13 11:15:29,A10-0197/2025,,Jörgen Warborn - Article 2 – alinéa 1 – point 4 – sous-point a; Article 29 bis – paragraphe 1 – alinéa 1 - Am 234= 293=,364,275,7,0,10
181035,2025-11-13,,,Article 2 – § 1 – point 4 – point a; Article 29a – paragraph 1 – § 1,,,,613,10
181036,2025-11-13 11:15:44,A10-0197/2025,,Jörgen Warborn - Article 2 – alinéa 1 – point 4 – après le point a; Article 29 bis – paragraphe 2 – point a – point iii - Am 363,186,454,4,0,10
181037,2025-11-13 11:16:02,A10-0197/2025,,Jörgen Warborn - Article 2 – alinéa 1 – point 4 – point b – point i; Article 29 bis – paragraphe 3 – alinéa 1 - Am 364,186,457,2,0,10
181038,2025-11-13 11:16:18,A10-0197/2025,,Jörgen Warborn - Article 2 – alinéa 1 – point 4 – point b – point i; Article 29 bis – paragraphe 3 – alinéa 1 - Am 235= 294=,367,274,6,0,10
181039,2025-11-13,,,Article 2 – § 1 – point 2 – point b – point i; Article 29a – paragraph 3 – § 1,,,,613,10
181041,2025-11-13 11:16:35,A10-0197/2025,,Jörgen Warborn - Article 2 – alinéa 1 – point 4 – sous-point b – après le sous-point i; Article 29 bis – paragraphe 3 – alinéa 2 - Am 45/1,496,138,13,0,10
181042,2025-11-13 11:16:46,A10-0197/2025,,Jörgen Warborn - Article 2 – alinéa 1 – point 4 – sous-point b – après le sous-point i; Article 29 bis – paragraphe 3 – alinéa 2 - Am 45/2,253,379,12,0,10
181043,2025-11-13,,,Article 2 – § 1 – point 4 – point b – after point i; Article 29a – paragraph 3 – § 2,,,,613,10
181044,2025-11-13 11:17:01,A10-0197/2025,,Jörgen Warborn - Article 2 – alinéa 1 – point 4 – sous-point b – sous-point ii; Article 29 bis – paragraphe 3 – après l'alinéa 4 - Am 365S,184,459,4,0,10
181045,2025-11-13 11:17:30,A10-0197/2025,,Jörgen Warborn - Article 2 – alinéa 1 – point 5; Article 29 bis bis - Am 50= 138S=,591,35,20,0,10
181046,2025-11-13 11:17:56,A10-0197/2025,,Jörgen Warborn - Article 2 – alinéa 1 – point 6 – point b – partie introductive; Article 29 ter – paragraphe 4 – alinéa 1 - Am 368,187,455,3,0,10
181047,2025-11-13 11:18:12,A10-0197/2025,,Jörgen Warborn - Article 2 – alinéa 1 – point 6 – point b – partie introductive; Article 29 ter – paragraphe 4 – alinéa 1 - Am 236= 295 & 296=,365,276,6,0,10
181048,2025-11-13,,,Article 2 – § 1 – point 6 – point b – introductory part; Article 29b – paragraph 4 – § 1,,,,613,10
181049,2025-11-13,,,Article 2 – § 1 – point 8; Article 29ca,,,,613,10
181050,2025-11-13,,,Article 2 – § 1 – point 8; Article 29ca,344,290,7,613,10
181051,2025-11-13,,,Article 2 – § 1 – point 8; Article 29ca,,,,613,10
181052,2025-11-13,,,Article 2 – § 1 – point 8; Article 29ca,435,201,9,613,10
181053,2025-11-13 11:19:40,A10-0197/2025,,Jörgen Warborn - Article 2 – alinéa 1 – point 10; Article 33 – alinéa 2  - Am 59,589,54,2,0,10
181054,2025-11-13 11:20:06,A10-0197/2025,,Jörgen Warborn - Article 2 – alinéa 1 – point 11 – sous-point b; Article 34 – paragraphe 1 – point a bis - Am 369,188,455,2,0,10
181055,2025-11-13 11:20:19,A10-0197/2025,,Jörgen Warborn - Article 2 – alinéa 1 – point 11 – sous-point b; Article 34 – paragraphe 1 – point a bis - Am 237= 297=,367,272,6,0,10
181056,2025-11-13,,,Article 2 – § 1 – point 11 – point b; Article 34 – paragraph 1 – point aa,,,,613,10
181057,2025-11-13 11:21:24,A10-0197/2025,,Jörgen Warborn - Article 2 – alinéa 1 – point 12 – sous-point a; Article 40 bis – paragraphe 1 – alinéa 2 - Am 370,184,454,3,0,10
181058,2025-11-13 11:21:35,A10-0197/2025,,Jörgen Warborn - Article 2 – alinéa 1 – point 12 – sous-point a; Article 40 bis – paragraphe 1 – alinéa 2 - Am 63,514,108,11,0,10
181059,2025-11-13,,,Article 2 – § 1 – point 13; Article 49 – paragraphs 3c to 3e and paragraph 5,,,,613,10
181060,2025-11-13,,,Article 2 – § 1 – point 13; Article 49 – paragraphs 3c to 3e and paragraph 5,,,,613,10
181061,2025-11-13,,,Article 2 – § 1 – point 13; Article 49 – paragraphs 3c to 3e and paragraph 5,,,,613,10
181062,2025-11-13,,,Article 2 – § 1 – point 13; Article 49 – paragraphs 3c to 3e and paragraph 5,,,,613,10
181063,2025-11-13 11:22:48,A10-0197/2025,,Jörgen Warborn - Article 3 – alinéa 1 – point 1 – sous-point b – sous-point i; Article 5 – point 2 – point b – sous-point i - Am 261,185,459,3,0,10
181064,2025-11-13 11:23:01,A10-0197/2025,,Jörgen Warborn - Article 3 – alinéa 1 – point 1 – sous-point b – sous-point i; Article 5 – point 2 – point b – sous-point i - Am 372,185,458,3,0,10
181065,2025-11-13 11:23:16,A10-0197/2025,,Jörgen Warborn - Article 3 – alinéa 1 – point 1 – sous-point b – sous-point i; Article 5 – point 2 – point b – sous-point i - Am 238= 298=,367,272,7,0,10
181066,2025-11-13 11:23:31,A10-0197/2025,,Jörgen Warborn - Article 3 – alinéa 1 – point 1 – sous-point b – sous-point ii; Article 5 – paragraphe 2 – point b – sous-point ii - Am 262,180,459,4,0,10
181067,2025-11-13 11:23:41,A10-0197/2025,,Jörgen Warborn - Article 3 – alinéa 1 – point 1 – sous-point b – sous-point ii; Article 5 – paragraphe 2 – point b – sous-point ii - Am 373,183,458,3,0,10
181068,2025-11-13 11:23:54,A10-0197/2025,,Jörgen Warborn - Article 3 – alinéa 1 – point 1 – sous-point b – sous-point ii; Article 5 – paragraphe 2 – point b – sous-point ii - Am 239= 299=,362,276,7,0,10
181069,2025-11-13 11:24:14,A10-0197/2025,,Jörgen Warborn - Article 3 – alinéa 1 – point 2 – sous-point b – sous-point i; Article 5 – paragraphe 2 – alinéa 3 – point b – sous-point i - Am 263,186,459,2,0,10
181070,2025-11-13 11:24:26,A10-0197/2025,,Jörgen Warborn - Article 3 – alinéa 1 – point 2 – sous-point b – sous-point i; Article 5 – paragraphe 2 – alinéa 3 – point b – sous-point i - Am 374,184,453,3,0,10
181071,2025-11-13 11:24:39,A10-0197/2025,,Jörgen Warborn - Article 3 – alinéa 1 – point 2 – sous-point b – sous-point i; Article 5 – paragraphe 2 – alinéa 3 – point b – sous-point i - Am 240= 300=,361,276,6,0,10
181072,2025-11-13,,,Article 3 – § 1 – point 2 – point b – point i; Article 5 – paragraph 2 – § 3 – point b – point i,,,,613,10
181073,2025-11-13 11:24:57,A10-0197/2025,,Jörgen Warborn - Article 3 – alinéa 1 – point 2 – sous-point b – sous-point ii; Article 5 – paragraphe 2 – alinéa 3 – point b – sous-point ii - Am 264,181,461,3,0,10
181074,2025-11-13 11:25:08,A10-0197/2025,,Jörgen Warborn - Article 3 – alinéa 1 – point 2 – sous-point b – sous-point ii; Article 5 – paragraphe 2 – alinéa 3 – point b – sous-point ii - Am 375,181,453,3,0,10
181075,2025-11-13 11:25:21,A10-0197/2025,,Jörgen Warborn - Article 3 – alinéa 1 – point 2 – sous-point b – sous-point ii; Article 5 – paragraphe 2 – alinéa 3 – point b – sous-point ii - Am 241= 301=,364,273,7,0,10
181076,2025-11-13,,,Article 3 – § 1 – point 2 – point b – point ii; Article 5 – paragraph 2 – § 3 – point b – point ii,,,,613,10
181077,2025-11-13 11:25:43,A10-0197/2025,,"Jörgen Warborn - Abrogation de la Directive (UE) 2024/1760 - Am 392, 395 & 396",191,446,2,0,10
181078,2025-11-13 11:25:53,A10-0197/2025,,Jörgen Warborn - Abrogation de la Directive (UE) 2024/1760 - Am 83,582,50,5,0,10
181079,2025-11-13 11:26:05,A10-0197/2025,,Jörgen Warborn - Abrogation de la Directive (UE) 2024/1760 - Am 90,591,45,4,0,10
181080,2025-11-13,,,Repeal of Directive (EU) 2024/1760,,,,613,10
181081,2025-11-13,,,Repeal of Directive (EU) 2024/1760,,,,613,10
181082,2025-11-13,,,Repeal of Directive (EU) 2024/1760,,,,613,10
181083,2025-11-13 11:26:29,A10-0197/2025,,Jörgen Warborn - Abrogation de la Directive (UE) 2024/1760 - Am 118,254,381,8,0,10
181084,2025-11-13,,,Repeal of Directive (EU) 2024/1760,,,,613,10
181085,2025-11-13 11:26:45,A10-0197/2025,,Jörgen Warborn - Article 4 – alinéa 1 – point 1; Article 1 – paragraphe 1 – point c - Am 165S,210,418,17,0,10
181086,2025-11-13 11:26:57,A10-0197/2025,,Jörgen Warborn - Article 4 – alinéa 1 – point 1; Article 1 – paragraphe 1 – point c - Am 397= 302=,365,277,5,0,10
181087,2025-11-13,,,Article 4 – paragraph 1 – point 1 Article 1 – paragraph 1 – point c,,,,613,10
181088,2025-11-13,,,Article 4 – § 1 – point 1; Article 1 – paragraph 1 – point c,,,,613,10
181089,2025-11-13 11:27:13,A10-0197/2025,,Jörgen Warborn - Article 4 – alinéa 1 – après le point 1; Article 2 – paragraphe 1 – point a - Am 304,360,282,6,0,10
181090,2025-11-13,,,Article 4 – § 1 – after point 1; Article 2 – paragraph 1 – point a,,,,613,10
181091,2025-11-13,,,Article 4 – § 1 – after point 1; Article 2 – paragraph 1 – point a,,,,613,10
181092,2025-11-13,,,Article 4 – § 1 – after point 1; Article 2 – paragraph 1 – point a,,,,613,10
181093,2025-11-13,,,Article 4 – § 1 – after point 1; Article 2 – paragraph 1 – point a,,,,613,10
181094,2025-11-13 11:27:32,A10-0197/2025,,Jörgen Warborn - Article 4 – alinéa 1 – après le point 2; Article 3 – paragraphe 1 – point f - Am 377,187,456,2,0,10
181095,2025-11-13 11:27:42,A10-0197/2025,,Jörgen Warborn - Article 4 – alinéa 1 – après le point 2; Article 3 – paragraphe 1 – point g - Am 378,183,451,5,0,10
181096,2025-11-13 11:27:53,A10-0197/2025,,Jörgen Warborn - Article 4 – alinéa 1 – point 2; Article 3 – paragraphe 1 – point n - Am 167S,200,418,20,0,10
181097,2025-11-13 11:28:05,A10-0197/2025,,Jörgen Warborn - Article 4 – alinéa 1 – point 2; Article 3 – paragraphe 1 – point n - Am 376,188,446,2,0,10
181098,2025-11-13 11:28:17,A10-0197/2025,,Jörgen Warborn - Article 4 – alinéa 1 – point 2; Article 3 – paragraphe 1 – point n - Am 81,412,219,12,0,10
181099,2025-11-13 11:28:33,A10-0197/2025,,Jörgen Warborn - Article 4 – alinéa 1 – point 2; Article 3 – paragraphe 1 – point n - Am 82,248,378,11,0,10
181100,2025-11-13 11:28:52,A10-0197/2025,,Jörgen Warborn - Article 4 – alinéa 1 – point 2; Article 3 – paragraphe 1 – point n - Am 270,190,442,14,0,10
181101,2025-11-13 11:29:04,A10-0197/2025,,Jörgen Warborn - Article 4 – alinéa 1 – point 3; Article 4 - Am 169S,96,493,15,9,10
181102,2025-11-13,,,Article 4 – § 1 – point 3; Article 4 – paragraph 1,,,,613,10
181103,2025-11-13,,,Article 4 – § 1 – point 3; Article 4 – paragraph 1,,,,613,10
181104,2025-11-13 11:29:36,A10-0197/2025,,Jörgen Warborn - Article 4 – alinéa 1 – point 3; Article 4 – paragraphe 2 - Am 86S,271,264,106,0,10
181105,2025-11-13 11:29:52,A10-0197/2025,,Jörgen Warborn - Article 4 – alinéa 1 – après le point 3; Article 6 – paragraphe 1 - Am 305,358,277,7,0,10
181106,2025-11-13 11:30:08,A10-0197/2025,,Jörgen Warborn - Article 4 – alinéa 1 – point 4 – sous-point a; Article 8 – paragraphe 2 - Am 88,585,44,16,0,10
181107,2025-11-13,,,Article 4 – § 1 – point 4 – point a; Article 8 – paragraph 2,,,,613,10
181108,2025-11-13 11:30:22,A10-0197/2025,,Jörgen Warborn - Article 4 – alinéa 1 – point 4 – sous-point b; Article 8 – paragraphe 2 bis - Am 89S,572,52,13,0,10
181109,2025-11-13,,,Article 4 – § 1 – point 4 – point b; Article 8 – paragraph 2a,,,,613,10
181110,2025-11-13 11:30:37,A10-0197/2025,,Jörgen Warborn - Article 4 – alinéa 1 – point 4 – sous-point b; Article 8 – paragraphe 2 bis - Am 173,162,474,10,0,10
181111,2025-11-13 11:30:47,A10-0197/2025,,Jörgen Warborn - Article 4 – alinéa 1 – point 4 – sous-point c; Article 8 – paragraphe 4 - Am 174S,65,568,4,0,10
181112,2025-11-13 11:30:58,A10-0197/2025,,Jörgen Warborn - Article 4 – alinéa 1 – point 4 – sous-point c; Article 8 – paragraphe 4 - Am 380,184,455,2,0,10
181113,2025-11-13 11:31:08,A10-0197/2025,,Jörgen Warborn - Article 4 – alinéa 1 – point 4 – sous-point c; Article 8 – paragraphe 4 - Am 91,577,57,3,0,10
181114,2025-11-13 11:31:20,A10-0197/2025,,Jörgen Warborn - Article 4 – alinéa 1 – point 4 – sous-point d; Article 8 – paragraphe 5 - Am 175S,62,578,4,0,10
181115,2025-11-13 11:31:30,A10-0197/2025,,Jörgen Warborn - Article 4 – alinéa 1 – point 4 – sous-point d; Article 8 – paragraphe 5 - Am 92,573,57,11,0,10
181116,2025-11-13 11:31:46,A10-0197/2025,,Jörgen Warborn - Article 4 – alinéa 1 – après le point 4; Article 10 – paragraphe 2 – point b - Am 383,193,451,2,0,10
181117,2025-11-13 11:31:55,A10-0197/2025,,Jörgen Warborn - Article 4 – alinéa 1 – point 5; Article 10 – paragraphe 6 - Am 176S,94,545,4,0,10
181118,2025-11-13 11:32:06,A10-0197/2025,,Jörgen Warborn - Article 4 – alinéa 1 – point 5; Article 10 – paragraphe 6 – alinéa 1 – partie introductive - Am 177S,95,543,3,0,10
181119,2025-11-13 11:32:18,A10-0197/2025,,Jörgen Warborn - Article 4 – alinéa 1 – point 5; Article 10 – paragraphe 6 – alinéa 1 – partie introductive - Am 246= 306=,361,282,4,0,10
181120,2025-11-13 11:32:31,A10-0197/2025,,Jörgen Warborn - Article 4 – alinéa 1 – point 5; Article 10 – paragraphe 6 – alinéa 1 – point a - Am 178S= 384S=,225,412,7,0,10
181121,2025-11-13 11:32:43,A10-0197/2025,,Jörgen Warborn - Article 4 – alinéa 1 – point 5; Article 10 – paragraphe 6 – alinéa 1 – point c - Am 179S= 385S=,222,415,6,0,10
181122,2025-11-13 11:32:53,A10-0197/2025,,Jörgen Warborn - Article 4 – alinéa 1 – point 5; Article 10 – paragraphe 6 – alinéa 1 – point c - Am 94,536,100,8,0,10
181123,2025-11-13 11:33:05,A10-0197/2025,,Jörgen Warborn - Article 4 – alinéa 1 – point 5; Article 10 – paragraphe 6 – alinéa 2 - Am 180S,48,593,5,0,10
181124,2025-11-13 11:33:18,A10-0197/2025,,Jörgen Warborn - Article 4 – alinéa 1 – point 5; Article 10 – paragraphe 6 – alinéa 3 - Am 181S,50,589,3,0,10
181125,2025-11-13 11:33:30,A10-0197/2025,,Jörgen Warborn - Article 4 – alinéa 1 – point 5; Article 10 – paragraphe 6 – alinéa 3 - Am 96,464,172,6,0,10
181126,2025-11-13 11:33:41,A10-0197/2025,,Jörgen Warborn - Article 4 – alinéa 1 – point 5; Article 10 – paragraphe 6 – alinéa 4 - Am 182S,43,591,10,0,10
181127,2025-11-13 11:33:51,A10-0197/2025,,Jörgen Warborn - Article 4 – alinéa 1 – point 5; Article 10 – paragraphe 6 – alinéa 4 - Am 97,413,220,5,0,10
181128,2025-11-13 11:34:03,A10-0197/2025,,Jörgen Warborn - Article 4 – alinéa 1 – point 5; Article 10 – paragraphe 6 – alinéa 5 - Am 183S,99,535,9,0,10
181129,2025-11-13 11:34:14,A10-0197/2025,,Jörgen Warborn - Article 4 – alinéa 1 – point 5; Article 10 – paragraphe 6 – alinéa 6 - Am 184S,99,533,9,0,10
181130,2025-11-13 11:34:25,A10-0197/2025,,Jörgen Warborn - Article 4 – alinéa 1 – point 6; Article 11 – paragraphe 7 – alinéa 1 – partie introductive - Am 185S,96,541,5,0,10
181131,2025-11-13 11:34:38,A10-0197/2025,,Jörgen Warborn - Article 4 – alinéa 1 – point 6; Article 11 – paragraphe 7 – alinéa 1 – partie introductive - Am 247= 307=,360,279,3,0,10
181132,2025-11-13 11:34:54,A10-0197/2025,,Jörgen Warborn - Article 4 – alinéa 1 – point 6; Article 11 – paragraphe 7 – alinéa 1 – point a - Am 186S 387S,223,416,4,0,10
181133,2025-11-13 11:35:05,A10-0197/2025,,Jörgen Warborn - Article 4 – alinéa 1 – point 6; Article 11 – paragraphe 7 – alinéa 1 – point b - Am 187S,51,582,6,0,10
181134,2025-11-13 11:35:16,A10-0197/2025,,Jörgen Warborn - Article 4 – alinéa 1 – point 6; Article 11 – paragraphe 7 – alinéa 1 – point b - Am 99,581,49,13,0,10
181135,2025-11-13 11:35:28,A10-0197/2025,,Jörgen Warborn - Article 4 – alinéa 1 – point 6; Article 11 – paragraphe 7 – alinéa 1 – point c - Am 188S= 388S=,229,407,5,0,10
181136,2025-11-13 11:35:41,A10-0197/2025,,Jörgen Warborn - Article 4 – alinéa 1 – point 6; Article 11 – paragraphe 7 – alinéa 2 - Am 189S,50,583,9,0,10
181137,2025-11-13 11:35:56,A10-0197/2025,,Jörgen Warborn - Article 4 – alinéa 1 – point 6; Article 11 – paragraphe 7 – alinéa 3 - Am 190S,46,585,8,0,10
181138,2025-11-13 11:36:06,A10-0197/2025,,Jörgen Warborn - Article 4 – alinéa 1 – point 6; Article 11 – paragraphe 7 – alinéa 3 - Am 102,414,215,8,0,10
181139,2025-11-13 11:36:16,A10-0197/2025,,Jörgen Warborn - Article 4 – alinéa 1 – point 6; Article 11 – paragraphe 7 – alinéa 4 - Am 191S,47,585,9,0,10
181140,2025-11-13 11:36:32,A10-0197/2025,,Jörgen Warborn - Article 4 – alinéa 1 – point 6; Article 11 – paragraphe 7 – alinéa 5 - Am 192S,54,585,5,0,10
181141,2025-11-13 11:36:42,A10-0197/2025,,Jörgen Warborn - Article 4 – alinéa 1 – point 6; Article 11 – paragraphe 7 – alinéa 6 - Am 193S,48,578,4,0,10
181142,2025-11-13 11:36:55,A10-0197/2025,,Jörgen Warborn - Article 4 – alinéa 1 – point 6; Article 11 – paragraphe 7 – alinéa 6 - Am 104,591,46,11,0,10
181143,2025-11-13 11:37:15,A10-0197/2025,,Jörgen Warborn - Article 4 – alinéa 1 – point 7 – sous-point a; Article 13 – paragraphe 3 – partie introductive et point a) - Am 194S= 273S=,210,421,17,0,10
181144,2025-11-13 11:37:28,A10-0197/2025,,Jörgen Warborn - Article 4 – alinéa 1 – point 7 – sous-point b; Article 13 – paragraphe 3 – points c) et e) - Am 196S,202,428,13,0,10
181145,2025-11-13 11:37:37,A10-0197/2025,,Jörgen Warborn - Article 4 – alinéa 1 – point 7 – sous-point b; Article 13 – paragraphe 3 – points c) et e) - Am 274S,198,430,14,0,10
181146,2025-11-13 11:37:47,A10-0197/2025,,Jörgen Warborn - Article 4 – alinéa 1 – point 8; Article 15 – deuxième phrase - Am 199S,92,542,7,0,10
181147,2025-11-13 11:38:05,A10-0197/2025,,Jörgen Warborn - Article 4 – alinéa 1 – point 8; Article 15 – deuxième phrase - Am 390,184,460,3,0,10
181148,2025-11-13 11:38:18,A10-0197/2025,,Jörgen Warborn - Article 4 – alinéa 1 – après le point 8; Article 19 – paragraphe 2 – point b - Am 248= 310=,361,273,9,0,10
181149,2025-11-13 11:38:29,A10-0197/2025,,Jörgen Warborn - Article 4 – alinéa 1 – point 9; Article 19 – paragraphe 3 - Am 201S,92,545,6,0,10
181150,2025-11-13 11:38:40,A10-0197/2025,,Jörgen Warborn - Article 4 – alinéa 1 – point 9; Article 19 – paragraphe 3 - Am 308,114,522,10,0,10
181152,2025-11-13 11:39:35,A10-0197/2025,,Jörgen Warborn - Article 4 – alinéa 1 – point 10 – partie introductive; Article 22 - Am 311S= 398S=,365,276,4,0,10
181153,2025-11-13,,,Article 4 – paragraph 1 – point 10 – introductory part Article 22,,,,613,10
181154,2025-11-13,,,Article 4 – § 1 – point 10 – introductory part; Article 22 – paragraph 1 – § 1,,,,613,10
181155,2025-11-13,,,Article 4 – § 1 – point 10 – introductory part; Article 22 – paragraph 1 – § 1,,,,613,10
181156,2025-11-13,,,Article 4 – § 1 – point 10 – introductory part; Article 22 – paragraph 1 – § 1,,,,613,10
181157,2025-11-13,,,Article 4 – paragraph 1 – point 10 – introductory part Article 22 – paragraph 1 – after § 1,,,,613,10
181158,2025-11-13,,,Article 4 – § 1 – point 10 – introductory part; Article 22 – paragraph 1 – after § 1,,,,613,10
181159,2025-11-13,,,Article 4 – § 1 – point 10 – after point c; Article 22 – paragraph 1 – § 3,,,,613,10
181160,2025-11-13,,,Article 4 – § 1 – point 10 – after point c; Article 22 – paragraph 1 – § 3,,,,613,10
181161,2025-11-13,,,Article 4 – § 1 – point 10 – after point d; Article 22 – paragraph 3,,,,613,10
181162,2025-11-13 11:40:31,A10-0197/2025,,Jörgen Warborn - Article 4 – alinéa 1 – après le point 10; Article 24 – paragraphe 1 - Am 251= 313=,364,270,8,0,10
181163,2025-11-13 11:40:46,A10-0197/2025,,Jörgen Warborn - Article 4 – alinéa 1 – après le point 10; Article 25 – paragraphe 1 - Am 252= 314=,364,270,8,0,10
181164,2025-11-13,,,Article 4 – § 1 – after point 10; Article 25 – paragraph 1,,,,613,10
181165,2025-11-13,,,Article 4 – § 1 – after point 10; Article 25 – paragraph 1,,,,613,10
181166,2025-11-13 11:41:00,A10-0197/2025,,Jörgen Warborn - Article 4 – alinéa 1 – point 11; Article 27 – paragraphe 4 - Am 205S,94,532,12,0,10
181167,2025-11-13 11:41:14,A10-0197/2025,,Jörgen Warborn - Article 4 – alinéa 1 – point 11; Article 27 – paragraphe 4 - Am 115,238,395,9,0,10
181168,2025-11-13 11:41:29,A10-0197/2025,,Jörgen Warborn - Article 4 – alinéa 1 – point 11; Article 27 – paragraphe 4 - Am 253= 315=,361,280,6,0,10
181169,2025-11-13 11:41:47,A10-0197/2025,,Jörgen Warborn - Article 4 – alinéa 1 – point 12; Article 29 - Am 207S= 266S= 348S=,251,378,13,0,10
181170,2025-11-13 11:41:59,A10-0197/2025,,Jörgen Warborn - Article 4 – alinéa 1 – point 12 – sous-point a; Article 29 – paragraphe 1 - Am 208S,207,430,6,0,10
181171,2025-11-13 11:42:28,A10-0197/2025,,Jörgen Warborn - Article 4 – alinéa 1 – point 12 – point b; Article 29 – paragraphe 2 - Am 210S,209,425,4,0,10
181172,2025-11-13 11:42:39,A10-0197/2025,,Jörgen Warborn - Article 4 – alinéa 1 – point 12 – sous-point c; Article 29 – paragraphe 3 – point d - Am 212S,209,422,6,0,10
181173,2025-11-13 11:42:55,A10-0197/2025,,Jörgen Warborn - Article 4 – alinéa 1 – point 12 – sous-point e; Article 29 – paragraphe 5 - Am 215S,211,423,4,0,10
181174,2025-11-13 11:43:06,A10-0197/2025,,Jörgen Warborn - Article 4 – alinéa 1 – point 12 – sous-point f; Article 29 – paragraphe 7 - Am 217S,210,423,4,0,10
181175,2025-11-13 11:43:19,A10-0197/2025,,Jörgen Warborn - Article 4 – alinéa 1 – point 13; Article 36 – paragraphe 1 - Am 219S,201,426,11,0,10
181176,2025-11-13 11:43:35,A10-0197/2025,,"Jörgen Warborn - Article 4 – alinéa 1 – point 13; Article 36 – paragraphe 1 - Am 116, 117= 316PC1=",536,100,9,0,10
181177,2025-11-13 11:43:51,A10-0197/2025,,Jörgen Warborn - Article 4 – alinéa 1 – point 13; Article 36 – paragraphe 2 – point e - Am 254= 316PC2=,368,271,7,0,10
181178,2025-11-13 11:44:02,A10-0197/2025,,Jörgen Warborn - Considérant 2 - Am 393,183,445,11,0,10
181179,2025-11-13 11:44:12,A10-0197/2025,,Jörgen Warborn - Après le considérant 2 - Am 394,182,446,7,0,10
181180,2025-11-13 11:44:22,A10-0197/2025,,Jörgen Warborn - Considérant 5 - Am 349,179,450,3,0,10
181181,2025-11-13 11:44:35,A10-0197/2025,,Jörgen Warborn - Considérant 5 - Am 221= 279=,366,273,7,0,10
181182,2025-11-13 11:45:04,A10-0197/2025,,Jörgen Warborn - Considérant 7 - Am 350,181,444,2,0,10
181183,2025-11-13 11:45:19,A10-0197/2025,,Jörgen Warborn - Considérant 7 - Am 222= 280=,361,274,8,0,10
181184,2025-11-13 11:45:46,A10-0197/2025,,Jörgen Warborn - Considérant 9 - Am 351,186,441,3,0,10
181185,2025-11-13 11:45:59,A10-0197/2025,,Jörgen Warborn - Considérant 9 - Am 223= 281=,367,270,6,0,10
181186,2025-11-13 11:46:15,A10-0197/2025,,Jörgen Warborn - Considérant 12 - Am 224= 282=,364,266,7,0,10
181187,2025-11-13 11:46:33,A10-0197/2025,,Jörgen Warborn - Considérant 14 - Am 352,181,453,2,0,10
181188,2025-11-13 11:46:46,A10-0197/2025,,Jörgen Warborn - Considérant 14 - Am 225= 283=,365,271,7,0,10
181189,2025-11-13 11:47:41,A10-0197/2025,,Jörgen Warborn - Considérant 18 - Am 259,179,457,3,0,10
181190,2025-11-13 11:47:53,A10-0197/2025,,Jörgen Warborn - Considérant 18 - Am 226= 284=,363,276,6,0,10
181191,2025-11-13 11:48:07,A10-0197/2025,,Jörgen Warborn - Considérant 19 - Am 260,183,457,3,0,10
181192,2025-11-13 11:48:24,A10-0197/2025,,Jörgen Warborn - Considérant 19 - Am 227= 285=,364,269,7,0,10
181194,2025-11-13,,,Recital 23,,,,613,10
181195,2025-11-13,,,Recital 23,369,256,11,613,10
181196,2025-11-13 11:49:16,A10-0197/2025,,Jörgen Warborn - Considérant 24 - Am 286,294,337,9,0,10
181197,2025-11-13 11:49:31,A10-0197/2025,,Jörgen Warborn - Considérant 26 - Am 228= 287=,360,277,4,0,10
181198,2025-11-13,,,Recital 27,,,,613,10
181199,2025-11-13 11:49:54,A10-0197/2025,,Jörgen Warborn - Considérant 28 - Am 265,203,423,10,0,10
181200,2025-11-13 11:51:19,A10-0197/2025,,"Jörgen Warborn - Demande de renvoi (article 60, paragraphe 4, du règlement)",426,202,8,0,10
181201,2025-11-13 10:47:42,A10-0206/2025,,Chloé Ridel - Après le § 4 - Am 2,315,202,119,0,10
181202,2025-11-13,,,§ 18,,,,613,10
181203,2025-11-13,,,§ 19,286,293,65,613,10
181205,2025-11-13,,,§ 20,,,,613,10
181206,2025-11-13,,,§ 20,285,306,49,613,10
181208,2025-11-13,,,§ 21,,,,613,10
181209,2025-11-13,,,§ 21,284,319,38,613,10
181210,2025-11-13,,,§ 22,283,339,19,613,10
181211,2025-11-13,,,§ 30,,,,613,10
181212,2025-11-13 12:05:52,A10-0210/2025,,Marko Vešligaj - Proposition de résolution de remplacement - Am 1,172,440,10,0,10
181213,2025-11-13 12:06:03,A10-0210/2025,,Marko Vešligaj - Proposition de résolution de remplacement - Am 4,159,424,31,0,10
181214,2025-11-13 12:06:14,A10-0210/2025,,Marko Vešligaj - § 1 - Am 2,207,391,12,3,10
181216,2025-11-13 12:06:25,A10-0210/2025,,Marko Vešligaj - § 3/1,510,41,63,0,10
181217,2025-11-13 12:06:35,A10-0210/2025,,Marko Vešligaj - § 3/2,381,182,44,6,10
181219,2025-11-13,,,§ 5,380,116,96,613,10
181221,2025-11-13 12:07:22,A10-0210/2025,,Marko Vešligaj - § 10/1,437,166,6,4,10
181222,2025-11-13 12:07:33,A10-0210/2025,,Marko Vešligaj - § 10/2,295,302,7,9,10
181223,2025-11-13 12:07:43,A10-0210/2025,,Marko Vešligaj - § 10/3,298,282,34,0,10
181230,2025-11-13 12:08:45,A10-0210/2025,,Marko Vešligaj - § 16/1,439,138,28,8,10
181231,2025-11-13 12:08:56,A10-0210/2025,,Marko Vešligaj - § 16/2,299,270,38,6,10
181233,2025-11-13 12:09:09,A10-0210/2025,,Marko Vešligaj - § 21/1,518,24,74,0,10
181234,2025-11-13 12:09:19,A10-0210/2025,,Marko Vešligaj - § 21/2,301,298,12,2,10
181235,2025-11-13 12:09:33,A10-0210/2025,,Marko Vešligaj - § 27,341,218,58,0,10
181236,2025-11-13 12:09:46,A10-0210/2025,,Marko Vešligaj - § 28,336,218,58,1,10
181237,2025-11-13 12:09:57,A10-0210/2025,,Marko Vešligaj - § 29,292,262,56,3,10
181238,2025-11-13 12:10:09,A10-0210/2025,,Marko Vešligaj - § 30,359,200,51,3,10
181240,2025-11-13,,,§ 36,,,,613,10
181241,2025-11-13,,,§ 36,278,328,8,613,10
181242,2025-11-13,,,§ 36,,,,613,10
181244,2025-11-13,,,§ 37,,,,613,10
181245,2025-11-13,,,§ 37,303,279,31,613,10
181247,2025-11-13,,,§ 46,,,,613,10
181248,2025-11-13,,,§ 46,372,157,83,613,10
181250,2025-11-13,,,§ 47,433,161,13,613,10
181251,2025-11-13,,,§ 47,289,310,7,613,10
181253,2025-11-13,,,§ 48,,,,613,10
181254,2025-11-13,,,§ 48,289,321,7,613,10
181255,2025-11-13 12:12:35,A10-0210/2025,,Marko Vešligaj - § 57,300,238,78,0,10
181256,2025-11-13 12:12:48,A10-0210/2025,,Marko Vešligaj - § 59,256,305,50,2,10
181258,2025-11-13,,,§ 60,,,,613,10
181259,2025-11-13,,,§ 60,251,332,25,613,10
181260,2025-11-13 12:13:18,A10-0210/2025,,Marko Vešligaj - § 64,262,287,50,14,10
181261,2025-11-13,,,§ 65,263,299,41,613,10
181262,2025-11-13 12:13:48,A10-0210/2025,,Marko Vešligaj - § 67,251,349,15,0,10
181263,2025-11-13,,,Title before paragraph 68,261,326,14,613,10
181264,2025-11-13 12:14:16,A10-0210/2025,,Marko Vešligaj - § 68,262,309,33,9,10
181266,2025-11-13,,,§ 69,,,,613,10
181267,2025-11-13,,,§ 69,237,330,41,613,10
181268,2025-11-13,,,§ 69,,,,613,10
181269,2025-11-13,,,§ 69,249,319,41,613,10
181271,2025-11-13 12:15:16,A10-0210/2025,,Marko Vešligaj - § 71/1,411,161,28,13,10
181272,2025-11-13 12:15:26,A10-0210/2025,,Marko Vešligaj - § 71/2,292,260,47,14,10
181273,2025-11-13 12:15:36,A10-0210/2025,,Marko Vešligaj - § 71/3,368,147,93,5,10
181275,2025-11-13 12:15:47,A10-0210/2025,,Marko Vešligaj - § 72/1,396,183,28,6,10
181276,2025-11-13 12:15:56,A10-0210/2025,,Marko Vešligaj - § 72/2,365,149,73,26,10
181277,2025-11-13 12:16:07,A10-0210/2025,,Marko Vešligaj - § 72/3,254,324,30,5,10
181278,2025-11-13 12:16:18,A10-0210/2025,,Marko Vešligaj - § 73,279,289,42,3,10
181280,2025-11-13 12:16:32,A10-0210/2025,,Marko Vešligaj - § 74/1,397,170,44,2,10
181281,2025-11-13 12:16:41,A10-0210/2025,,Marko Vešligaj - § 74/2,258,325,21,9,10
181282,2025-11-13 12:16:51,A10-0210/2025,,Marko Vešligaj - § 77,346,224,35,8,10
181284,2025-11-13 12:17:03,A10-0210/2025,,Marko Vešligaj - § 78/1,396,182,32,3,10
181285,2025-11-13 12:17:12,A10-0210/2025,,Marko Vešligaj - § 78/2,289,304,11,9,10
181287,2025-11-13 12:17:25,A10-0210/2025,,Marko Vešligaj - § 79/1,406,176,29,2,10
181288,2025-11-13 12:17:34,A10-0210/2025,,Marko Vešligaj - § 79/2,299,246,45,23,10
181289,2025-11-13 12:17:44,A10-0210/2025,,Marko Vešligaj - § 79/3,359,167,68,19,10
181290,2025-11-13,,,§ 80,,,,613,10
181291,2025-11-13 12:18:02,A10-0210/2025,,Marko Vešligaj - § 83,272,320,19,2,10
181292,2025-11-13 12:18:12,A10-0210/2025,,Marko Vešligaj - § 84,269,313,26,5,10
181293,2025-11-13,,,§ 85,,,,613,10
181294,2025-11-13 12:18:30,A10-0210/2025,,Marko Vešligaj - § 86,273,324,18,0,10
181296,2025-11-13 12:18:42,A10-0210/2025,,Marko Vešligaj - § 87/1,411,187,15,0,10
181297,2025-11-13 12:18:52,A10-0210/2025,,Marko Vešligaj - § 87/2,362,163,62,26,10
181299,2025-11-13,,,§ 89,,,,613,10
181300,2025-11-13,,,§ 89,272,323,7,613,10
181301,2025-11-13,,,§ 89,325,235,35,613,10
181302,2025-11-13,,,§ 90,275,313,13,613,10
181303,2025-11-13,,,§ 93,281,301,14,613,10
181305,2025-11-13,,,§ 100,,,,613,10
181306,2025-11-13,,,§ 100,,,,613,10
181307,2025-11-13,,,§ 100,343,213,39,613,10
181308,2025-11-13,,,Citation 64,,,,613,10
181309,2025-11-13,,,Citation 74,287,258,58,613,10
181311,2025-11-13 12:21:02,A10-0210/2025,,Marko Vešligaj - Considérant D/1,404,176,22,11,10
181312,2025-11-13 12:21:12,A10-0210/2025,,Marko Vešligaj - Considérant D/2,347,170,61,35,10
181313,2025-11-13 12:21:20,A10-0210/2025,,Marko Vešligaj - Considérant D/3,289,289,7,28,10
181315,2025-11-13 12:22:07,A10-0210/2025,,Marko Vešligaj - Considérant G/1,493,8,101,11,10
181316,2025-11-13 12:22:18,A10-0210/2025,,Marko Vešligaj - Considérant G/2,254,335,18,6,10
181317,2025-11-13 12:22:29,A10-0210/2025,,Marko Vešligaj - Considérant H,298,239,61,15,10
181318,2025-11-13 12:22:40,A10-0210/2025,,Marko Vešligaj - Considérant I,355,191,44,23,10
181320,2025-11-13,,,Recital L,,,,613,10
181321,2025-11-13,,,Recital L,302,282,17,613,10
181323,2025-11-13 12:23:15,A10-0210/2025,,Marko Vešligaj - Considérant M/1,476,41,92,4,10
181324,2025-11-13 12:23:25,A10-0210/2025,,Marko Vešligaj - Considérant M/2,379,134,80,20,10
181325,2025-11-13 12:23:36,A10-0210/2025,,Marko Vešligaj - Considérant M/3,331,220,30,32,10
181327,2025-11-13,,,Recital Q,,,,613,10
181328,2025-11-13,,,Recital Q,,,,613,10
181329,2025-11-13,,,Recital S,,,,613,10
181331,2025-11-13,,,Recital X,,,,613,10
181332,2025-11-13,,,Recital X,270,299,39,613,10
181333,2025-11-13,,,Recital Y,258,268,84,613,10
181334,2025-11-13 12:24:45,A10-0210/2025,,Marko Vešligaj - Considérant Z,293,269,42,9,10
181335,2025-11-13 12:24:58,A10-0210/2025,,Marko Vešligaj - Considérant AC,276,317,16,4,10
181337,2025-11-13,,,Recital AD,,,,613,10
181338,2025-11-13,,,Recital AD,287,285,27,613,10
181339,2025-11-13 12:25:44,A10-0210/2025,,Marko Vešligaj - Proposition de résolution (ensemble du texte),310,222,68,13,10
181340,2025-11-13,,,Recital C,,,,613,10
181341,2025-11-13,,,After recital E,282,338,19,613,10
181342,2025-11-13,,,After recital E,,,,613,10
181343,2025-11-13 10:47:16,A10-0214/2025,,Juan Fernando López Aguilar - Proposition de résolution (ensemble du texte),605,30,5,0,10
181360,2025-11-13,,,Article 1 – § 1 – point 2; Regulation (EU) 2021/1119 – Article 4 – paragraph 5 – point b,,,,613,10
181362,2025-11-13,,,Article 1 – § 1 – point 2; Regulation (EU) 2021/1119 – Article 4 – paragraph 5 – point c,,,,613,10
181363,2025-11-13,,,Article 1 – § 1 – point 2; Regulation (EU) 2021/1119 – Article 4 – paragraph 5 – after point g,,,,613,10
181375,2025-11-13 11:05:26,A10-0223/2025,,Ondřej Knotek - Proposition de la Commission,379,248,10,0,10
181381,2025-11-13 12:06:48,A10-0210/2025,,Marko Vešligaj - Après le § 3 - Am 3,208,390,16,0,10
181383,2025-11-13,,,Draft proposal for a Council decision,,,,613,10
181385,2025-11-13,,,§ 13,,,,613,10
181386,2025-11-13,,,§ 13,,,,613,10
181387,2025-11-13,,,§ 13,253,182,156,613,10
181388,2025-11-13,,,§ 14,352,162,89,613,10
181393,2025-11-13 10:56:12,A10-0223/2025,,Ondřej Knotek - Proposition de rejet - Am 47= 59=,234,399,5,0,10
181394,2025-11-13 10:56:29,A10-0223/2025,,Ondřej Knotek - Amendements de la commission compétente - vote en bloc - Am 1-10 13 18-25 27-30 32-35 37 40,396,229,16,0,10
181395,2025-11-13 10:56:41,A10-0223/2025,,Ondřej Knotek - Amendements de la commission compétente - vote séparé - Am 17,547,88,7,0,10
181396,2025-11-13 10:56:54,A10-0223/2025,,Ondřej Knotek - Amendements de la commission compétente - vote séparé - Am 26,540,82,21,0,10
181397,2025-11-13 10:57:05,A10-0223/2025,,Ondřej Knotek - Amendements de la commission compétente - vote séparé - Am 31,517,102,17,0,10
181398,2025-11-13 10:57:17,A10-0223/2025,,Ondřej Knotek - Amendements de la commission compétente - vote séparé - Am 36,512,122,5,0,10
181399,2025-11-13 10:57:29,A10-0223/2025,,Ondřej Knotek - Amendements de la commission compétente - vote séparé - Am 39,512,118,14,0,10
181400,2025-11-13 10:57:42,A10-0223/2025,,Ondřej Knotek - Article 1 – alinéa 1 – point 1; Règlement (UE) 2021/1119 – Article 1 – alinéa 2 - Am 49S= 61S=,221,407,9,0,10
181402,2025-11-13,,,Article 1 – § 1 – point 1; Regulation (EU) 2021/1119 – Article 1 – § 2,,,,613,10
181403,2025-11-13 10:58:01,A10-0223/2025,,Ondřej Knotek - Article 1 – alinéa 1 – point 1; Règlement (UE) 2021/1119 – Article 1 – alinéa 2/2,406,221,14,0,10
181404,2025-11-13 10:58:13,A10-0223/2025,,Ondřej Knotek - Article 1 – alinéa 1 – après le point 1; Règlement (UE) 2021/1119 – après l'article 1 - Am 50,220,415,8,0,10
181405,2025-11-13 10:58:25,A10-0223/2025,,Ondřej Knotek - Article 1 – alinéa 1 – après le point 1; Règlement (UE) 2021/1119 – après l'article 1 - Am 62,223,399,7,0,10
181406,2025-11-13 10:58:37,A10-0223/2025,,Ondřej Knotek - Article 1 – alinéa 1 – après le point 1; Règlement (UE) 2021/1119 – après l'article 1 - Am 63,226,395,12,0,10
181408,2025-11-13 10:59:08,A10-0223/2025,,Ondřej Knotek - Article 1 – alinéa 1 – après le point 1; Règlement (UE) 2021/1119 – Article 4 – après le paragraphe 1 - Am 58,278,348,14,0,10
181410,2025-11-13,,,Article 1 – § 1 – point 2; Regulation (EU) 2021/1119; Article 4 – § 2,,,,613,10
181411,2025-11-13,,,Article 1 – § 1 – point 2; Regulation (EU) 2021/1119; Article 4 – § 2,,,,613,10
181412,2025-11-13 10:59:30,A10-0223/2025,,Ondřej Knotek - Article 1 – alinéa 1 – point 2; Règlement (UE) 2021/1119 – Article 4 – paragraphe 3 - Am 64S,221,413,7,0,10
181413,2025-11-13 10:59:43,A10-0223/2025,,Ondřej Knotek - Article 1 – alinéa 1 – point 2; Règlement (UE) 2021/1119 – Article 4 – paragraphe 3 - Am 51,217,416,8,0,10
181415,2025-11-13 11:00:13,A10-0223/2025,,Ondřej Knotek - Article 1 – alinéa 1 – point 2; Règlement (UE) 2021/1119 – Article 4 – paragraphe 3 - Am 41,45,581,7,0,10
181417,2025-11-13,,,Article 1 – § 1 – point 2; Regulation (EU) 2021/1119 – Article 4 – § 3,,,,613,10
181418,2025-11-13 11:00:31,A10-0223/2025,,Ondřej Knotek - Article 1 – alinéa 1 – point 2; Règlement (UE) 2021/1119 – Article 4 – paragraphe 3/2,378,244,14,0,10
181420,2025-11-13 11:00:43,A10-0223/2025,,Ondřej Knotek - Article 1 – alinéa 1 – point 2; Règlement (UE) 2021/1119 – Article 4 – paragraphe 5 – point a - Am 14/1,506,123,11,0,10
181421,2025-11-13 11:00:54,A10-0223/2025,,Ondřej Knotek - Article 1 – alinéa 1 – point 2; Règlement (UE) 2021/1119 – Article 4 – paragraphe 5 – point a - Am 14/2,384,242,13,0,10
181422,2025-11-13 11:01:06,A10-0223/2025,,Ondřej Knotek - Article 1 – alinéa 1 – point 2; Règlement (UE) 2021/1119 – Article 4 – paragraphe 5 – après le point a - Am 65,216,400,28,0,10
181423,2025-11-13 11:01:18,A10-0223/2025,,Ondřej Knotek - Article 1 – alinéa 1 – point 2; Règlement (UE) 2021/1119 – Article 4 – paragraphe 5 – point b - Am 42S,74,557,6,0,10
181424,2025-11-13 11:01:34,A10-0223/2025,,Ondřej Knotek - Article 1 – alinéa 1 – point 2; Règlement (UE) 2021/1119 – Article 4 – paragraphe 5 – point c - Am 43S,44,584,8,0,10
181425,2025-11-13 11:01:56,A10-0223/2025,,Ondřej Knotek - Article 1 – alinéa 1 – point 2; Règlement (UE) 2021/1119 – Article 4 – paragraphe 5 – point g,406,222,8,0,10
181426,2025-11-13 11:02:13,A10-0223/2025,,Ondřej Knotek - Article 1 – alinéa 1 – point 2; Règlement (UE) 2021/1119 – Article 4 – paragraphe 5 – après le point h - Am 66,239,388,12,0,10
181427,2025-11-13 11:02:25,A10-0223/2025,,Ondřej Knotek - Article 1 – alinéa 1 – point 2; Règlement (UE) 2021/1119 – Article 4 – paragraphe 5 – après le point h - Am 67,241,385,12,0,10
181428,2025-11-13,,,Article 1 – § 1 – point 2; Regulation (EU) 2021/1119 – Article 4 – paragraph 5 – point j,,,,613,10
181429,2025-11-13 11:02:43,A10-0223/2025,,Ondřej Knotek - Article 1 – alinéa 1 – point 2; Règlement (UE) 2021/1119 –; Article 4 – paragraphe 5 – après le point j - Am 44,69,529,32,0,10
181430,2025-11-13 11:02:53,A10-0223/2025,,Ondřej Knotek - Article 1 – alinéa 1 – point 2; Règlement (UE) 2021/1119 –; Article 4 – paragraphe 5 – après le point n - Am 45,52,564,12,0,10
181431,2025-11-13 11:03:05,A10-0223/2025,,Ondřej Knotek - Article 1 – alinéa 1 – point 2; Règlement (UE) 2021/1119 –; Article 4 – paragraphe 5 – après le point n - Am 68,211,411,22,0,10
181432,2025-11-13 11:03:16,A10-0223/2025,,Ondřej Knotek - Article 1 – alinéa 1 – après le point 2; Règlement (UE) 2021/1119 – Article 11 - Am 53,161,405,78,0,10
181433,2025-11-13 11:03:25,A10-0223/2025,,Ondřej Knotek - Article 1 – alinéa 1 – après le point 2; Règlement (UE) 2021/1119 – Article 11 - Am 56,211,412,19,0,10
181435,2025-11-13 11:03:37,A10-0223/2025,,Ondřej Knotek - Article 1 – alinéa 1 – après le point 2; Règlement (UE) 2021/1119 –  Article 11 – alinéa 1 – après le point g  - Am 38/1,551,65,25,0,10
181436,2025-11-13 11:03:47,A10-0223/2025,,Ondřej Knotek - Article 1 – alinéa 1 – après le point 2; Règlement (UE) 2021/1119 –  Article 11 – alinéa 1 – après le point g  - Am 38/2,375,242,20,0,10
181437,2025-11-13 11:03:59,A10-0223/2025,,Ondřej Knotek - Considérant 3 - Am 57,231,398,14,0,10
181438,2025-11-13,,,Recital 3,,,,613,10
181439,2025-11-13 11:04:17,A10-0223/2025,,Ondřej Knotek - Après le considérant 3 - Am 55,165,398,80,0,10
181440,2025-11-13,,,Recital 4,,,,613,10
181441,2025-11-13 11:04:35,A10-0223/2025,,Ondřej Knotek - Considérant 6 - Am 60S,220,413,5,0,10
181443,2025-11-13 11:04:47,A10-0223/2025,,Ondřej Knotek - Après le considérant 8 - Am 11/1,494,128,18,0,10
181444,2025-11-13 11:04:58,A10-0223/2025,,Ondřej Knotek - Après le considérant 8 - Am 11/2,376,248,13,0,10
181445,2025-11-13 11:05:11,A10-0223/2025,,Ondřej Knotek - Considérant 9 - Am 48,222,418,4,0,10
181446,2025-11-13 11:06:14,A10-0223/2025,,"Ondřej Knotek - Demande de renvoi (article 60, paragraphe 4, du règlement)",409,221,7,0,10
181447,2025-11-13,,,Article 4 – § 1 – point 9; Article 19 – paragraph 3,,,,613,10
181448,2025-11-13,,,Article 1 – § 1 – after point 1; Regulation (EU) 2021/1119 – after Article 1,284,342,13,613,10
181449,2025-11-13,,,Article 1 – § 1 – point 2; Regulation (EU) 2021/1119 – Article 4 – § 3,248,386,9,613,10
181450,2025-11-13,,,Proposal for a decision,554,60,20,613,10
181452,2025-11-13,,,Proposal for a decision,441,170,22,613,10
181469,2025-11-13,,,Approval without vote,,,,613,10
181470,2025-11-13,,,Approval without vote,,,,613,10
181483,2025-11-27,,,After § 213,,,,618,22
181486,2025-11-27 12:17:35,A10-0226/2025,,"Thijs Reuten, Nina Carberry - Proposition de résolution (ensemble du texte)",490,41,74,13,22
181489,2025-11-26,,,"§ 1, point an",,,,665,21
181490,2025-11-26,,,Recital I,,,,665,21
181491,2025-11-26,,,Recital AQ,,,,665,21
181492,2025-11-26 12:34:56,A10-0229/2025,,Urmas Paet - Proposition de résolution (ensemble du texte),510,75,80,0,21
181506,2025-11-25,,,After recital A,,,,664,21
181511,2025-11-25 12:41:38,A10-0231/2025,,Tineke Strik - Proposition de résolution (ensemble du texte),415,193,28,28,21
181514,2025-11-26,,,After § 18,,,,665,21
181518,2025-11-26,,,§ 25,,,,665,21
181520,2025-11-26 12:39:11,A10-0213/2025,,Christel Schaldemose - Proposition de résolution (ensemble du texte),483,92,86,4,21
181522,2025-11-26 12:30:40,A10-0117/2025,,"Aura Salla, Irene Tinagli - Accord provisoire - Am 2",519,65,73,8,21
181524,2025-11-26,,,Text as a whole,,,,665,21
181525,2025-11-26,,,Article 1 – § 1 – point 24 – after sub§ 1,,,,665,21
181526,2025-11-26,,,Article 1 – § 1 – point 24 – after sub§ 1,,,,665,21
181527,2025-11-26,,,After recital 2,,,,665,21
181528,2025-11-26,,,After recital 2,,,,665,21
181529,2025-11-26,,,After recital 2,,,,665,21
181530,2025-11-26,,,After recital 2,,,,665,21
181531,2025-11-26,,,Commission proposal,,,,665,21
181535,2025-11-25,,,Text as a whole,,,,664,21
181540,2025-11-25,,,Commission proposal,,,,664,21
181542,2025-11-25 12:49:38,A10-0196/2025,,Brando Benifei - Proposition de résolution (ensemble du texte),330,273,38,23,21
181544,2025-11-26 12:41:47,A10-0185/2025,,Jorge Martín Frías - Proposition de résolution (ensemble du texte),360,298,8,0,21
181545,2025-11-27,,,After § 17,309,121,177,618,22
181546,2025-11-27,,,After § 32,,,,618,22
181548,2025-11-27,,,After § 116,321,116,173,618,22
181549,2025-11-27,,,After § 116,,,,618,22
181550,2025-11-27 12:25:39,A10-0211/2025,,Rosa Estaràs Ferragut - Proposition de résolution (ensemble du texte),490,9,109,10,22
181551,2025-11-25 12:51:56,A10-0225/2025,,Arba Kokalari - Proposition de résolution,426,182,39,17,21
181555,2025-11-27,,,"Article 10, § 3",,,,618,22
181556,2025-11-27,,,"Article 10, § 3",,,,618,22
181557,2025-11-27,,,Recital 36,,,,618,22
181558,2025-11-27,,,Recital 36,,,,618,22
181559,2025-11-27 12:09:23,A10-0208/2025,,Adina Vălean - Proposition de la Commission,392,88,133,5,22
181560,2025-11-27,,,Request for referral back (Rule 60(4)),,,,618,22
181561,2025-11-27 12:06:41,A10-0209/2025,,Adina Vălean - Proposition de la Commission et amendement,400,77,132,9,22
181562,2025-11-27,,,Request for referral back (Rule 60(4)),,,,618,22
181563,2025-11-26 12:31:03,A10-0222/2025,,Aurore Lalucq - Projet de règlement du Conseil,521,110,35,0,21
181564,2025-11-25 12:42:26,A10-0234/2025,,"Alexander Bernhuber, Anna Strolenberg - Proposition de résolution (ensemble du texte)",590,28,32,14,21
181566,2025-11-27 12:27:37,A10-0224/2025,,Marieke Ehlers - Proposition de résolution (ensemble du texte),337,245,12,24,22
181587,2025-11-25 12:29:35,A10-0084/2025,,"Raphaël Glucksmann, François-Xavier Bellamy - Accord provisoire - Am 2",457,148,33,26,21
181589,2025-11-25,,,Parliament and Council statement,,,,664,21
181590,2025-11-25,,,"Parliament, Council and Commission statements",,,,664,21
181591,2025-11-25,,,"Parliament, Council and Commission statements",,,,664,21
181593,2025-11-25,,,Text as a whole,,,,664,21
181598,2025-11-25,,,Commission proposal,,,,664,21
181609,2025-11-25,,,After Article 1,,,,664,21
181610,2025-11-25,,,Article 6 – § 1 – point a,,,,664,21
181611,2025-11-25,,,Article 6 – § 1 – after point h,,,,664,21
181612,2025-11-25,,,After Article 8,,,,664,21
181613,2025-11-25,,,§ 4,,,,664,21
181615,2025-11-25,,,§ 18,395,199,55,664,21
181616,2025-11-25,,,§ 28,,,,664,21
181617,2025-11-25 12:58:08,A10-0212/2025,,Marit Maij - Proposition de résolution (ensemble du texte),389,213,36,26,21
181621,2025-11-26,B10-0506/2025,,Recital A,388,211,33,665,21
181622,2025-11-26,B10-0506/2025,,After recital A,,,,665,21
181623,2025-11-26,B10-0506/2025,,After recital A,,,,665,21
181624,2025-11-26,B10-0506/2025,,After recital A,,,,665,21
181625,2025-11-26,B10-0506/2025,,Recital B,291,316,33,665,21
181626,2025-11-26,B10-0506/2025,,After recital B,,,,665,21
181627,2025-11-26,B10-0506/2025,,After recital C,,,,665,21
181628,2025-11-26,B10-0506/2025,,Recital D,382,225,24,665,21
181631,2025-11-25,,,§ 12,,,,664,21
181632,2025-11-25,,,§ 12,,,,664,21
181633,2025-11-26 12:08:59,A10-0235/2025,,"Andrzej Halicki, Matjaž Nemec - Projet commun",419,185,53,8,21
181634,2025-11-25 12:44:46,A10-0196/2025,,Brando Benifei - Proposition de résolution de remplacement - Am 1,192,443,10,19,21
181636,2025-11-25 12:45:03,A10-0196/2025,,Brando Benifei - § 2/1,443,171,37,13,21
181637,2025-11-25 12:45:16,A10-0196/2025,,Brando Benifei - § 2/2,334,278,28,24,21
181639,2025-11-25 12:45:33,A10-0196/2025,,Brando Benifei - § 8/1,422,189,37,16,21
181640,2025-11-25 12:45:49,A10-0196/2025,,Brando Benifei - § 8/2,320,291,29,24,21
181642,2025-11-25 12:46:07,A10-0196/2025,,Brando Benifei - § 9/1,388,221,27,28,21
181643,2025-11-25 12:46:22,A10-0196/2025,,Brando Benifei - § 9/2,315,291,45,13,21
181644,2025-11-25 12:46:38,A10-0196/2025,,Brando Benifei - § 10,309,302,36,17,21
181646,2025-11-25 12:46:54,A10-0196/2025,,Brando Benifei - § 12/1,385,226,35,18,21
181647,2025-11-25 12:47:09,A10-0196/2025,,Brando Benifei - § 12/2,393,211,45,15,21
181649,2025-11-25 12:47:25,A10-0196/2025,,Brando Benifei - § 22/1,463,162,24,15,21
181650,2025-11-25 12:47:38,A10-0196/2025,,Brando Benifei - § 22/2,322,289,30,23,21
181651,2025-11-25 12:47:53,A10-0196/2025,,Brando Benifei - Visa 10,340,269,34,21,21
181652,2025-11-25 12:48:06,A10-0196/2025,,Brando Benifei - Visa 11,320,280,47,17,21
181654,2025-11-25 12:48:23,A10-0196/2025,,Brando Benifei - Considérant J/1,411,202,23,28,21
181655,2025-11-25 12:48:36,A10-0196/2025,,Brando Benifei - Considérant J/2,366,245,30,23,21
181656,2025-11-25 12:48:51,A10-0196/2025,,Brando Benifei - Considérant K,329,277,41,17,21
181658,2025-11-25 12:49:05,A10-0196/2025,,Brando Benifei - Considérant M/1,551,58,39,16,21
181659,2025-11-25 12:49:19,A10-0196/2025,,Brando Benifei - Considérant M/2,378,217,55,14,21
181660,2025-11-25 12:31:15,A10-0231/2025,,Tineke Strik - Proposition de résolution de remplacement - Am 1,184,441,15,24,21
181661,2025-11-25 12:31:30,A10-0231/2025,,Tineke Strik - Après le § 1 - Am 8,186,447,11,20,21
181662,2025-11-25 12:31:44,A10-0231/2025,,Tineke Strik - § 2 - Am 9,184,450,10,20,21
181663,2025-11-25 12:32:01,A10-0231/2025,,Tineke Strik - § 2,408,213,23,20,21
181664,2025-11-25 12:32:15,A10-0231/2025,,Tineke Strik - Après le § 2 - Am 10,182,446,15,21,21
181665,2025-11-25 12:32:31,A10-0231/2025,,Tineke Strik - § 4 - Am 11,191,443,9,21,21
181666,2025-11-25 12:32:47,A10-0231/2025,,Tineke Strik - § 4,422,199,24,19,21
181667,2025-11-25 12:33:02,A10-0231/2025,,Tineke Strik - § 7 - Am 12,151,443,49,21,21
181668,2025-11-25 12:33:18,A10-0231/2025,,Tineke Strik - § 9 - Am 2,225,415,10,14,21
181669,2025-11-25 12:33:32,A10-0231/2025,,Tineke Strik - § 10 - Am 13,171,445,27,21,21
181670,2025-11-25 12:33:47,A10-0231/2025,,Tineke Strik - § 12 - Am 14,194,439,8,23,21
181671,2025-11-25 12:34:01,A10-0231/2025,,Tineke Strik - § 13 - Am 15,187,444,12,21,21
181672,2025-11-25 12:34:15,A10-0231/2025,,Tineke Strik - § 13,425,171,46,22,21
181673,2025-11-25 12:34:30,A10-0231/2025,,Tineke Strik - § 19,445,188,11,20,21
181674,2025-11-25 12:34:45,A10-0231/2025,,Tineke Strik - § 22,453,168,22,21,21
181675,2025-11-25,,,After § 22,,,,664,21
181676,2025-11-25 12:35:07,A10-0231/2025,,Tineke Strik - § 24 - Am 16,177,451,15,21,21
181677,2025-11-25 12:35:23,A10-0231/2025,,Tineke Strik - § 24,421,203,20,20,21
181679,2025-11-25 12:35:42,A10-0231/2025,,Tineke Strik - § 27/1,418,183,29,34,21
181680,2025-11-25 12:35:57,A10-0231/2025,,Tineke Strik - § 27/2,411,209,10,34,21
181681,2025-11-25 12:36:12,A10-0231/2025,,Tineke Strik - § 28 - Am 17,163,450,31,20,21
181682,2025-11-25 12:36:28,A10-0231/2025,,Tineke Strik - § 28,432,190,22,20,21
181683,2025-11-25 12:36:49,A10-0231/2025,,Tineke Strik - Considérant E - Am 4,183,441,17,23,21
181684,2025-11-25 12:37:02,A10-0231/2025,,Tineke Strik - Après le considérant H - Am 6,182,447,13,22,21
181685,2025-11-25 12:37:15,A10-0231/2025,,Tineke Strik - Après le considérant J - Am 7,144,481,17,22,21
181686,2025-11-25 12:37:31,A10-0231/2025,,Tineke Strik - Considérant AK,440,175,22,27,21
181687,2025-11-25 12:37:45,A10-0231/2025,,Tineke Strik - Considérant AP,472,130,34,28,21
181689,2025-11-25 12:38:03,A10-0231/2025,,Tineke Strik - Considérant BD/1,419,180,30,35,21
181690,2025-11-25 12:38:16,A10-0231/2025,,Tineke Strik - Considérant BD/2,416,202,12,34,21
181692,2025-11-25 12:38:31,A10-0231/2025,,Tineke Strik - Considérant BE/1,421,178,33,32,21
181693,2025-11-25 12:38:45,A10-0231/2025,,Tineke Strik - Considérant BE/2,408,209,11,36,21
181694,2025-11-25 12:38:59,A10-0231/2025,,Tineke Strik - Considérant BE/3,411,207,14,32,21
181695,2025-11-25 12:39:13,A10-0231/2025,,Tineke Strik - Considérant BF,422,180,32,30,21
181696,2025-11-25 12:39:29,A10-0231/2025,,Tineke Strik - Considérant BG,418,158,55,33,21
181698,2025-11-25 12:39:46,A10-0231/2025,,Tineke Strik - Considérant BH/1,420,188,24,32,21
181699,2025-11-25 12:40:01,A10-0231/2025,,Tineke Strik - Considérant BH/2,417,199,14,34,21
181700,2025-11-25 12:40:15,A10-0231/2025,,Tineke Strik - Considérant BI,418,160,51,35,21
181702,2025-11-25 12:40:31,A10-0231/2025,,Tineke Strik - Considérant BJ/1,413,189,32,30,21
181703,2025-11-25 12:40:44,A10-0231/2025,,Tineke Strik - Considérant BJ/2,410,190,29,35,21
181704,2025-11-25 12:40:58,A10-0231/2025,,Tineke Strik - Considérant BK,418,190,26,30,21
181705,2025-11-25 12:41:15,A10-0231/2025,,Tineke Strik - Considérant BP,429,188,21,26,21
181706,2025-11-25,,,Nomination of Daniel Caspary,411,206,25,664,21
181708,2025-11-26,,,Motion for a resolution (as a whole),236,392,34,665,21
181710,2025-11-26,,,Motion for a resolution,,,,665,21
181718,2025-11-26,,,Article 1 – point 1 – point b; Article 2 – point b – point 15a,389,273,3,665,21
181722,2025-11-26,,,Article 1 – point 5; Article 4a – § 1,,,,665,21
181723,2025-11-26,,,Article 1 – point 5; Article 4a – § 2,,,,665,21
181724,2025-11-26,,,Article 1 – point 5; Article 4a – § 3,400,257,8,665,21
181725,2025-11-26,,,Article 1 – point 5; Article 4a – § 3,,,,665,21
181726,2025-11-26,,,Article 1 – point 5; Article 4a – § 4,,,,665,21
181727,2025-11-26,,,Article 1 – point 5; Article 4a – § 5,,,,665,21
181728,2025-11-26,,,Article 1 – point 6; Article 5 – § 1,,,,665,21
181735,2025-11-26,,,Article 1 – point 15; Article 25 – point a – § 1,,,,665,21
181741,2025-11-26,,,Article 1 – point 21; Article 34 – after § 1,,,,665,21
181746,2025-11-26,,,Article 1 – point 21; Article 34 – after § 2,411,233,23,665,21
181747,2025-11-26,,,Article 1 – point 22; Article 37 – § 1,,,,665,21
181748,2025-11-26,,,Article 1 – point 22; Article 37 – § 1,,,,665,21
181749,2025-11-26,,,Article 1 – point 22; Article 37 – § 2,390,263,9,665,21
181750,2025-11-26,,,Article 1 – point 22; Article 37 – § 2,,,,665,21
181752,2025-11-26,,,Article 1 – point 22; Article 37 – § 3,,,,665,21
181753,2025-11-26,,,Article 1 – point 22; Article 37 – § 3,,,,665,21
181757,2025-11-26,,,Article 1 – point 23; Article 38 – § 2,,,,665,21
181759,2025-11-26,,,Article 1 – point 23; Article 38 – § 2,,,,665,21
181760,2025-11-26,,,Article 1 – point 23; Article 38 – after § 2,351,308,4,665,21
181764,2025-11-26,,,Article 1 – point 23; Article 38 – § 3,,,,665,21
181767,2025-11-26,,,Article 1 – point 23; Article 38 – § 3,,,,665,21
181769,2025-11-26,,,Article 1 – point 23; Article 38 – § 4,,,,665,21
181771,2025-11-26,,,Article 1 – point 23; Article 38 – § 5,,,,665,21
181773,2025-11-26,,,Article 1 – point 23; Article 38 – § 5,,,,665,21
181774,2025-11-26,,,Article 1 – point 23; Article 38 – § 5,364,286,10,665,21
181775,2025-11-26,,,Article 1 – point 23; Article 38 – § 5,160,500,4,665,21
181777,2025-11-26,,,"Article 1, after point 23",449,202,7,665,21
181780,2025-11-26,,,Annex II; Annexe III – § 2,,,,665,21
181781,2025-11-26,,,Annex II; Annexe III – § 3,,,,665,21
181784,2025-11-26,,,Recital 6,,,,665,21
181785,2025-11-26,,,Recital 7,,,,665,21
181786,2025-11-26,,,After recital 8,338,318,5,665,21
181787,2025-11-26,,,After recital 8,,,,665,21
181789,2025-11-26,,,Recital 11,385,276,2,665,21
181790,2025-11-26,,,After recital 12,394,266,3,665,21
181791,2025-11-26,,,After recital 12,,,,665,21
181792,2025-11-26,,,After recital 12,410,252,4,665,21
181794,2025-11-26,,,After recital 12,,,,665,21
181795,2025-11-26,,,After recital 12,,,,665,21
181797,2025-11-26,,,Recital 13,375,284,7,665,21
181801,2025-11-26,,,Recital 13,,,,665,21
181802,2025-11-26,,,Recital 13,,,,665,21
181804,2025-11-26,,,Recital 14,,,,665,21
181805,2025-11-26,,,Recital 15,,,,665,21
181807,2025-11-26,,,Recital 16,262,397,4,665,21
181808,2025-11-26,,,Recital 16,389,274,1,665,21
181812,2025-11-26,,,After recital 19,,,,665,21
181813,2025-11-26 12:29:21,C10-0263/2025,,Proposition de la Commission,402,250,8,5,21
181825,2025-11-24 17:12:08,Ordre du jour de mercredi,,"Demande des groupes PPE, S&D, Renew, Verts/ALE et ECR",424,0,14,167,25
181826,2025-11-24 17:12:34,Ordre du jour de mercredi,,"Demande des groupes PPE, S&D, Renew et Verts/ALE",301,103,33,168,25
181827,2025-11-24 17:15:20,Ordre du jour de mercredi,,Demande du groupe The Left,173,244,16,172,25
181828,2025-11-25 12:24:41,COM(2023)0232,,Décision du maintien du recours,334,294,11,25,21
181829,2025-11-25 12:58:40,B10-0489/2025,,Proposition de résolution,453,171,19,21,21
181830,2025-11-25 12:59:30,B10-0490/2025,,Proposition de résolution,456,166,21,21,21
181831,2025-11-25 13:00:29,B10-0491/2025,,Proposition de résolution,426,157,17,64,21
181832,2025-11-25 12:59:09,B10-0492/2025,,Proposition de résolution,452,182,13,17,21
181833,2025-11-25 12:59:53,B10-0493/2025,,Proposition de résolution,453,179,14,18,21
181835,2025-11-25 12:54:33,A10-0212/2025,,Marit Maij - Après le § 4 - Am 4,210,405,30,19,21
181837,2025-11-25,,,§ 29,,,,664,21
181838,2025-11-25,,,§ 29,272,363,8,664,21
181840,2025-11-25,,,§ 31,,,,664,21
181841,2025-11-25,,,§ 31,289,325,27,664,21
181843,2025-11-25,,,§ 32,,,,664,21
181844,2025-11-25,,,§ 32,,,,664,21
181846,2025-11-25,,,§ 37,,,,664,21
181847,2025-11-25,,,§ 37,375,181,77,664,21
181849,2025-11-25,,,§ 39,,,,664,21
181850,2025-11-25,,,§ 39,,,,664,21
181852,2025-11-26 12:31:26,A10-0229/2025,,"Urmas Paet - § 1, point a/1",627,5,26,7,21
181853,2025-11-26 12:31:38,A10-0229/2025,,"Urmas Paet - § 1, point a/2",523,43,85,14,21
181855,2025-11-26,,,"§ 1, point c",,,,665,21
181856,2025-11-26 12:31:55,A10-0229/2025,,"Urmas Paet - § 1, point c/2",509,109,41,6,21
181857,2025-11-26 12:32:08,A10-0229/2025,,"Urmas Paet - § 1, point e",532,85,46,2,21
181858,2025-11-26 12:32:22,A10-0229/2025,,"Urmas Paet - § 1, point g",538,75,44,8,21
181859,2025-11-26 12:32:35,A10-0229/2025,,"Urmas Paet - § 1, après le point e - Am 3",89,523,44,9,21
181860,2025-11-26 12:32:48,A10-0229/2025,,"Urmas Paet - § 1, après le point o - Am 4",131,477,57,0,21
181861,2025-11-26,,,"§ 1, point ab",,,,665,21
181863,2025-11-26 12:33:08,A10-0229/2025,,"Urmas Paet - § 1, point ad/1",563,73,24,5,21
181864,2025-11-26 12:33:19,A10-0229/2025,,"Urmas Paet - § 1, point ad/2",481,113,67,4,21
181865,2025-11-26 12:33:34,A10-0229/2025,,"Urmas Paet - § 1, point ad/3",504,88,64,9,21
181867,2025-11-26,,,"§ 1, point ag",,,,665,21
181868,2025-11-26 12:33:51,A10-0229/2025,,"Urmas Paet - § 1, point ag/2",518,109,32,6,21
181869,2025-11-26,,,"§ 1, point aq",,,,665,21
181871,2025-11-26,,,Recital J,,,,665,21
181872,2025-11-26,,,Recital J,,,,665,21
181874,2025-11-26,,,Recital L,,,,665,21
181875,2025-11-26 12:34:31,A10-0229/2025,,Urmas Paet - Considérant L/2,452,201,11,1,21
181877,2025-11-26,,,Recital AA,,,,665,21
181878,2025-11-26,,,Recital AA,,,,665,21
181879,2025-11-25 12:28:54,A10-0084/2025,,"Raphaël Glucksmann, François-Xavier Bellamy - Proposition de rejet - Am 9",116,490,43,15,21
181880,2025-11-25 12:29:19,A10-0084/2025,,"Raphaël Glucksmann, François-Xavier Bellamy - Demande de procéder au vote sur les amendements",87,542,15,20,21
181881,2025-11-25,,,Article 54 (corresponds to Article 70 in Amendment 2),,,,664,21
181882,2025-11-25,,,Article 54 (corresponds to Article 70 in Amendment 2),,,,664,21
181883,2025-11-25,,,"After Article 54 (corresponds to Article 71, § 1 in Amendment 2)",,,,664,21
181884,2025-11-25,,,"After Article 54 (corresponds to Article 71, § 1 in Amendment 2)",,,,664,21
181885,2025-11-26 12:12:36,C10-0263/2025,,Proposition de rejet-Am 1= 37=,134,526,6,0,21
181886,2025-11-26 12:12:50,C10-0263/2025,,Article 1-avant le point 1; Considérant 68-Am 7,209,452,3,1,21
181887,2025-11-26 12:13:20,C10-0263/2025,,Article 1-point 2; Article 3-point c-Am 8,208,453,3,1,21
181888,2025-11-26 12:13:33,C10-0263/2025,,Article 1-point 4-point c; Article 4-§ 7-Am 32,194,461,7,3,21
181889,2025-11-26 12:13:46,C10-0263/2025,,Article 1-point 4-après le point c; Article 4-après le § 7-Am 9,202,456,2,5,21
181890,2025-11-26 12:14:45,C10-0263/2025,,Article 1-point 6; Article 5-après le § 1-Am 10,210,454,2,0,21
181891,2025-11-26 12:14:59,C10-0263/2025,,Article 1-point 6; Article 5-§ 3-point a-Am 33,205,438,12,10,21
181892,2025-11-26 12:15:12,C10-0263/2025,,Article 1-point 6; Article 5-§ 3-point a-Am 50= 80= 120=,563,43,59,0,21
181893,2025-11-26 12:15:26,C10-0263/2025,,Article 1-point 6; Article 5-§ 5-Am 34S= 49S= 81S= 121S=,561,46,58,0,21
181894,2025-11-26 12:15:38,C10-0263/2025,,Article 1-point 6; Article 5-§ 6-Am 35,197,456,8,4,21
181895,2025-11-26 12:15:51,C10-0263/2025,,Article 1-point 6; Article 5-§ 7-Am 36,198,454,6,7,21
181896,2025-11-26 12:16:10,C10-0263/2025,,Article 1-point 16; Article 26-§ 4-Am 82= 122=,556,102,9,0,21
181897,2025-11-26 12:16:24,C10-0263/2025,,Article 1-après le point 18; Article 29-Am 11,202,449,4,10,21
181898,2025-11-26 12:16:38,C10-0263/2025,,Article 1-point 21; Article 34-après le § 1-Am 30,196,446,11,12,21
181899,2025-11-26 12:16:51,C10-0263/2025,,Article 1-point 21; Article 34-après le § 1-Am 12,199,455,2,9,21
181900,2025-11-26 12:17:11,C10-0263/2025,,Article 1-point 21; Article 34-après le § 1-Am 62= 123=,394,259,13,0,21
181901,2025-11-26 12:17:26,C10-0263/2025,,Article 1-point 21; Article 34-§ 2-point c-Am 13S,204,454,3,4,21
181902,2025-11-26 12:17:39,C10-0263/2025,,Article 1-point 21; Article 34-§ 2-point h-Am 14S,201,453,3,8,21
181903,2025-11-26 12:17:51,C10-0263/2025,,Article 1-point 21; Article 34-§ 2-point i-Am 15,198,446,3,18,21
181904,2025-11-26 12:18:54,C10-0263/2025,,Article 1-point 23; Article 38-§ 2-Am 24,200,461,2,2,21
181905,2025-11-26 12:19:07,C10-0263/2025,,Article 1-point 23; Article 38-§ 2-Am 25,202,451,9,3,21
181907,2025-11-26,,,Article 1 – point 23; Article 38 – § 2,,,,665,21
181908,2025-11-26 12:20:03,C10-0263/2025,,Article 1-point 23; Article 38-§ 3-Am 26S,101,561,3,0,21
181909,2025-11-26 12:20:18,C10-0263/2025,,Article 1-point 23; Article 38-§ 3-Am 64= 129=,442,216,3,4,21
181910,2025-11-26,,,Article 1 – point 23; Article 38 – § 3,,,,665,21
181911,2025-11-26 12:20:37,C10-0263/2025,,Article 1-point 23; Article 38-§ 4-Am 27S= 89S= 130S=,497,152,11,5,21
181912,2025-11-26 12:20:52,C10-0263/2025,,Article 1-point 23; Article 38-§ 5-Am 28S= 90S= 131S=,417,232,10,6,21
181913,2025-11-26 12:21:49,C10-0263/2025,,"Article 1, après le point 23-Am 20",193,451,9,12,21
181914,2025-11-26 12:22:24,C10-0263/2025,,Annexe II; Annexe III-partie introductive-Am 60= 91= 132=,565,92,7,1,21
181915,2025-11-26 12:22:38,C10-0263/2025,,Annexe II; Annexe III-§ 2-Am 92= 133=,564,97,4,0,21
181916,2025-11-26 12:25:00,C10-0263/2025,,Après le considérant 1-Am 38,228,252,177,8,21
181917,2025-11-26 12:25:16,C10-0263/2025,,Considérant 6-Am 31,197,451,11,6,21
181918,2025-11-26,,,After recital 12,,,,665,21
181919,2025-11-26 12:27:01,C10-0263/2025,,Après le considérant 12-Am 29,201,451,7,6,21
181920,2025-11-26,,,Recital 13,,,,665,21
181921,2025-11-26,,,Recital 13,,,,665,21
181922,2025-11-26 12:27:37,C10-0263/2025,,Considérant 14-Am 109S= 23S=,295,357,9,4,21
181923,2025-11-26 12:28:40,C10-0263/2025,,Après le considérant 17-Am 5,205,449,4,7,21
181924,2025-11-26 12:28:54,C10-0263/2025,,Après le considérant 17-Am 6,197,458,5,5,21
181925,2025-11-26 12:35:16,A10-0213/2025,,Christel Schaldemose - Après le § 1 - Am 1,178,448,19,20,21
181926,2025-11-26 12:35:28,A10-0213/2025,,Christel Schaldemose - § 16,632,26,5,2,21
181927,2025-11-26 12:35:42,A10-0213/2025,,Christel Schaldemose - § 17 - Am 4,202,441,10,12,21
181929,2025-11-26 12:35:58,A10-0213/2025,,Christel Schaldemose - § 17/1,416,152,92,5,21
181930,2025-11-26,,,§ 17,,,,665,21
181931,2025-11-26 12:36:15,A10-0213/2025,,Christel Schaldemose - § 18,628,25,12,0,21
181932,2025-11-26 12:36:34,A10-0213/2025,,Christel Schaldemose - § 20 - Am 5,216,426,17,6,21
181933,2025-11-26 12:36:49,A10-0213/2025,,Christel Schaldemose - § 23 - Am 6,196,445,10,14,21
181935,2025-11-26,,,§ 23,,,,665,21
181936,2025-11-26,,,§ 23,,,,665,21
181937,2025-11-26 12:37:10,A10-0213/2025,,Christel Schaldemose - § 24 - Am 7,200,439,15,11,21
181939,2025-11-26 12:37:24,A10-0213/2025,,Christel Schaldemose - § 24/1,418,228,16,3,21
181940,2025-11-26,,,§ 24,,,,665,21
181942,2025-11-26 12:37:45,A10-0213/2025,,Christel Schaldemose - § 25/1,549,97,20,0,21
181943,2025-11-26,,,§ 25,,,,665,21
181944,2025-11-26 12:38:01,A10-0213/2025,,Christel Schaldemose - § 28 - Am 3,172,432,44,17,21
181945,2025-11-26 12:38:14,A10-0213/2025,,Christel Schaldemose - § 31,622,17,28,0,21
181946,2025-11-26 12:38:28,A10-0213/2025,,Christel Schaldemose - § 33,576,30,52,7,21
181947,2025-11-26,,,§ 41,,,,665,21
181948,2025-11-26 12:38:45,A10-0213/2025,,Christel Schaldemose - § 70,632,18,16,0,21
181949,2025-11-26 12:38:57,A10-0213/2025,,Christel Schaldemose - § 81,618,21,23,3,21
181950,2025-11-26 12:51:01,B10-0503/2025,,Proposition de résolution,157,465,20,23,21
181951,2025-11-26 12:52:37,B10-0506/2025,,Proposition de résolution (ensemble du texte),359,188,76,42,21
181952,2025-11-26 12:41:31,A10-0185/2025,,Jorge Martín Frías - Proposition de résolution de remplacement - Am 1,264,363,39,0,21
181953,2025-11-26 12:49:09,B10-0499/2025,,Proposition de résolution,88,388,184,5,21
181955,2025-11-26,,,Recital J,228,378,58,665,21
181956,2025-11-26 12:49:45,B10-0501/2025,,Considérant J/2,269,337,55,4,21
181958,2025-11-27,,,Motion for a resolution (as a whole),,,,618,22
181960,2025-11-26,,,Motion for a resolution (as a whole),,,,665,21
181971,2025-11-26,B10-0500/2025,,§ 17,,,,665,21
181978,2025-11-26,B10-0500/2025,,After § 32,,,,665,21
181979,2025-11-26,B10-0500/2025,,After § 32,,,,665,21
181983,2025-11-26,B10-0500/2025,,After recital E,,,,665,21
181984,2025-11-26,,,Motion for a resolution,,,,665,21
181986,2025-11-26,,,Motion for a resolution,,,,665,21
181994,2025-11-26 12:08:32,A10-0237/2025,,Victor Negrescu - Proposition de résolution (ensemble du texte),519,99,45,2,21
181995,2025-11-25 12:28:11,A10-0109/2025,,Jeroen Lenaers - Accord provisoire - Am 56,556,74,7,27,21
182005,2025-11-25,,,Approval without vote,,,,664,21
182006,2025-11-26,,,Article 1 – point 22; Article 37 – after § 2,,,,665,21
182008,2025-11-26 12:42:23,B10-0496/2025,,Proposition de résolution,49,600,16,0,21
182009,2025-11-26 12:42:40,B10-0500/2025,,§ 1 - Am 3,174,458,22,11,21
182010,2025-11-26 12:42:53,B10-0500/2025,,Après le § 1 - Am 4,155,413,80,17,21
182011,2025-11-26 12:43:06,B10-0500/2025,,Après le § 1 - Am 5,85,471,93,16,21
182012,2025-11-26 12:43:19,B10-0500/2025,,Après le § 1 - Am 6,95,471,82,17,21
182013,2025-11-26 12:43:32,B10-0500/2025,,Après le § 6 - Am 7,133,492,22,18,21
182014,2025-11-26 12:43:44,B10-0500/2025,,§ 11 - Am 18,233,393,28,11,21
182016,2025-11-26,,,§ 9,,,,665,21
182017,2025-11-26,,,§ 9,,,,665,21
182019,2025-11-26,,,§ 10,,,,665,21
182020,2025-11-26,,,§ 10,,,,665,21
182021,2025-11-26 12:44:17,B10-0500/2025,,Après le § 11 - Am 8,173,433,39,20,21
182022,2025-11-26 12:44:28,B10-0500/2025,,Après le § 11 - Am 9,124,503,21,17,21
182023,2025-11-26 12:44:39,B10-0500/2025,,§ 13 - Am 10,159,430,59,17,21
182025,2025-11-26,,,§ 14,,,,665,21
182026,2025-11-26,,,§ 14,,,,665,21
182027,2025-11-26 12:45:04,B10-0500/2025,,Après le § 19 - Am 17,234,402,22,7,21
182029,2025-11-26,,,§ 25,,,,665,21
182030,2025-11-26 12:45:23,B10-0500/2025,,§ 25/2,467,190,10,0,21
182032,2025-11-26,,,§ 28,,,,665,21
182033,2025-11-26,,,§ 28,,,,665,21
182034,2025-11-26 12:45:43,B10-0500/2025,,§ 31 - Am 11,171,461,18,15,21
182035,2025-11-26 12:45:55,B10-0500/2025,,Après le § 31 - Am 12,170,399,71,25,21
182036,2025-11-26 12:46:07,B10-0500/2025,,Après le § 31 - Am 13,89,549,11,16,21
182037,2025-11-26 12:46:18,B10-0500/2025,,Après le § 31 - Am 14,70,576,5,14,21
182038,2025-11-26 12:46:30,B10-0500/2025,,Après le § 32 - Am 16,233,383,36,13,21
182039,2025-11-26 12:46:51,B10-0500/2025,,§ 33 - Am 15,94,477,80,14,21
182040,2025-11-26 12:48:17,B10-0500/2025,,Après le considérant C - Am 1,140,414,99,12,21
182041,2025-11-26 12:48:30,B10-0500/2025,,Après le considérant E - Am 2,182,436,31,16,21
182043,2025-11-27,,,Motion for a resolution,,,,618,22
182044,2025-11-26 12:07:04,A10-0237/2025,,Victor Negrescu - § 1 - Am 2,131,508,13,13,21
182045,2025-11-26,,,§ 2,,,,665,21
182046,2025-11-26,,,§ 4,,,,665,21
182047,2025-11-26 12:07:27,A10-0237/2025,,Victor Negrescu - § 8 - Am 3,161,463,34,7,21
182048,2025-11-26 12:07:41,A10-0237/2025,,Victor Negrescu - § 8 - Am 4,186,447,22,10,21
182049,2025-11-26 12:07:55,A10-0237/2025,,Victor Negrescu - Après le § 8 - Am 5,197,447,5,16,21
182050,2025-11-26,,,Citation 6,,,,665,21
182051,2025-11-26,,,Citation 7,,,,665,21
182052,2025-11-26 12:08:17,A10-0237/2025,,Victor Negrescu - Considérant E - Am 1,184,458,18,5,21
182053,2025-11-27 12:10:21,A10-0226/2025,,"Thijs Reuten, Nina Carberry - § 13",526,58,26,8,22
182054,2025-11-27 12:10:33,A10-0226/2025,,"Thijs Reuten, Nina Carberry - Après le § 125 - Am 2",174,415,18,11,22
182056,2025-11-27,,,§ 126,,,,618,22
182057,2025-11-27,,,§ 126,,,,618,22
182059,2025-11-27,,,§ 168,,,,618,22
182060,2025-11-27,,,§ 168,,,,618,22
182061,2025-11-27,,,§ 168,,,,618,22
182062,2025-11-27 12:11:21,A10-0226/2025,,"Thijs Reuten, Nina Carberry - Après le § 172 - Am 4",137,452,22,7,22
182063,2025-11-27 12:11:35,A10-0226/2025,,"Thijs Reuten, Nina Carberry - § 199",557,35,17,9,22
182065,2025-11-27,,,§ 204,,,,618,22
182066,2025-11-27 12:11:56,A10-0226/2025,,"Thijs Reuten, Nina Carberry - § 204/2",549,34,25,10,22
182067,2025-11-27 12:12:15,A10-0226/2025,,"Thijs Reuten, Nina Carberry - Après le § 244 - Am 3",189,407,12,10,22
182068,2025-11-27 12:12:28,A10-0226/2025,,"Thijs Reuten, Nina Carberry - § 250",505,62,38,13,22
182070,2025-11-27,,,§ 251,,,,618,22
182071,2025-11-27,,,§ 251,,,,618,22
182072,2025-11-27 12:13:00,A10-0226/2025,,"Thijs Reuten, Nina Carberry - § 251/3",472,64,70,12,22
182074,2025-11-27 12:13:17,A10-0226/2025,,"Thijs Reuten, Nina Carberry - § 252/1",511,57,33,17,22
182075,2025-11-27 12:13:28,A10-0226/2025,,"Thijs Reuten, Nina Carberry - § 252/2",461,82,43,32,22
182076,2025-11-27 12:13:39,A10-0226/2025,,"Thijs Reuten, Nina Carberry - § 252/3",456,96,43,23,22
182077,2025-11-27 12:13:49,A10-0226/2025,,"Thijs Reuten, Nina Carberry - § 252/4",528,34,37,19,22
182078,2025-11-27 12:13:59,A10-0226/2025,,"Thijs Reuten, Nina Carberry - § 252/5",455,88,55,20,22
182079,2025-11-27 12:14:10,A10-0226/2025,,"Thijs Reuten, Nina Carberry - § 252/6",424,152,14,28,22
182080,2025-11-27 12:14:23,A10-0226/2025,,"Thijs Reuten, Nina Carberry - § 254",438,116,52,12,22
182081,2025-11-27 12:14:35,A10-0226/2025,,"Thijs Reuten, Nina Carberry - § 255",465,98,46,9,22
182082,2025-11-27 12:14:47,A10-0226/2025,,"Thijs Reuten, Nina Carberry - § 257",507,72,28,11,22
182084,2025-11-27 12:15:02,A10-0226/2025,,"Thijs Reuten, Nina Carberry - § 258/1",504,72,28,14,22
182085,2025-11-27 12:15:13,A10-0226/2025,,"Thijs Reuten, Nina Carberry - § 258/2",447,126,25,20,22
182086,2025-11-27 12:15:24,A10-0226/2025,,"Thijs Reuten, Nina Carberry - § 258/3",476,71,55,16,22
182087,2025-11-27 12:15:35,A10-0226/2025,,"Thijs Reuten, Nina Carberry - § 258/4",439,93,67,19,22
182088,2025-11-27 12:15:45,A10-0226/2025,,"Thijs Reuten, Nina Carberry - § 258/5",510,67,29,12,22
182089,2025-11-27 12:15:58,A10-0226/2025,,"Thijs Reuten, Nina Carberry - § 259",471,85,53,9,22
182090,2025-11-27 12:16:09,A10-0226/2025,,"Thijs Reuten, Nina Carberry - § 260",506,71,29,12,22
182091,2025-11-27 12:16:21,A10-0226/2025,,"Thijs Reuten, Nina Carberry - § 262",518,67,25,8,22
182093,2025-11-27,,,§ 265,,,,618,22
182094,2025-11-27,,,§ 265,,,,618,22
182095,2025-11-27,,,Citation 21,,,,618,22
182096,2025-11-27 12:16:59,A10-0226/2025,,"Thijs Reuten, Nina Carberry - Après le considérant J - Am 1",178,416,12,12,22
182098,2025-11-27,,,Recital M,,,,618,22
182099,2025-11-27 12:17:21,A10-0226/2025,,"Thijs Reuten, Nina Carberry - Considérant M/2",485,99,13,21,22
182104,2025-11-27,B10-0508/2025,,B10-0508/2025,,,,618,22
182105,2025-11-27,B10-0510/2025,,B10-0510/2025,,,,618,22
182106,2025-11-27,B10-0513/2025,,B10-0513/2025,,,,618,22
182107,2025-11-27,B10-0516/2025,,B10-0516/2025,,,,618,22
182108,2025-11-27,B10-0521/2025,,B10-0521/2025,,,,618,22
182109,2025-11-27,B10-0523/2025,,B10-0523/2025,,,,618,22
182110,2025-11-26 12:19:23,C10-0263/2025,,Article 1-point 23; Article 38-§ 2-Am 63= 128=,407,245,5,8,21
182111,2025-11-26,,,Request for referral back (Rule 60(4)),440,211,11,665,21
182112,2025-11-27,,,Amendments by the committee responsible – put to the vote collectively,,,,618,22
182113,2025-11-27 12:07:58,A10-0208/2025,,"Adina Vălean - Article 10, § 2 - Am 168",149,439,4,26,22
182115,2025-11-27,,,"Article 12, after § 3",,,,618,22
182116,2025-11-27,,,"Article 12, after § 3",,,,618,22
182118,2025-11-27,,,"Article 19, § 4",,,,618,22
182119,2025-11-27,,,"Article 19, § 4",,,,618,22
182120,2025-11-27 12:26:11,A10-0224/2025,,Marieke Ehlers - Proposition de résolution de remplacement - Am 1,262,327,18,11,22
182138,2025-11-27,B10-0544/2025,,B10-0544/2025,,,,618,22
182139,2025-11-27,B10-0545/2025,,B10-0545/2025,,,,618,22
182140,2025-11-27,B10-0546/2025,,B10-0546/2025,,,,618,22
182141,2025-11-27,B10-0547/2025,,B10-0547/2025,,,,618,22
182142,2025-11-27,B10-0548/2025,,B10-0548/2025,,,,618,22
182143,2025-11-27,B10-0549/2025,,B10-0549/2025,,,,618,22
182144,2025-11-27,B10-0550/2025,,B10-0550/2025,,,,618,22
182146,2025-11-27,,,§ 11,,,,618,22
182147,2025-11-27,,,§ 11,,,,618,22
182149,2025-11-27,,,§ 12,,,,618,22
182150,2025-11-27,,,§ 12,,,,618,22
182151,2025-11-27 12:18:26,A10-0211/2025,,Rosa Estaràs Ferragut - § 14,258,321,21,18,22
182153,2025-11-27 12:18:42,A10-0211/2025,,Rosa Estaràs Ferragut - § 17/1,515,21,74,8,22
182154,2025-11-27 12:18:53,A10-0211/2025,,Rosa Estaràs Ferragut - § 17/2,364,221,20,13,22
182155,2025-11-27 12:19:05,A10-0211/2025,,Rosa Estaràs Ferragut - § 17/3,367,214,23,14,22
182157,2025-11-27 12:19:42,A10-0211/2025,,Rosa Estaràs Ferragut - § 18/1,483,39,86,10,22
182158,2025-11-27 12:19:53,A10-0211/2025,,Rosa Estaràs Ferragut - § 18/2,483,74,50,11,22
182159,2025-11-27 12:20:08,A10-0211/2025,,Rosa Estaràs Ferragut - § 20,403,159,34,22,22
182161,2025-11-27 12:20:23,A10-0211/2025,,Rosa Estaràs Ferragut - § 23/1,502,41,60,15,22
182162,2025-11-27 12:20:34,A10-0211/2025,,Rosa Estaràs Ferragut - § 23/2,413,100,91,14,22
182164,2025-11-27 12:20:48,A10-0211/2025,,Rosa Estaràs Ferragut - § 24/1,509,23,77,9,22
182165,2025-11-27 12:21:00,A10-0211/2025,,Rosa Estaràs Ferragut - § 24/2,330,244,27,17,22
182166,2025-11-27 12:21:13,A10-0211/2025,,Rosa Estaràs Ferragut - § 24/3,487,75,44,12,22
182167,2025-11-27 12:21:26,A10-0211/2025,,Rosa Estaràs Ferragut - § 26,299,237,73,9,22
182169,2025-11-27 12:21:49,A10-0211/2025,,Rosa Estaràs Ferragut - § 47/1,548,11,51,8,22
182170,2025-11-27 12:22:01,A10-0211/2025,,Rosa Estaràs Ferragut - § 47/2,365,224,13,16,22
182172,2025-11-27 12:22:14,A10-0211/2025,,Rosa Estaràs Ferragut - § 60/1,488,74,48,8,22
182173,2025-11-27 12:22:26,A10-0211/2025,,Rosa Estaràs Ferragut - § 60/2,385,168,50,15,22
182175,2025-11-27 12:22:38,A10-0211/2025,,Rosa Estaràs Ferragut - § 63/1,528,18,63,9,22
182176,2025-11-27 12:22:51,A10-0211/2025,,Rosa Estaràs Ferragut - § 63/2,413,125,65,15,22
182178,2025-11-27 12:23:05,A10-0211/2025,,Rosa Estaràs Ferragut - § 68/1,514,60,37,7,22
182179,2025-11-27 12:23:16,A10-0211/2025,,Rosa Estaràs Ferragut - § 68/2,348,151,108,11,22
182181,2025-11-27 12:23:29,A10-0211/2025,,Rosa Estaràs Ferragut - § 77/1,538,19,52,9,22
182182,2025-11-27 12:23:41,A10-0211/2025,,Rosa Estaràs Ferragut - § 77/2,484,48,69,17,22
182184,2025-11-27,,,§ 86,,,,618,22
182185,2025-11-27,,,§ 86,,,,618,22
182186,2025-11-27 12:24:14,A10-0211/2025,,Rosa Estaràs Ferragut - § 87 - Am 1,287,259,58,14,22
182188,2025-11-27,,,§ 87,,,,618,22
182189,2025-11-27,,,§ 87,,,,618,22
182191,2025-11-27 12:24:34,A10-0211/2025,,Rosa Estaràs Ferragut - § 90/1,553,12,39,14,22
182192,2025-11-27 12:24:48,A10-0211/2025,,Rosa Estaràs Ferragut - § 90/2,417,109,69,23,22
182194,2025-11-27,,,§ 96,,,,618,22
182195,2025-11-27,,,§ 96,,,,618,22
182205,2025-11-26,,,After recital B,,,,665,21
182223,2025-11-27,,,After § 25,,,,618,22
182235,2025-11-27,B10-0517/2025,,B10-0517/2025,,,,618,22
182236,2025-11-27,B10-0519/2025,,B10-0519/2025,,,,618,22
182237,2025-11-27,B10-0533/2025,,B10-0533/2025,,,,618,22
182238,2025-11-27,B10-0539/2025,,B10-0539/2025,,,,618,22
182239,2025-11-27,B10-0540/2025,,B10-0540/2025,,,,618,22
182240,2025-11-27,B10-0542/2025,,B10-0542/2025,,,,618,22
182241,2025-11-27,B10-0543/2025,,B10-0543/2025,,,,618,22
182249,2025-11-27,B10-0509/2025,,B10-0509/2025,,,,618,22
182250,2025-11-27,B10-0526/2025,,B10-0526/2025,,,,618,22
182251,2025-11-27,B10-0528/2025,,B10-0528/2025,,,,618,22
182252,2025-11-27,B10-0529/2025,,B10-0529/2025,,,,618,22
182253,2025-11-27,B10-0531/2025,,B10-0531/2025,,,,618,22
182254,2025-11-27,B10-0535/2025,,B10-0535/2025,,,,618,22
182255,2025-11-27,B10-0541/2025,,B10-0541/2025,,,,618,22
182256,2025-11-27 12:34:30,RC-B10-0508/2025,,Après le § 19 - Am 1,263,291,26,38,22
182257,2025-11-27 12:34:44,RC-B10-0508/2025,,Proposition de résolution (ensemble du texte),519,3,57,39,22
182258,2025-11-27 12:28:06,RC-B10-0533/2025,,Après le § 1 - Am 24,323,249,14,32,22
182259,2025-11-27 12:28:20,RC-B10-0533/2025,,Après le § 9 - Am 17,272,289,32,25,22
182260,2025-11-27 12:28:35,RC-B10-0533/2025,,Après le § 9 - Am 18,211,350,30,27,22
182261,2025-11-27 12:28:47,RC-B10-0533/2025,,Après le § 9 - Am 9,206,353,30,29,22
182262,2025-11-27 12:29:00,RC-B10-0533/2025,,Après le § 9 - Am 10,206,365,16,31,22
182263,2025-11-27 12:29:13,RC-B10-0533/2025,,Après le § 9 - Am 11,200,384,6,28,22
182264,2025-11-27 12:29:26,RC-B10-0533/2025,,Après le § 9 - Am 12,316,260,14,28,22
182265,2025-11-27 12:29:39,RC-B10-0533/2025,,Après le § 9 - Am 13,99,395,96,28,22
182266,2025-11-27 12:29:52,RC-B10-0533/2025,,Après le § 9 - Am 14,94,475,19,30,22
182267,2025-11-27 12:30:04,RC-B10-0533/2025,,Après le § 9 - Am 15,233,330,30,25,22
182268,2025-11-27 12:30:18,RC-B10-0533/2025,,§ 10 - Am 19,393,109,84,32,22
182269,2025-11-27 12:30:31,RC-B10-0533/2025,,§ 10 - Am 25,212,362,14,30,22
182270,2025-11-27 12:30:43,RC-B10-0533/2025,,Après le § 19 - Am 4,183,386,12,37,22
182271,2025-11-27 12:30:57,RC-B10-0533/2025,,Après le § 19 - Am 26,218,356,10,34,22
182272,2025-11-27 12:31:08,RC-B10-0533/2025,,§ 20 - Am 27,187,398,2,31,22
182273,2025-11-27 12:31:20,RC-B10-0533/2025,,Après le § 21 - Am 5,191,380,16,31,22
182275,2025-11-27,,,§ 22,,,,618,22
182276,2025-11-27 12:31:46,RC-B10-0533/2025,,§ 22/2,478,68,45,27,22
182277,2025-11-27,,,§ 22,,,,618,22
182278,2025-11-27 12:32:02,RC-B10-0533/2025,,§ 22/4,405,68,115,30,22
182279,2025-11-27 12:32:15,RC-B10-0533/2025,,Après le § 26 - Am 2= 20=,293,197,94,34,22
182280,2025-11-27 12:32:28,RC-B10-0533/2025,,Après le considérant A - Am 6,114,312,166,26,22
182281,2025-11-27 12:32:40,RC-B10-0533/2025,,Après le considérant B - Am 7,70,379,143,26,22
182282,2025-11-27 12:32:51,RC-B10-0533/2025,,Après le considérant B - Am 8,54,380,154,30,22
182283,2025-11-27 12:33:03,RC-B10-0533/2025,,Après le considérant D - Am 3,190,374,16,38,22
182284,2025-11-27 12:33:17,RC-B10-0533/2025,,Après le considérant D - Am 21,213,356,13,36,22
182285,2025-11-27 12:33:29,RC-B10-0533/2025,,Après le considérant E - Am 22,174,393,13,38,22
182286,2025-11-27 12:33:40,RC-B10-0533/2025,,Après le considérant E - Am 23,221,365,4,28,22
182287,2025-11-27 12:33:52,RC-B10-0533/2025,,Après le considérant F - Am 16,262,285,42,29,22
182288,2025-11-27 12:34:09,RC-B10-0533/2025,,Proposition de résolution (ensemble du texte),503,32,52,31,22
182290,2025-11-27 12:05:40,RC-B10-0518/2025,,§ 1,531,2,63,22,22
182291,2025-11-27 12:05:51,RC-B10-0518/2025,,§ 2,525,14,57,22,22
182292,2025-11-27 12:06:03,RC-B10-0518/2025,,Après le § 7 - Am 1,246,317,31,24,22
182293,2025-11-27 12:06:16,RC-B10-0518/2025,,Proposition de résolution (ensemble du texte),464,58,75,21,22
182295,2025-11-27,B10-0518/2025,,B10-0518/2025,,,,618,22
182296,2025-11-27,B10-0520/2025,,B10-0520/2025,,,,618,22
182297,2025-11-27,B10-0522/2025,,B10-0522/2025,,,,618,22
182298,2025-11-27,B10-0525/2025,,B10-0525/2025,,,,618,22
182299,2025-11-27,B10-0532/2025,,B10-0532/2025,,,,618,22
182300,2025-11-27,B10-0536/2025,,B10-0536/2025,,,,618,22
182301,2025-11-27,B10-0537/2025,,B10-0537/2025,,,,618,22
182302,2025-11-27,B10-0538/2025,,B10-0538/2025,,,,618,22
182304,2025-11-27,,,After § 7,,,,618,22
182305,2025-11-27 12:03:55,RC-B10-0514/2025,,Proposition de résolution (ensemble du texte),539,0,27,52,22
182307,2025-11-27,B10-0514/2025,,B10-0514/2025,,,,618,22
182308,2025-11-27,B10-0515/2025,,B10-0515/2025,,,,618,22
182309,2025-11-27,B10-0524/2025,,B10-0524/2025,,,,618,22
182310,2025-11-27,B10-0527/2025,,B10-0527/2025,,,,618,22
182311,2025-11-27,B10-0530/2025,,B10-0530/2025,,,,618,22
182312,2025-11-27,B10-0534/2025,,B10-0534/2025,,,,618,22
182313,2025-11-27 12:04:23,RC-B10-0528/2025,,Après le § 5 - Am 3,79,493,9,37,22
182314,2025-11-27 12:04:39,RC-B10-0528/2025,,Après le § 9 - Am 4,46,459,77,36,22
182315,2025-11-27 12:04:51,RC-B10-0528/2025,,Après le considérant D - Am 1,150,388,45,35,22
182316,2025-11-27 12:05:02,RC-B10-0528/2025,,Après le considérant D - Am 2,110,457,20,31,22
182317,2025-11-27 12:05:15,RC-B10-0528/2025,,Proposition de résolution (ensemble du texte),549,7,31,31,22
182318,2025-11-27 12:35:11,RC-B10-0545/2025,,Après le § 1 - Am 3,122,391,63,42,22
182319,2025-11-27 12:35:24,RC-B10-0545/2025,,Après le § 1 - Am 6,89,441,47,41,22
182320,2025-11-27 12:35:34,RC-B10-0545/2025,,Après le § 1 - Am 7,84,441,51,42,22
182321,2025-11-27 12:35:46,RC-B10-0545/2025,,Après le § 1 - Am 8,110,375,82,51,22
182322,2025-11-27 12:35:57,RC-B10-0545/2025,,Après le § 1 - Am 9,145,390,42,41,22
182323,2025-11-27 12:36:09,RC-B10-0545/2025,,Après le § 1 - Am 10,127,395,56,40,22
182324,2025-11-27 12:36:20,RC-B10-0545/2025,,Après le § 1 - Am 11,88,426,60,44,22
182325,2025-11-27 12:36:32,RC-B10-0545/2025,,Après le § 1 - Am 12,158,380,42,38,22
182326,2025-11-27 12:36:45,RC-B10-0545/2025,,§ 2 - Am 2,121,404,36,57,22
182327,2025-11-27 12:36:57,RC-B10-0545/2025,,§ 2 - Am 13,85,443,46,44,22
182329,2025-11-27 12:37:14,RC-B10-0545/2025,,§ 2/1,549,20,9,40,22
182330,2025-11-27,,,§ 2,,,,618,22
182331,2025-11-27,,,§ 2,,,,618,22
182332,2025-11-27 12:37:36,RC-B10-0545/2025,,Après le § 2 - Am 14,47,459,68,44,22
182333,2025-11-27 12:37:49,RC-B10-0545/2025,,§ 4,470,42,61,45,22
182335,2025-11-27,,,§ 5,,,,618,22
182336,2025-11-27 12:38:11,RC-B10-0545/2025,,§ 5/2,418,105,45,50,22
182337,2025-11-27 12:38:24,RC-B10-0545/2025,,§ 6,454,41,67,56,22
182339,2025-11-27 12:38:42,RC-B10-0545/2025,,§ 7/1,431,122,18,47,22
182340,2025-11-27 12:38:55,RC-B10-0545/2025,,§ 7/2,460,80,22,56,22
182343,2025-11-27 12:39:11,RC-B10-0545/2025,,§ 8/1,490,44,32,52,22
182344,2025-11-27 12:39:22,RC-B10-0545/2025,,§ 8/2,460,72,34,52,22
182345,2025-11-27 12:39:33,RC-B10-0545/2025,,§ 8/3,503,37,29,49,22
182346,2025-11-27 12:39:46,RC-B10-0545/2025,,§ 10,440,56,65,57,22
182347,2025-11-27 12:40:00,RC-B10-0545/2025,,Après le § 11 - Am 4,163,364,39,52,22
182349,2025-11-27,,,Recital A,,,,618,22
182350,2025-11-27,,,Recital A,,,,618,22
182351,2025-11-27 12:40:23,RC-B10-0545/2025,,Après le considérant A - Am 5,111,440,22,45,22
182352,2025-11-27 12:40:37,RC-B10-0545/2025,,Après le considérant B - Am 1,130,373,63,52,22
182353,2025-11-27 12:40:52,RC-B10-0545/2025,,Proposition de résolution (ensemble du texte),401,70,90,57,22
182382,2025-12-18,,,After § 4,,,,595,14
182388,2025-12-18 12:20:25,A10-0236/2025,,Ton Diepeveen - Proposition de résolution (ensemble du texte),450,93,37,15,14
182397,2025-12-16,,,"Article 2, § 1, after point 11",,,,667,11
182398,2025-12-16,,,"Article 2, § 1, after point 11",,,,667,11
182407,2025-12-16,,,Article 3 – after § 2,,,,667,11
182409,2025-12-16,,,Article 4 – § 1,,,,667,11
182411,2025-12-16,,,Article 4 – § 3,,,,667,11
182413,2025-12-16,,,Article 4 – after § 3,,,,667,11
182420,2025-12-16,,,Article 6 – § 3,,,,667,11
182427,2025-12-16,,,Article 7 – § 10,,,,667,11
182431,2025-12-16,,,Article 9 – § 5,,,,667,11
182433,2025-12-16,,,Article 9 – § 8,,,,667,11
182438,2025-12-16,,,Article 11 – § 4,,,,667,11
182439,2025-12-16,,,Article 12 – § 1,,,,667,11
182440,2025-12-16,,,Article 12 – § 2,,,,667,11
182442,2025-12-16,,,Article 12 – § 7,,,,667,11
182445,2025-12-16,,,Article 14 – § 2,,,,667,11
182449,2025-12-16,,,Article 15 – § 1,183,442,27,667,11
182450,2025-12-16,,,After Article 15,266,373,15,667,11
182452,2025-12-16,,,After recital 1,,,,667,11
182458,2025-12-16,,,After recital 7,,,,667,11
182459,2025-12-16,,,After recital 10,,,,667,11
182460,2025-12-16 13:01:18,A10-0254/2025,,Gabriel Mato - Proposition de la Commission,431,161,70,5,11
182461,2025-12-16,,,Request for referral back (Rule 60(4)),,,,667,11
182462,2025-12-17 12:27:51,A10-0241/2025,,Borys Budka - Proposition de la Commission au Conseil,604,37,18,0,12
182463,2025-12-16 13:10:37,A10-0233/2025,,Pascal Arimont - Proposition de la Commission,619,6,37,5,11
182464,2025-12-16,,,§ 5,,,,667,11
182465,2025-12-16,,,§ 12,,,,667,11
182466,2025-12-16,,,Recital E,,,,667,11
182468,2025-12-16,,,Recital F,,,,667,11
182469,2025-12-16,,,Recital I,,,,667,11
182470,2025-12-16 13:12:40,A10-0239/2025,,Aura Salla - Proposition de résolution (ensemble du texte),578,54,30,5,11
182479,2025-12-16 13:10:16,A10-0245/2025,,Céline Imart - Proposition de la Commission,585,34,45,3,11
182481,2025-12-16,,,Proposal for rejection,,,,667,11
182483,2025-12-16 13:07:56,A10-0172/2025,,Rihards Kols - Accord provisoire - Am 2,519,119,25,4,11
182485,2025-12-16,,,Text as a whole,,,,667,11
182488,2025-12-16,,,Commission proposal,,,,667,11
182489,2025-12-18,,,After § 2,,,,595,14
182493,2025-12-18,,,After § 14,,,,595,14
182501,2025-12-18,,,After recital B,,,,595,14
182506,2025-12-18 12:16:09,A10-0240/2025,,"Jean-Marc Germain, Monika Hohlmeier - Proposition de résolution (ensemble du texte)",386,184,15,10,14
182509,2025-12-16 13:08:20,A10-0164/2025,,André Rodrigues - Accord provisoire - Am 90,629,17,16,5,11
182510,2025-12-17 12:30:33,A10-0243/2025,,Christophe Gomart - Proposition de résolution (ensemble du texte),425,120,96,13,12
182511,2025-12-17 12:29:28,A10-0242/2025,,"Petras Auštrevičius, Roberts Zīle - Proposition de résolution",493,127,38,0,12
182512,2025-12-17 12:27:28,A10-0228/2025,,Paolo Borchia - Projet de décision du Conseil,627,13,5,9,12
182518,2025-12-16 13:11:37,A10-0197/2025,,Jörgen Warborn - Accord provisoire - Am 401,428,218,17,4,11
182520,2025-12-16,,,Text as a whole,,,,667,11
182522,2025-12-16,,,Article 1 – § 1 – point 1; Directive 2006/43/EC – Article 26 a – § 3,,,,667,11
182523,2025-12-16,,,Article 1 – § 1 – point 1; Directive 2006/43/EC – Article 26 a – § 3,,,,667,11
182524,2025-12-16,,,Article 1 – § 1 – point 2; Directive 2006/43/EC – Article 48 a – § 2 – sub§ 2,,,,667,11
182527,2025-12-16,,,Article 2 – § 1 – point 1 – point a; Directive 2013/34/EU – Article 1 – § 3 – introductory part,,,,667,11
182528,2025-12-16,,,Article 2 – § 1 – point 1 – point b; Directive 2013/34/EU – Article 1 – § 4,,,,667,11
182530,2025-12-16,,,Article 2 – § 1 – point 2; Directive 2013/34/EU – Article 19 a,,,,667,11
182534,2025-12-16,,,Article 2 – § 1 – point 4; Directive 2013/34/EU – Article 29 a,,,,667,11
182535,2025-12-16,,,Article 2 – § 1 – point 7; Directive 2013/34/EU – Article 29 c,,,,667,11
182537,2025-12-16,,,Article 2 – § 1 – point 8; Directive 2013/34/EU – Article 29 ca,,,,667,11
182539,2025-12-16,,,Article 2 – § 1 – point 10; Directive 2013/34/EU – Article 33 – § 1,,,,667,11
182541,2025-12-16,,,Article 2 – § 1 – point 11; Directive 2013/34/EU – Article 34,,,,667,11
182543,2025-12-16,,,Article 2 – § 1 – point 12; Directive 2013/34/EU – Article 40 a – § 1,,,,667,11
182544,2025-12-16,,,Article 2 – § 1 – point 12 – point b; Directive 2013/34/EU – Article 40 a – § 1 – sub§ 4 and 5,,,,667,11
182545,2025-12-16,,,Article 2 – § 1 – point 12 – point b; Directive 2013/34/EU – Article 40 a – § 1 – sub§ 4 and 5,,,,667,11
182548,2025-12-16,,,Article 3; Directive (EU) 2022/2464 – Article 5 – § 2,,,,667,11
182551,2025-12-16,,,Article 4 – § 1 – point 3; Directive (EU) 2024/1760 – Article 4,,,,667,11
182552,2025-12-16,,,Article 4 – § 1 – point 10; Directive (EU) 2024/1760 – Article 22 – § 1 – sub§ 1,,,,667,11
182556,2025-12-16,,,Article 4 – § 1 – point 11; Directive (EU) 2024/1760 – Article 27 – § 4,,,,667,11
182558,2025-12-16,,,Commission proposal,,,,667,11
182569,2025-12-16 12:46:58,A10-0254/2025,,Gabriel Mato - Après l'article 1 - Am 74,196,436,13,22,11
182570,2025-12-16 12:47:12,A10-0254/2025,,Gabriel Mato - Article 2 – alinéa 1 – § 3 – après le point ii - Am 19,286,340,30,11,11
182571,2025-12-16 12:47:28,A10-0254/2025,,Gabriel Mato - Article 2 – alinéa 1 – § 3 – après le point iii - Am 20,220,380,32,35,11
182572,2025-12-16 12:47:42,A10-0254/2025,,Gabriel Mato - Article 2 – alinéa 1 – § 5 - Am 21= 82=,337,311,7,12,11
182573,2025-12-16 12:47:57,A10-0254/2025,,Gabriel Mato - Article 2 – alinéa 1 – § 10 - Am 22S,252,376,30,9,11
182574,2025-12-16 12:48:11,A10-0254/2025,,Gabriel Mato - Article 2 – alinéa 1 – point 10 – sous-point i - Am 75,203,436,11,17,11
182575,2025-12-16 12:48:36,A10-0254/2025,,Gabriel Mato - Article 3 – § 1 - Am 23,296,340,25,6,11
182576,2025-12-16 12:48:50,A10-0254/2025,,Gabriel Mato - Article 3 – § 1 - Am 24S,233,408,20,6,11
182577,2025-12-16 12:49:02,A10-0254/2025,,Gabriel Mato - Article 3 – § 1 - Am 70,200,432,10,25,11
182578,2025-12-16 12:49:17,A10-0254/2025,,Gabriel Mato - Article 3 – § 1 - Am 25= 55=,318,330,10,9,11
182579,2025-12-16 12:49:35,A10-0254/2025,,Gabriel Mato - Article 3 – § 1 - Am 83,332,303,24,8,11
182580,2025-12-16 12:49:49,A10-0254/2025,,Gabriel Mato - Article 3 – § 2 – après le point c - Am 26,315,338,7,7,11
182581,2025-12-16 12:50:04,A10-0254/2025,,Gabriel Mato - Article 3 – § 2 – après le point c - Am 76,209,420,23,15,11
182582,2025-12-16 12:50:18,A10-0254/2025,,Gabriel Mato - Article 3 – après le § 2 - Am 27,296,331,28,12,11
182584,2025-12-16 12:53:00,A10-0254/2025,,Gabriel Mato - Article 4 – après le § 3 - Am 42,195,432,18,22,11
182585,2025-12-16 12:53:14,A10-0254/2025,,Gabriel Mato - Article 5 – § 1 - Am 28,245,393,10,19,11
182586,2025-12-16 12:53:27,A10-0254/2025,,Gabriel Mato - Article 5 – § 1 - Am 29,269,384,5,9,11
182587,2025-12-16 12:53:40,A10-0254/2025,,Gabriel Mato - Article 6 – § 2 - Am 30,312,344,4,7,11
182589,2025-12-16 12:54:32,A10-0254/2025,,Gabriel Mato - Article 6 – après le § 4 - Am 84,288,346,26,7,11
182590,2025-12-16 12:54:59,A10-0254/2025,,Gabriel Mato - Article 7 – § 5 - Am 33,289,355,13,10,11
182591,2025-12-16 12:55:17,A10-0254/2025,,Gabriel Mato - Article 9 – § 1 – avant le point a - Am 85,283,348,26,10,11
182592,2025-12-16 12:55:31,A10-0254/2025,,Gabriel Mato - Article 9 – § 1 – après le point b - Am 34= 86=,327,312,19,9,11
182593,2025-12-16 12:55:48,A10-0254/2025,,Gabriel Mato - Article 9 – § 1 – point c - Am 35S,248,397,10,12,11
182594,2025-12-16 12:56:07,A10-0254/2025,,Gabriel Mato - Article 9 – après le § 7 - Am 80,273,374,9,11,11
182595,2025-12-16 12:56:22,A10-0254/2025,,Gabriel Mato - Après l'article 9 - Am 77,200,434,14,19,11
182596,2025-12-16 12:56:35,A10-0254/2025,,Gabriel Mato - Après l'article 9 - Am 45,192,442,9,24,11
182597,2025-12-16 12:56:46,A10-0254/2025,,Gabriel Mato - Article 11 – § 1 - Am 36= 87=,346,304,7,10,11
182598,2025-12-16 12:57:00,A10-0254/2025,,Gabriel Mato - Article 11 – § 3 - Am 37S= 46S=,310,341,7,9,11
182599,2025-12-16 12:57:28,A10-0254/2025,,Gabriel Mato - Article 12 – § 7 - Am 50S,185,452,10,20,11
182600,2025-12-16 12:57:47,A10-0254/2025,,Gabriel Mato - Après l'article 12 - Am 38,275,373,11,8,11
182601,2025-12-16 12:58:02,A10-0254/2025,,Gabriel Mato - Après l'article 12 - Am 64= 88=,374,277,10,6,11
182602,2025-12-16 12:58:34,A10-0254/2025,,Gabriel Mato - Article 14 – après le § 3 - Am 51,195,442,6,24,11
182603,2025-12-16 12:59:33,A10-0254/2025,,Gabriel Mato - Après l'article 19 - Am 71,192,446,4,25,11
182604,2025-12-16 13:00:09,A10-0254/2025,,Gabriel Mato - Considérant 2 - Am 18,285,367,7,8,11
182605,2025-12-16 13:00:24,A10-0254/2025,,Gabriel Mato - Considérant 2 - Am 81,336,317,7,7,11
182606,2025-12-16 13:00:39,A10-0254/2025,,Gabriel Mato - Après le considérant 2 - Am 69,205,437,6,19,11
182607,2025-12-16 13:00:52,A10-0254/2025,,Gabriel Mato - Considérant 4 - Am 39,190,429,22,26,11
182608,2025-12-16 13:06:22,A10-0249/2025,,Laura Ballarín Cereza - Après le considérant 14 - Am 1,122,470,69,6,11
182609,2025-12-17,,,Appointment of Damian Jaworski,601,26,31,654,12
182610,2025-12-16 13:06:51,A10-0246/2025,,Adrián Vázquez Lázara - Après l'article 4; Règlement (CE) nº 816/2006 - Am 1,131,472,58,6,11
182611,2025-12-16 13:07:04,A10-0246/2025,,Adrián Vázquez Lázara - Article 5 – après le § 3; Règlement (CE) nº 816/2006 - Am 2,132,467,61,7,11
182612,2025-12-16 13:07:20,A10-0246/2025,,Adrián Vázquez Lázara - Article 15 – après le § 3; Règlement (CE) nº 816/2006 - Am 3,128,454,57,28,11
182613,2025-12-16 13:12:19,A10-0239/2025,,Aura Salla - Après le considérant E - Am 11,183,458,7,19,11
182614,2025-12-16 13:11:05,A10-0197/2025,,Jörgen Warborn - Proposition de rejet - Am 402,117,540,4,6,11
182615,2025-12-16 13:11:21,A10-0197/2025,,Jörgen Warborn - Demande de procéder au vote sur les amendements,224,431,4,8,11
182616,2025-12-16,,,Article 2 – § 1 – point 1 – point a; Directive 2013/34/EU – Article 1 – § 3 – introductory part,,,,667,11
182617,2025-12-16,,,Article 2 – § 1 – point 2; Directive 2013/34/EU – Article 19 a,,,,667,11
182618,2025-12-16,,,Article 2 – § 1 – point 2 – point b – point i; Directive 2013/34/EU – Article 19 a – § 3 – sub§ 1,,,,667,11
182619,2025-12-16,,,Article 2 – § 1 – point 3; Directive 2013/34/EU – Article 19 b,,,,667,11
182620,2025-12-16,,,Article 2 – § 1 – point 4; Directive 2013/34/EU – Article 29 a,,,,667,11
182621,2025-12-16,,,Article 2 – § 1 – point 8; Directive 2013/34/EU – Article 29 ca,,,,667,11
182622,2025-12-16,,,Article 2 – § 1 – point 10; Directive 2013/34/EU – Article 33 – § 1,,,,667,11
182623,2025-12-16,,,Article 2 – § 1 – point 11; Directive 2013/34/EU – Article 34,,,,667,11
182624,2025-12-16,,,Article 2 – § 1 – point 12; Directive 2013/34/EU – Article 40 a – § 1,,,,667,11
182625,2025-12-16,,,Article 3; Directive (EU) 2022/2464 – Article 5 – § 2,,,,667,11
182626,2025-12-16,,,Article 4 – § 1 – point 3; Directive (EU) 2024/1760 – Article 4,,,,667,11
182627,2025-12-16,,,Article 4 – § 1 – point 10; Directive (EU) 2024/1760 – Article 22 – § 1 – sub§ 1,,,,667,11
182628,2025-12-16,,,Article 4 – § 1 – point 10; Directive (EU) 2024/1760 – Article 22 – § 1 – sub§ 1,,,,667,11
182629,2025-12-16,,,Article 4 – § 1 – point 11; Directive (EU) 2024/1760 – Article 27 – § 4,,,,667,11
182630,2025-12-16,,,Article 4 – § 1 – point 12; Directive (EU) 2024/1760 – Article 29,,,,667,11
182632,2025-12-16,,,§ 6,452,170,30,667,11
182633,2025-12-16,,,§ 6,,,,667,11
182634,2025-12-17,,,After § 22,,,,654,12
182635,2025-12-17,,,After recital A,,,,654,12
182641,2025-12-16 13:13:00,A10-0230/2025,,Hana Jalloul Muro - § 6 - Am 1S,215,390,56,6,11
182642,2025-12-16 13:13:36,A10-0230/2025,,Hana Jalloul Muro - Après le § 7 - Am 2,188,431,40,8,11
182643,2025-12-16 13:13:48,A10-0230/2025,,Hana Jalloul Muro - § 27 - Am 3,155,474,25,13,11
182644,2025-12-16 13:14:01,A10-0230/2025,,Hana Jalloul Muro - Après le § 36 - Am 4,202,412,37,16,11
182645,2025-12-16 13:14:14,A10-0230/2025,,Hana Jalloul Muro - Proposition de résolution (ensemble du texte),417,131,108,11,11
182646,2025-12-16,,,Article 3 – § 1 – point 1; Regulation (EU) 2021/697 – Article 6 – after § 2,,,,667,11
182647,2025-12-16,,,After recital 18,,,,667,11
182648,2025-12-16,,,Proposal for a decision,382,254,19,667,11
182649,2025-12-16,,,Proposal for a decision,497,139,15,667,11
182658,2025-12-17,B10-0558/2025,,Recital D,,,,654,12
182660,2025-12-17,B10-0558/2025,,Recital J,,,,654,12
182661,2025-12-17,B10-0558/2025,,Recital M,,,,654,12
182685,2025-12-15 17:14:29,Ordre du jour de lundi,,Demande du groupe PfE (Epizootie),240,194,2,188,11
182686,2025-12-15 17:19:45,Ordre du jour de mardi,,Demande du groupe ESN (Australie et Bavière),130,316,3,175,11
182687,2025-12-15 17:22:00,Ordre du jour de mardi,,Demande du groupe The Left (Navire-citerne),181,261,9,173,11
182688,2025-12-15 17:24:14,Ordre du jour de mercredi,,Demande du groupe PPE (Prévention du harcèlement sexuel),323,112,12,177,11
182689,2025-12-15,,,Request by the Verts/ALE Group (Australia and Bavaria),,,,624,11
182690,2025-12-16,,,Request for an urgent decision,,,,667,11
182691,2025-12-16,,,Amendments by the committee responsible – put to the vote collectively,,,,667,11
182692,2025-12-16 12:50:50,A10-0254/2025,,Gabriel Mato - Article 4 – § 1 - Am 57,318,328,12,9,11
182694,2025-12-16 12:52:27,A10-0254/2025,,Gabriel Mato - Article 4 – après le § 2 - Am 58,317,330,8,12,11
182695,2025-12-16,,,Article 4 – § 3,,,,667,11
182696,2025-12-16 12:53:55,A10-0254/2025,,Gabriel Mato - Article 6 – § 3 - Am 60,264,366,22,15,11
182697,2025-12-16 12:54:15,A10-0254/2025,,Gabriel Mato - Article 6 – § 4 - Am 61,266,365,27,9,11
182698,2025-12-16,,,Article 6 – § 4,,,,667,11
182699,2025-12-16 12:54:46,A10-0254/2025,,Gabriel Mato - Article 7 – § 5 - Am 62,294,357,8,8,11
182700,2025-12-16 12:58:21,A10-0254/2025,,Gabriel Mato - Article 14 – § 3 - Am 66,304,338,16,9,11
182701,2025-12-16 12:58:46,A10-0254/2025,,Gabriel Mato - Article 14 – après le § 5 - Am 67,307,343,9,8,11
182702,2025-12-16 12:59:52,A10-0254/2025,,Gabriel Mato - Considérant 2 - Am 52,245,392,18,12,11
182703,2025-12-16 13:14:34,B10-0562/2025,,Proposition de résolution,479,173,8,7,11
182704,2025-12-17 12:28:58,B10-0566/2025,,Proposition de résolution,230,402,28,0,12
182705,2025-12-16 13:15:02,B10-0559/2025,,Proposition de résolution,455,169,8,35,11
182711,2025-12-17,,,§ 23,411,211,24,654,12
182712,2025-12-17 12:30:19,A10-0243/2025,,Christophe Gomart - § 23/2,335,243,70,6,12
182713,2025-12-17 12:37:34,B10-0557/2025,,Proposition de résolution (ensemble du texte),241,356,48,9,12
182714,2025-12-17 12:38:14,B10-0558/2025,,§ 2 - Am 9,209,415,21,9,12
182716,2025-12-17 12:38:36,B10-0558/2025,,§ 2/1,350,217,74,13,12
182717,2025-12-17 12:38:50,B10-0558/2025,,§ 2/2,364,207,64,19,12
182719,2025-12-17,,,§ 4,,,,654,12
182720,2025-12-17,,,§ 4,,,,654,12
182721,2025-12-17 12:39:17,B10-0558/2025,,§ 5 - Am 10,233,390,18,13,12
182723,2025-12-17,,,§ 5,,,,654,12
182724,2025-12-17,,,§ 5,,,,654,12
182725,2025-12-17,,,§ 5,,,,654,12
182726,2025-12-17,,,§ 5,,,,654,12
182728,2025-12-17,,,§ 6,,,,654,12
182729,2025-12-17,,,§ 6,,,,654,12
182730,2025-12-17 12:40:06,B10-0558/2025,,§ 7,315,297,24,18,12
182731,2025-12-17 12:40:24,B10-0558/2025,,§ 8,434,138,63,19,12
182732,2025-12-17 12:40:36,B10-0558/2025,,§ 9,393,194,47,20,12
182733,2025-12-17,,,Citation 11,,,,654,12
182734,2025-12-17,,,Citation 14,,,,654,12
182735,2025-12-17,,,Citation 15,,,,654,12
182736,2025-12-17,,,Citation 16,,,,654,12
182737,2025-12-17,,,Citation 18,301,271,75,654,12
182738,2025-12-17,,,Citation 19,,,,654,12
182739,2025-12-17,,,Citation 20,,,,654,12
182740,2025-12-17,,,Citation 22,,,,654,12
182741,2025-12-17,,,Citation 30,,,,654,12
182742,2025-12-17 12:42:06,B10-0558/2025,,Après le considérant B - Am 1,289,306,51,8,12
182744,2025-12-17,,,Recital D,,,,654,12
182745,2025-12-17,,,Recital D,,,,654,12
182746,2025-12-17 12:42:47,B10-0558/2025,,Considérant E - Am 3,204,413,24,13,12
182748,2025-12-17,,,Recital E,,,,654,12
182749,2025-12-17 12:43:08,B10-0558/2025,,Considérant E/2,438,170,32,14,12
182750,2025-12-17,,,Recital F,,,,654,12
182751,2025-12-17,,,Recital G,,,,654,12
182752,2025-12-17,,,Recital H,,,,654,12
182753,2025-12-17,,,Recital I,,,,654,12
182755,2025-12-17 12:44:02,B10-0558/2025,,Considérant J/1,435,105,102,12,12
182756,2025-12-17 12:44:16,B10-0558/2025,,Considérant J/2,400,181,60,13,12
182757,2025-12-17 12:44:30,B10-0558/2025,,Considérant K,354,237,54,9,12
182758,2025-12-17,,,Recital L,352,172,113,654,12
182759,2025-12-17 12:45:48,B10-0558/2025,,Considérant M,381,175,86,12,12
182760,2025-12-17 12:46:05,B10-0558/2025,,Considérant N - Am 6,179,411,53,11,12
182761,2025-12-17 12:46:22,B10-0558/2025,,Considérant N,385,144,104,21,12
182762,2025-12-17 12:46:37,B10-0558/2025,,Après le considérant P - Am 7,320,269,39,26,12
182764,2025-12-17 12:47:03,B10-0558/2025,,Considérant Q,349,225,59,21,12
182765,2025-12-17 12:47:19,B10-0558/2025,,Considérant R,408,159,65,22,12
182766,2025-12-17 12:47:35,B10-0558/2025,,Considérant S,348,227,61,18,12
182767,2025-12-17 12:47:49,B10-0558/2025,,Proposition de résolution (ensemble du texte),358,202,79,15,12
182768,2025-12-17,,,Motion for a resolution,,,,654,12
182769,2025-12-17,,,Motion for a resolution,,,,654,12
182770,2025-12-17,,,Motion for a resolution,,,,654,12
182772,2025-12-17,,,§ 7,,,,654,12
182773,2025-12-17 12:31:06,A10-0244/2025,,Andrzej Buła - § 7/2,469,136,52,0,12
182775,2025-12-17,,,§ 9,,,,654,12
182776,2025-12-17,,,§ 9,,,,654,12
182777,2025-12-17,,,§ 9,,,,654,12
182779,2025-12-17,,,§ 16,,,,654,12
182780,2025-12-17 12:31:45,A10-0244/2025,,Andrzej Buła - § 16/2,471,137,49,0,12
182782,2025-12-17,,,§ 25,,,,654,12
182783,2025-12-17 12:32:15,A10-0244/2025,,Andrzej Buła - § 25/2,486,159,12,0,12
182785,2025-12-17,,,§ 27,,,,654,12
182786,2025-12-17 12:32:34,A10-0244/2025,,Andrzej Buła - § 27/2,525,55,72,2,12
182787,2025-12-17 12:32:46,A10-0244/2025,,Andrzej Buła - § 27/3,279,368,6,1,12
182789,2025-12-17,,,"Annex, paragraph 1",,,,654,12
182790,2025-12-17 12:33:18,A10-0244/2025,,"Andrzej Buła - Annexe, premier alinéa/2",278,374,6,0,12
182797,2025-12-17 12:34:17,A10-0244/2025,,Andrzej Buła - Proposition de résolution (ensemble du texte),451,45,153,5,12
182799,2025-12-17,,,"Recommendation 3, sub§ 3",,,,654,12
182800,2025-12-17 12:33:40,A10-0244/2025,,"Andrzej Buła - Recommandation n° 3, troisième alinéa/2",472,74,108,0,12
182802,2025-12-17,,,"Recommendation 3, sub§ 5",,,,654,12
182803,2025-12-17 12:34:02,A10-0244/2025,,"Andrzej Buła - Recommandation n° 3, cinquième alinéa/2",480,83,94,0,12
182807,2025-12-17 12:24:21,A10-0195/2025,,"Inese Vaidere, Ville Niinistö - Accord provisoire - Am 27",500,120,32,2,12
182809,2025-12-17,,,Commission statement,,,,654,12
182811,2025-12-17,,,Text as a whole,,,,654,12
182813,2025-12-17,,,Article 1 – § 1 – introductory part,,,,654,12
182815,2025-12-17,,,Article 1 – § 1 – point a,,,,654,12
182817,2025-12-17,,,Article 1 – § 1 – point b,,,,654,12
182818,2025-12-17,,,Article 1 – § 1 – point c,,,,654,12
182819,2025-12-17,,,Article 1 – after § 1,,,,654,12
182820,2025-12-17,,,Article 3 – § 1,,,,654,12
182821,2025-12-17,,,Article 3 – § 1,,,,654,12
182822,2025-12-17,,,Article 3 – § 2,,,,654,12
182823,2025-12-17,,,Article 3 – § 2,,,,654,12
182824,2025-12-17,,,Article 4 – after § 1,,,,654,12
182825,2025-12-17,,,Article 5 – § 1,,,,654,12
182826,2025-12-17,,,Article 5 – § 1,,,,654,12
182828,2025-12-17,,,Article 11 – § 1,,,,654,12
182830,2025-12-17,,,Article 12 – § 1,,,,654,12
182831,2025-12-17,,,Article 12 – after § 1,,,,654,12
182832,2025-12-17,,,Recital 1,,,,654,12
182833,2025-12-17,,,Recital 1,,,,654,12
182834,2025-12-17,,,Recital 2,,,,654,12
182835,2025-12-17,,,Recital 2,,,,654,12
182837,2025-12-17,,,Recital 16,,,,654,12
182838,2025-12-17,,,Recital 16,,,,654,12
182839,2025-12-17,,,Recital 17,,,,654,12
182840,2025-12-17,,,Recital 17,,,,654,12
182841,2025-12-17,,,Recital 18,,,,654,12
182842,2025-12-17,,,Recital 18,,,,654,12
182844,2025-12-17,,,Recital 20,,,,654,12
182845,2025-12-17,,,Recital 23,,,,654,12
182846,2025-12-17,,,Recital 23,,,,654,12
182847,2025-12-17,,,Recital 24,,,,654,12
182848,2025-12-17,,,Recital 24,,,,654,12
182849,2025-12-17,,,Recital 25,,,,654,12
182850,2025-12-17,,,Recital 25,,,,654,12
182851,2025-12-17,,,Recital 28,,,,654,12
182852,2025-12-17,,,Recital 28,,,,654,12
182853,2025-12-17,,,Recital 30,,,,654,12
182854,2025-12-17,,,Recital 30,,,,654,12
182855,2025-12-17,,,Commission proposal,,,,654,12
182865,2025-12-18,,,Appointment of Henrica Maria Verbeek-Kusters,511,29,27,595,14
182885,2025-12-17 12:25:21,C10-0263/2025,,Proposition de rejet - Am 135= 136=,138,512,6,0,12
182886,2025-12-17 12:25:40,C10-0263/2025,,Accord provisoire - Am 137,405,242,8,0,12
182887,2025-12-17 12:24:01,A10-0195/2025,,"Inese Vaidere, Ville Niinistö - Proposition de rejet - Am 2",102,517,27,8,12
182888,2025-12-17,,,Article 1 – § 1 – introductory part,,,,654,12
182889,2025-12-17,,,Article 1 – § 1 – point a,,,,654,12
182890,2025-12-17,,,Article 1 – § 1 – point b,,,,654,12
182891,2025-12-17,,,Article 11 – § 1,,,,654,12
182892,2025-12-17,,,Article 12 – § 1,,,,654,12
182893,2025-12-17,,,After recital 11,,,,654,12
182894,2025-12-17,,,Recital 20,,,,654,12
182895,2025-12-17 12:23:20,A10-0259/2025,,Alessandro Ciriani - Décision d'engager des négociations interinstitutionnelles,396,202,56,0,12
182896,2025-12-17 12:22:43,A10-0255/2025,,Lena Düpont - Décision d'engager des négociations interinstitutionnelles,384,237,31,2,12
182902,2025-12-18,B10-0567/2025,,B10-0567/2025,,,,595,14
182903,2025-12-18,B10-0576/2025,,B10-0576/2025,,,,595,14
182904,2025-12-18,B10-0581/2025,,B10-0581/2025,,,,595,14
182905,2025-12-18,B10-0583/2025,,B10-0583/2025,,,,595,14
182906,2025-12-18,B10-0589/2025,,B10-0589/2025,,,,595,14
182910,2025-12-18,,,§ 6,,,,595,14
182911,2025-12-18,,,§ 6,,,,595,14
182913,2025-12-18 12:21:58,RC-B10-0571/2025,,§ 7/1,451,43,65,36,14
182914,2025-12-18 12:22:13,RC-B10-0571/2025,,§ 7/2,441,94,23,37,14
182915,2025-12-18 12:22:28,RC-B10-0571/2025,,§ 9,429,76,51,39,14
182916,2025-12-18 12:22:49,RC-B10-0571/2025,,Après le § 9 - Am 1,86,463,8,38,14
182917,2025-12-18 12:23:05,RC-B10-0571/2025,,Après le § 9 - Am 2,54,483,13,45,14
182919,2025-12-18 12:23:21,RC-B10-0571/2025,,§ 11/1,472,61,24,38,14
182920,2025-12-18 12:23:34,RC-B10-0571/2025,,§ 11/2,431,110,11,43,14
182921,2025-12-18 12:23:50,RC-B10-0571/2025,,Considérant H,455,88,11,41,14
182922,2025-12-18 12:24:07,RC-B10-0571/2025,,Proposition de résolution (ensemble du texte),438,37,48,72,14
182924,2025-12-18,B10-0570/2025,,B10-0570/2025,,,,595,14
182925,2025-12-18,B10-0571/2025,,B10-0571/2025,,,,595,14
182926,2025-12-18,B10-0578/2025,,B10-0578/2025,,,,595,14
182927,2025-12-18,B10-0582/2025,,B10-0582/2025,,,,595,14
182928,2025-12-18,B10-0585/2025,,B10-0585/2025,,,,595,14
182929,2025-12-18,B10-0587/2025,,B10-0587/2025,,,,595,14
182931,2025-12-18,,,Motion for a resolution,328,177,39,595,14
182932,2025-12-18 12:21:25,RC-B10-0571/2025,,§ 4 - Am 3,385,97,78,35,14
182934,2025-12-18,,,After § 1,,,,595,14
182935,2025-12-18,,,After recital B,,,,595,14
182938,2025-12-18,B10-0568/2025,,B10-0568/2025,,,,595,14
182939,2025-12-18,B10-0572/2025,,B10-0572/2025,,,,595,14
182940,2025-12-18,B10-0573/2025,,B10-0573/2025,,,,595,14
182941,2025-12-18,B10-0574/2025,,B10-0574/2025,,,,595,14
182942,2025-12-18,B10-0575/2025,,B10-0575/2025,,,,595,14
182943,2025-12-18,B10-0579/2025,,B10-0579/2025,,,,595,14
182944,2025-12-18,B10-0586/2025,,B10-0586/2025,,,,595,14
182948,2025-12-18,,,§ 7,203,346,7,595,14
182949,2025-12-18,,,§ 8,317,242,11,595,14
182952,2025-12-18,,,After recital F,317,238,9,595,14
182955,2025-12-18,B10-0577/2025,,B10-0577/2025,,,,595,14
182956,2025-12-18,B10-0580/2025,,B10-0580/2025,,,,595,14
182957,2025-12-18,B10-0584/2025,,B10-0584/2025,,,,595,14
182958,2025-12-18,B10-0588/2025,,B10-0588/2025,,,,595,14
182959,2025-12-18,B10-0590/2025,,B10-0590/2025,,,,595,14
182960,2025-12-18,B10-0593/2025,,B10-0593/2025,,,,595,14
182961,2025-12-18 12:03:55,RC-B10-0567/2025,,Après le § 3 - Am 1,121,377,50,47,14
182962,2025-12-18 12:04:13,RC-B10-0567/2025,,Proposition de résolution (ensemble du texte),477,7,69,42,14
182963,2025-12-18 12:07:58,RC-B10-0568/2025,,Proposition de résolution (ensemble du texte),535,0,42,18,14
182964,2025-12-18 12:04:39,RC-B10-0577/2025,,Après le § 1 - Am 4,186,367,14,28,14
182965,2025-12-18 12:04:54,RC-B10-0577/2025,,§ 7 - Am 7,216,333,14,32,14
182966,2025-12-18 12:06:17,RC-B10-0577/2025,,Après le considérant D - Am 5,210,338,23,24,14
182967,2025-12-18 12:06:31,RC-B10-0577/2025,,Après le considérant E - Am 6,218,345,5,27,14
182968,2025-12-18 12:07:13,RC-B10-0577/2025,,Proposition de résolution (ensemble du texte),519,2,50,24,14
182969,2025-12-18 12:09:03,A10-0240/2025,,"Jean-Marc Germain, Monika Hohlmeier - Après le § 5 - Am 8",178,393,13,11,14
182970,2025-12-18 12:09:19,A10-0240/2025,,"Jean-Marc Germain, Monika Hohlmeier - Après le § 9 - Am 9",184,392,2,17,14
182971,2025-12-18 12:09:35,A10-0240/2025,,"Jean-Marc Germain, Monika Hohlmeier - § 13 - Am 10",173,393,13,16,14
182972,2025-12-18 12:09:56,A10-0240/2025,,"Jean-Marc Germain, Monika Hohlmeier - Après le § 17 - Am 12",191,387,6,11,14
182973,2025-12-18 12:10:12,A10-0240/2025,,"Jean-Marc Germain, Monika Hohlmeier - Après le § 18 - Am 13",184,390,8,13,14
182974,2025-12-18 12:10:27,A10-0240/2025,,"Jean-Marc Germain, Monika Hohlmeier - Après le § 18 - Am 14",199,372,4,20,14
182975,2025-12-18 12:10:44,A10-0240/2025,,"Jean-Marc Germain, Monika Hohlmeier - Après le § 20 - Am 15",179,396,9,11,14
182977,2025-12-18,,,§ 23,,,,595,14
182978,2025-12-18,,,§ 24,,,,595,14
182979,2025-12-18,,,§ 25,,,,595,14
182980,2025-12-18,,,§ 30,,,,595,14
182981,2025-12-18 12:13:34,A10-0240/2025,,"Jean-Marc Germain, Monika Hohlmeier - § 39",411,152,20,12,14
182982,2025-12-18 12:13:50,A10-0240/2025,,"Jean-Marc Germain, Monika Hohlmeier - § 40",414,152,20,9,14
182983,2025-12-18 12:14:05,A10-0240/2025,,"Jean-Marc Germain, Monika Hohlmeier - Après le § 49 - Am 16",170,386,28,11,14
182984,2025-12-18,,,§ 50,,,,595,14
182985,2025-12-18,,,§ 53,,,,595,14
182986,2025-12-18 12:14:35,A10-0240/2025,,"Jean-Marc Germain, Monika Hohlmeier - Après le § 53 - Am 17",183,388,10,14,14
182987,2025-12-18 12:14:49,A10-0240/2025,,"Jean-Marc Germain, Monika Hohlmeier - Après le considérant B - Am 1",200,382,2,11,14
182988,2025-12-18 12:15:10,A10-0240/2025,,"Jean-Marc Germain, Monika Hohlmeier - Après le considérant C - Am 3",197,378,7,13,14
182989,2025-12-18 12:15:25,A10-0240/2025,,"Jean-Marc Germain, Monika Hohlmeier - Après le considérant F - Am 4",181,384,13,17,14
182990,2025-12-18 12:15:39,A10-0240/2025,,"Jean-Marc Germain, Monika Hohlmeier - Après le considérant G - Am 5",187,377,16,15,14
182991,2025-12-18 12:15:54,A10-0240/2025,,"Jean-Marc Germain, Monika Hohlmeier - Après le considérant G - Am 6",189,376,13,17,14
183005,2025-12-18 12:18:43,A10-0236/2025,,Ton Diepeveen - § 1 - Am 1,217,365,1,12,14
183006,2025-12-18 12:19:05,A10-0236/2025,,Ton Diepeveen - § 8 - Am 3,196,367,19,13,14
183007,2025-12-18 12:19:22,A10-0236/2025,,Ton Diepeveen - § 42 - Am 4,227,348,4,16,14
183008,2025-12-18 12:19:38,A10-0236/2025,,Ton Diepeveen - § 46 - Am 5,227,346,8,14,14
183009,2025-12-18 12:19:54,A10-0236/2025,,Ton Diepeveen - § 61 - Am 6,204,359,13,19,14
183010,2025-12-18 12:20:08,A10-0236/2025,,Ton Diepeveen - Après le § 77 - Am 7,219,337,24,15,14
183021,2026-01-22,A10-0270/2025,,A10-0270/2025 – Reinis Pozņaks – Motion for a resolution,483,68,76,0,0
183022,2026-01-20,A10-0232/2025,,A10-0232/2025 – Johan Van Overtveldt – Motion for a resolution,491,83,84,0,0
183029,2026-01-20,,,"Article 3, § 1, point 5",,,,0,0
183030,2026-01-20,,,"Article 3, § 1, point 5",,,,0,0
183031,2026-01-20,,,After Article 12,,,,0,0
183032,2026-01-20,,,"Article 16, § 1",,,,0,0
183033,2026-01-20,,,"Article 16, § 1",,,,0,0
183039,2026-01-20,,,"Article 30, after § 2",,,,0,0
183040,2026-01-20,,,"Article 30, after § 3",,,,0,0
183041,2026-01-20,,,After recital 1,,,,0,0
183044,2026-01-20,,,After recital 12,,,,0,0
183046,2026-01-20,,,Recital 22,,,,0,0
183047,2026-01-20,,,Recital 22,,,,0,0
183049,2026-01-20,,,After recital 42,,,,0,0
183050,2026-01-20,A10-0272/2025,,A10-0272/2025 – Tomislav Sokol – Commission proposal,503,57,108,0,0
183051,2026-01-20,,,Request for referral back (Rule 60(4)),,,,0,0
183053,2026-01-20,,,Motion for a resolution,129,406,129,0,0
183055,2026-01-22,,,§ 35,360,266,6,0,0
183057,2026-01-22,A10-0268/2025,,A10-0268/2025 – Olivier Chastel – Motion for a resolution (as a whole),318,247,67,0,0
183058,2026-01-21,A10-0248/2025,,A10-0248/2025 – Jaroslav Bžoch – Draft Council decision,565,83,14,0,0
183059,2026-01-21,,,After § 1,,,,0,0
183061,2026-01-21,,,After § 5,483,117,61,0,0
183063,2026-01-21,,,After § 7,,,,0,0
183064,2026-01-21,,,§ 8,,,,0,0
183065,2026-01-21,,,After § 8,,,,0,0
183066,2026-01-21,,,After § 9,266,309,70,0,0
183068,2026-01-21,,,After § 16,,,,0,0
183069,2026-01-21,,,After § 17,,,,0,0
183070,2026-01-21,,,§ 18,,,,0,0
183078,2026-01-21,,,§ 25,,,,0,0
183081,2026-01-21,,,§ 29,,,,0,0
183084,2026-01-21,,,§ 33,,,,0,0
183086,2026-01-21,,,After § 44,,,,0,0
183087,2026-01-21,,,§ 51,,,,0,0
183088,2026-01-21,,,After § 53,,,,0,0
183092,2026-01-21,,,After § 57,,,,0,0
183095,2026-01-21,,,After § 65,,,,0,0
183100,2026-01-21,,,After § 83,,,,0,0
183104,2026-01-21,,,After recital M,379,259,6,0,0
183105,2026-01-21,,,Recital P,,,,0,0
183106,2026-01-21,,,After recital V,,,,0,0
183107,2026-01-21,A10-0262/2025,,A10-0262/2025 – Francisco Assis – Motion for a resolution (as a whole),421,120,108,0,0
183108,2026-01-21,A10-0266/2025,,A10-0266/2025 – Antonio López-Istúriz White – Motion for a resolution,440,127,59,0,0
183109,2026-01-20,,,After § 1,,,,0,0
183110,2026-01-20,,,§ 2,,,,0,0
183111,2026-01-20,,,§ 10,,,,0,0
183113,2026-01-20,,,§ 21,,,,0,0
183114,2026-01-20,,,§ 22,165,445,37,0,0
183115,2026-01-20,,,§ 24,121,470,44,0,0
183116,2026-01-20,,,§ 27,,,,0,0
183117,2026-01-20,,,§ 32,,,,0,0
183122,2026-01-20,A10-0261/2025,,A10-0261/2025 – Jana Toom – Motion for a resolution (as a whole),420,207,20,0,0
183123,2026-01-20,,,§ 28,,,,0,0
183124,2026-01-20,A10-0257/2025,,A10-0257/2025 – Leire Pajín – Motion for a resolution (as a whole),444,153,55,0,0
183125,2026-01-20,,,§ 1,,,,0,0
183129,2026-01-20,,,§ 2,,,,0,0
183131,2026-01-20,,,§ 5,,,,0,0
183132,2026-01-20,,,§ 7,,,,0,0
183135,2026-01-20,,,§ 11,,,,0,0
183136,2026-01-20,,,§ 12,,,,0,0
183137,2026-01-20,,,After § 14,,,,0,0
183139,2026-01-20,,,After § 14,,,,0,0
183140,2026-01-20,,,After § 14,,,,0,0
183142,2026-01-20,,,§ 15,,,,0,0
183143,2026-01-20,,,§ 17,,,,0,0
183144,2026-01-20,,,§ 20,,,,0,0
183145,2026-01-20,,,After § 20,,,,0,0
183146,2026-01-20,,,§ 27,,,,0,0
183147,2026-01-20,,,§ 29,,,,0,0
183149,2026-01-20,,,§ 35,,,,0,0
183150,2026-01-20,,,§ 36,,,,0,0
183151,2026-01-20,,,Subheading 6,,,,0,0
183160,2026-01-20,A10-0269/2025,,A10-0269/2025 – René Repasi – Motion for a resolution (as a whole),492,144,28,0,0
183162,2026-01-20,,,§ 4,,,,0,0
183166,2026-01-20,A10-0252/2025,,A10-0252/2025 – Borja Giménez Larraz – Motion for a resolution (as a whole),417,234,9,0,0
183177,2026-01-22,A10-0107/2025,,A10-0107/2025 – Sarah Knafo – Motion for a resolution (as a whole),471,68,71,0,0
183178,2026-01-21,,,§ 2,,,,0,0
183180,2026-01-21,,,§ 5,,,,0,0
183181,2026-01-21,,,§ 5,426,178,59,0,0
183182,2026-01-21,,,§ 6,,,,0,0
183183,2026-01-21,,,§ 7,,,,0,0
183184,2026-01-21,,,§ 12,,,,0,0
183185,2026-01-21,,,§ 14,,,,0,0
183191,2026-01-21,,,§ 16,,,,0,0
183196,2026-01-21,,,§ 20,,,,0,0
183199,2026-01-21,,,§ 27,,,,0,0
183202,2026-01-21,,,§ 29,,,,0,0
183203,2026-01-21,,,§ 30,,,,0,0
183204,2026-01-21,,,§ 32,,,,0,0
183208,2026-01-21,,,§ 48,,,,0,0
183211,2026-01-21,,,After § 74,,,,0,0
183213,2026-01-21,,,Citation 27,,,,0,0
183215,2026-01-21,,,After citation 27,,,,0,0
183216,2026-01-21,,,After citation 28,,,,0,0
183217,2026-01-21,,,After citation 28,,,,0,0
183218,2026-01-21,,,After citation 28,,,,0,0
183220,2026-01-21,,,After recital F,,,,0,0
183221,2026-01-21,,,After recital F,,,,0,0
183223,2026-01-21,,,After recital T,,,,0,0
183224,2026-01-21,,,After recital T,,,,0,0
183225,2026-01-21,A10-0265/2025,,A10-0265/2025 – Thijs Reuten – Motion for a resolution (as a whole),395,197,70,0,0
183241,2026-01-20,,,Request for an urgent decision,,,,0,0
183242,2026-01-20,,,Request for an urgent decision,,,,0,0
183243,2026-01-20,,,Request for an urgent decision,,,,0,0
183244,2026-01-20,A10-0272/2025,,A10-0272/2025 – Tomislav Sokol – Proposal for rejection – Am 258,44,600,13,0,0
183245,2026-01-20,,,Amendments by the committee responsible – put to the vote collectively,,,,0,0
183246,2026-01-20,,,Amendments by the committee responsible – separate vote,,,,0,0
183247,2026-01-20,A10-0272/2025,,A10-0272/2025 – Tomislav Sokol – Amendments by the committee responsible – separate vote – Am 158,492,159,14,0,0
183248,2026-01-20,A10-0272/2025,,A10-0272/2025 – Tomislav Sokol – Amendments by the committee responsible – separate vote – Am 159,517,127,15,0,0
183249,2026-01-20,A10-0272/2025,,A10-0272/2025 – Tomislav Sokol – Amendments by the committee responsible – separate vote – Am 162,494,152,17,0,0
183250,2026-01-20,A10-0272/2025,,A10-0272/2025 – Tomislav Sokol – Amendments by the committee responsible – separate vote – Am 163,528,123,10,0,0
183251,2026-01-20,A10-0272/2025,,A10-0272/2025 – Tomislav Sokol – Amendments by the committee responsible – separate vote – Am 164,450,205,8,0,0
183252,2026-01-20,A10-0272/2025,,"A10-0272/2025 – Tomislav Sokol – Article 3, § 1, point 5 – Am 257",325,284,33,0,0
183253,2026-01-20,A10-0272/2025,,"A10-0272/2025 – Tomislav Sokol – Article 16, after § 2 – Am 250",141,516,7,0,0
183254,2026-01-20,,,Article 21,,,,0,0
183255,2026-01-20,A10-0272/2025,,A10-0272/2025 – Tomislav Sokol – Article 21 – Am 170,525,123,14,0,0
183256,2026-01-20,,,Article 21,,,,0,0
183257,2026-01-20,,,Article 22,,,,0,0
183258,2026-01-20,,,Article 22,,,,0,0
183259,2026-01-20,,,Article 22,,,,0,0
183260,2026-01-20,A10-0272/2025,,A10-0272/2025 – Tomislav Sokol – Article 22 – Am 178,529,120,16,0,0
183261,2026-01-20,,,Article 22,,,,0,0
183262,2026-01-20,,,Article 23,,,,0,0
183263,2026-01-20,,,Article 23,,,,0,0
183264,2026-01-20,,,Article 23,,,,0,0
183265,2026-01-20,A10-0272/2025,,A10-0272/2025 – Tomislav Sokol – Article 23 – Am 187,527,121,15,0,0
183266,2026-01-20,,,Article 23,,,,0,0
183267,2026-01-20,,,Article 24,,,,0,0
183268,2026-01-20,,,Article 24,,,,0,0
183269,2026-01-20,A10-0272/2025,,A10-0272/2025 – Tomislav Sokol – After recital 3 – Am 244,227,299,138,0,0
183270,2026-01-20,A10-0272/2025,,A10-0272/2025 – Tomislav Sokol – Recital 4 – Am 259,197,454,7,0,0
183271,2026-01-20,A10-0272/2025,,A10-0272/2025 – Tomislav Sokol – After recital 12 – Am 256,362,259,34,0,0
183272,2026-01-20,A10-0272/2025,,A10-0272/2025 – Tomislav Sokol – After recital 22 – Am 247,224,424,20,0,0
183275,2026-01-21,,,§ 6,,,,0,0
183276,2026-01-21,,,§ 8,,,,0,0
183278,2026-01-21,,,§ 9,,,,0,0
183279,2026-01-21,,,After § 11,,,,0,0
183280,2026-01-21,,,§ 12,,,,0,0
183281,2026-01-21,,,§ 12,,,,0,0
183282,2026-01-21,,,After § 12,,,,0,0
183284,2026-01-21,,,§ 15,,,,0,0
183285,2026-01-21,,,§ 15,,,,0,0
183286,2026-01-21,,,§ 15,,,,0,0
183288,2026-01-21,,,After § 15,,,,0,0
183290,2026-01-21,,,After § 15,,,,0,0
183293,2026-01-21,,,§ 16,495,139,23,0,0
183294,2026-01-21,,,§ 16,,,,0,0
183296,2026-01-21,,,After § 17,,,,0,0
183297,2026-01-21,,,After § 19,,,,0,0
183298,2026-01-21,,,§ 20,335,313,11,0,0
183300,2026-01-21,,,§ 22,,,,0,0
183301,2026-01-21,,,§ 22,,,,0,0
183302,2026-01-21,,,After § 22,373,276,11,0,0
183303,2026-01-21,,,§ 25,,,,0,0
183304,2026-01-21,,,§ 26,,,,0,0
183305,2026-01-21,,,§ 27,,,,0,0
183307,2026-01-21,,,§ 27,,,,0,0
183308,2026-01-21,,,After § 30,,,,0,0
183309,2026-01-21,,,After § 30,471,162,17,0,0
183310,2026-01-21,,,§ 34,,,,0,0
183311,2026-01-21,,,§ 34,,,,0,0
183314,2026-01-21,,,After § 34,,,,0,0
183315,2026-01-21,,,After § 34,,,,0,0
183318,2026-01-21,,,After § 34,,,,0,0
183320,2026-01-21,,,After § 34,284,354,20,0,0
183321,2026-01-21,,,After § 34,404,194,62,0,0
183322,2026-01-21,,,After § 34,,,,0,0
183323,2026-01-21,,,After § 34,,,,0,0
183325,2026-01-21,,,§ 38,,,,0,0
183326,2026-01-21,,,After § 38,,,,0,0
183327,2026-01-21,,,After § 38,,,,0,0
183330,2026-01-21,,,§ 46,,,,0,0
183331,2026-01-21,,,§ 46,,,,0,0
183332,2026-01-21,,,§ 48,,,,0,0
183333,2026-01-21,,,After § 49,,,,0,0
183335,2026-01-21,,,§ 52,367,212,60,0,0
183336,2026-01-21,,,§ 52,,,,0,0
183337,2026-01-21,,,After § 52,,,,0,0
183341,2026-01-21,,,§ 63,,,,0,0
183342,2026-01-21,,,After § 68,,,,0,0
183344,2026-01-21,,,After § 70,,,,0,0
183346,2026-01-21,,,After § 75,,,,0,0
183348,2026-01-21,,,After § 76,,,,0,0
183349,2026-01-21,,,After § 76,,,,0,0
183350,2026-01-21,,,After § 76,,,,0,0
183351,2026-01-21,,,After § 76,,,,0,0
183354,2026-01-21,,,§ 77,,,,0,0
183355,2026-01-21,,,After § 77,,,,0,0
183356,2026-01-21,,,After § 77,,,,0,0
183357,2026-01-21,,,After § 77,,,,0,0
183358,2026-01-21,,,After § 77,,,,0,0
183359,2026-01-21,,,After § 77,,,,0,0
183360,2026-01-21,,,After § 77,,,,0,0
183362,2026-01-21,,,§ 78,,,,0,0
183363,2026-01-21,,,§ 78,,,,0,0
183366,2026-01-21,,,After § 78,,,,0,0
183367,2026-01-21,,,After § 78,,,,0,0
183371,2026-01-21,,,§ 91,,,,0,0
183374,2026-01-21,,,§ 94,,,,0,0
183375,2026-01-21,,,After § 109,,,,0,0
183377,2026-01-21,,,After citation 28,,,,0,0
183378,2026-01-21,,,After citation 28,,,,0,0
183379,2026-01-21,,,After citation 32,,,,0,0
183380,2026-01-21,,,After citation 32,,,,0,0
183381,2026-01-21,,,Recital C,,,,0,0
183382,2026-01-21,,,After recital D,,,,0,0
183384,2026-01-21,,,Recital I,,,,0,0
183385,2026-01-21,,,After recital J,290,331,44,0,0
183386,2026-01-21,,,After recital J,,,,0,0
183387,2026-01-21,,,After recital M,,,,0,0
183388,2026-01-21,,,Recital N,,,,0,0
183389,2026-01-21,,,Recital O,,,,0,0
183392,2026-01-21,,,Recital Y,,,,0,0
183393,2026-01-21,,,Recital AJ,,,,0,0
183395,2026-01-21,,,Recital AO,,,,0,0
183396,2026-01-21,,,Recital AU,,,,0,0
183397,2026-01-21,A10-0253/2025,,A10-0253/2025 – David McAllister – Motion for a resolution (as a whole),392,179,83,0,0
183399,2026-01-20,,,§ 10,,,,0,0
183400,2026-01-20,A10-0257/2025,,A10-0257/2025 – Leire Pajín – § 10/2,325,290,31,0,0
183402,2026-01-20,,,§ 1,,,,0,0
183403,2026-01-20,,,§ 1,,,,0,0
183404,2026-01-20,,,§ 1,357,295,7,0,0
183406,2026-01-20,,,§ 3,,,,0,0
183407,2026-01-20,,,§ 3,,,,0,0
183412,2026-01-20,,,§ 5,,,,0,0
183413,2026-01-20,,,§ 5,,,,0,0
183415,2026-01-20,,,§ 6,,,,0,0
183416,2026-01-20,,,§ 6,388,190,76,0,0
183418,2026-01-20,,,§ 7,,,,0,0
183419,2026-01-20,,,§ 7,354,269,30,0,0
183420,2026-01-20,,,§ 7,409,202,47,0,0
183421,2026-01-20,A10-0261/2025,,A10-0261/2025 – Jana Toom – After § 10 – Am 13,175,455,23,0,0
183423,2026-01-20,,,§ 14,,,,0,0
183424,2026-01-20,,,§ 14,302,361,1,0,0
183427,2026-01-20,,,§ 19,,,,0,0
183428,2026-01-20,,,§ 19,,,,0,0
183429,2026-01-20,,,§ 19,461,175,25,0,0
183431,2026-01-20,,,§ 22,,,,0,0
183432,2026-01-20,,,§ 22,378,212,62,0,0
183434,2026-01-20,,,§ 26,,,,0,0
183435,2026-01-20,,,§ 26,407,163,79,0,0
183437,2026-01-20,,,§ 34,,,,0,0
183438,2026-01-20,,,§ 34,,,,0,0
183441,2026-01-20,,,Recital A,,,,0,0
183442,2026-01-20,,,Recital A,,,,0,0
183443,2026-01-20,A10-0261/2025,,A10-0261/2025 – Jana Toom – After recital F – Am 10,207,425,14,0,0
183445,2026-01-20,,,Recital K,,,,0,0
183446,2026-01-20,,,Recital K,,,,0,0
183448,2026-01-20,,,Recital M,,,,0,0
183449,2026-01-20,,,Recital M,,,,0,0
183451,2026-01-20,,,"Annex, introductory sentence",,,,0,0
183452,2026-01-20,,,"Annex, introductory sentence",276,335,42,0,0
183454,2026-01-20,,,"Annex, recommendation 2",278,370,14,0,0
183455,2026-01-20,,,"Annex, recommendation 2",,,,0,0
183457,2026-01-20,,,"Annex, recommendation 3",,,,0,0
183458,2026-01-20,,,"Annex, recommendation 3",372,224,57,0,0
183460,2026-01-20,A10-0252/2025,,A10-0252/2025 – Borja Giménez Larraz – § 2/1,645,12,,0,0
183461,2026-01-20,A10-0252/2025,,A10-0252/2025 – Borja Giménez Larraz – § 2/2,419,193,37,0,0
183462,2026-01-20,A10-0252/2025,,A10-0252/2025 – Borja Giménez Larraz – After § 3 – Am 2,202,445,5,0,0
183464,2026-01-20,,,§ 3,,,,0,0
183465,2026-01-20,,,§ 3,,,,0,0
183466,2026-01-20,A10-0252/2025,,A10-0252/2025 – Borja Giménez Larraz – § 3/3,379,216,53,0,0
183467,2026-01-20,A10-0252/2025,,A10-0252/2025 – Borja Giménez Larraz – After § 5 – Am 4,195,439,8,0,0
183468,2026-01-20,,,§ 5,,,,0,0
183469,2026-01-20,,,§ 12,,,,0,0
183470,2026-01-20,A10-0252/2025,,A10-0252/2025 – Borja Giménez Larraz – After § 12 – Am 5,198,441,11,0,0
183471,2026-01-20,,,§ 14,,,,0,0
183473,2026-01-20,,,Recital B,,,,0,0
183474,2026-01-20,A10-0252/2025,,A10-0252/2025 – Borja Giménez Larraz – Recital B/2,427,212,24,0,0
183475,2026-01-20,A10-0252/2025,,A10-0252/2025 – Borja Giménez Larraz – Recital C,645,14,,0,0
183477,2026-01-20,,,Recital F,,,,0,0
183478,2026-01-20,A10-0252/2025,,A10-0252/2025 – Borja Giménez Larraz – Recital F/2,428,204,19,0,0
183479,2026-01-20,A10-0252/2025,,A10-0252/2025 – Borja Giménez Larraz – Recital G,420,198,43,0,0
183480,2026-01-20,A10-0252/2025,,A10-0252/2025 – Borja Giménez Larraz – Recital H – Am 1,189,461,12,0,0
183481,2026-01-20,A10-0252/2025,,A10-0252/2025 – Borja Giménez Larraz – Recital M,645,8,9,0,0
183483,2026-01-20,A10-0269/2025,,A10-0269/2025 – René Repasi – After § 1 – Am 3,116,489,56,0,0
183484,2026-01-20,A10-0269/2025,,A10-0269/2025 – René Repasi – § 2 – Am 33,196,446,15,0,0
183485,2026-01-20,A10-0269/2025,,A10-0269/2025 – René Repasi – After § 2 – Am 28,190,454,16,0,0
183487,2026-01-20,,,§ 10,,,,0,0
183488,2026-01-20,A10-0269/2025,,A10-0269/2025 – René Repasi – § 10 – Am 7/2,103,500,61,0,0
183489,2026-01-20,A10-0269/2025,,A10-0269/2025 – René Repasi – After § 10 – Am 29,135,471,52,0,0
183490,2026-01-20,A10-0269/2025,,A10-0269/2025 – René Repasi – After § 14 – Am 11,78,528,58,0,0
183491,2026-01-20,A10-0269/2025,,A10-0269/2025 – René Repasi – After § 14 – Am 14,81,518,56,0,0
183492,2026-01-20,A10-0269/2025,,A10-0269/2025 – René Repasi – After § 29 – Am 21,79,561,15,0,0
183493,2026-01-20,A10-0269/2025,,A10-0269/2025 – René Repasi – § 37 – Am 25D= 34D=,191,423,48,0,0
183494,2026-01-20,A10-0269/2025,,A10-0269/2025 – René Repasi – § 40 – Am 26D,136,487,24,0,0
183495,2026-01-20,A10-0269/2025,,A10-0269/2025 – René Repasi – § 40 – Am 35,124,500,28,0,0
183496,2026-01-20,A10-0269/2025,,A10-0269/2025 – René Repasi – § 41 – Am 27D,162,484,18,0,0
183497,2026-01-20,A10-0269/2025,,A10-0269/2025 – René Repasi – Citation 2 – Am 30,199,445,10,0,0
183499,2026-01-20,A10-0269/2025,,A10-0269/2025 – René Repasi – After recital C – Am 31,193,464,3,0,0
183500,2026-01-20,A10-0269/2025,,A10-0269/2025 – René Repasi – After recital E – Am 32,190,450,13,0,0
183514,2026-01-20,,,Motion for a resolution (as a whole),,,,0,0
183516,2026-01-20,,,Motion for a resolution (as a whole),,,,0,0
183518,2026-01-20,,,Motion for a resolution (as a whole),,,,0,0
183525,2026-01-20,A10-0269/2025,,A10-0269/2025 – René Repasi – Citation 2,491,139,20,0,0
183526,2026-01-20,,,§ 4,292,353,11,0,0
183527,2026-01-20,,,§ 4,,,,0,0
183528,2026-01-20,,,§ 16,329,322,4,0,0
183529,2026-01-20,,,§ 35,268,360,32,0,0
183530,2026-01-20,A10-0261/2025,,A10-0261/2025 – Jana Toom – Recital A – Am 1,288,294,63,0,0
183531,2026-01-20,A10-0261/2025,,A10-0261/2025 – Jana Toom – Recital E – Am 2,178,454,20,0,0
183532,2026-01-20,A10-0261/2025,,A10-0261/2025 – Jana Toom – Recital F – Am 3,187,436,24,0,0
183538,2026-01-22,B10-0063/2026,,B10-0063/2026 – Motion for a resolution,165,390,10,0,0
183539,2026-01-20,B10-0057/2026,,B10-0057/2026 – § 3 – Am 5,202,442,4,0,0
183540,2026-01-20,B10-0057/2026,,B10-0057/2026 – After § 4 – Am 6,169,440,30,0,0
183541,2026-01-20,B10-0057/2026,,B10-0057/2026 – After § 5 – Am 7,350,277,13,0,0
183542,2026-01-20,B10-0057/2026,,B10-0057/2026 – § 7a – Am 8,347,277,10,0,0
183543,2026-01-20,B10-0057/2026,,B10-0057/2026 – After § 9a – Am 9,207,431,9,0,0
183544,2026-01-20,B10-0057/2026,,B10-0057/2026 – After § 9a – Am 10,194,441,14,0,0
183546,2026-01-20,,,§ 10,,,,0,0
183547,2026-01-20,,,§ 10,,,,0,0
183548,2026-01-20,B10-0057/2026,,B10-0057/2026 – After § 10a – Am 11,205,439,5,0,0
183549,2026-01-20,B10-0057/2026,,B10-0057/2026 – After § 14 – Am 3,543,59,41,0,0
183550,2026-01-20,B10-0057/2026,,B10-0057/2026 – § 22 – Am 12,349,287,7,0,0
183552,2026-01-20,,,§ 22,,,,0,0
183553,2026-01-20,,,§ 22,,,,0,0
183554,2026-01-20,B10-0057/2026,,B10-0057/2026 – After recital Ea – Am 1,589,51,5,0,0
183555,2026-01-20,B10-0057/2026,,B10-0057/2026 – After recital Ea – Am 4,212,421,15,0,0
183556,2026-01-20,B10-0057/2026,,B10-0057/2026 – After recital G – Am 2,499,112,41,0,0
183557,2026-01-21,A10-0001/2026,,A10-0001/2026 – Andrey Novakov – Amendments by the committee responsible – put to the vote collectively – Am 1-243,632,15,9,0,0
183559,2026-01-21,A10-0265/2025,,A10-0265/2025 – Thijs Reuten – § 1/1,530,60,53,0,0
183560,2026-01-21,A10-0265/2025,,A10-0265/2025 – Thijs Reuten – § 1/2,506,128,10,0,0
183562,2026-01-21,A10-0265/2025,,A10-0265/2025 – Thijs Reuten – After § 2 – Am 17/1,513,81,62,0,0
183563,2026-01-21,A10-0265/2025,,A10-0265/2025 – Thijs Reuten – After § 2 – Am 17/2,365,211,81,0,0
183564,2026-01-21,A10-0265/2025,,A10-0265/2025 – Thijs Reuten – After § 2 – Am 17/3,475,88,90,0,0
183565,2026-01-21,,,§ 5,,,,0,0
183566,2026-01-21,A10-0265/2025,,A10-0265/2025 – Thijs Reuten – § 7,467,109,86,0,0
183567,2026-01-21,A10-0265/2025,,A10-0265/2025 – Thijs Reuten – § 14 – Am 7,115,531,14,0,0
183568,2026-01-21,A10-0265/2025,,A10-0265/2025 – Thijs Reuten – § 14 – Am 18,364,284,11,0,0
183569,2026-01-21,A10-0265/2025,,A10-0265/2025 – Thijs Reuten – § 15 – Am 8,99,524,24,0,0
183571,2026-01-21,,,§ 15,,,,0,0
183572,2026-01-21,,,§ 15,347,265,47,0,0
183573,2026-01-21,,,§ 15,,,,0,0
183574,2026-01-21,,,§ 15,366,235,53,0,0
183575,2026-01-21,,,§ 15,,,,0,0
183576,2026-01-21,A10-0265/2025,,A10-0265/2025 – Thijs Reuten – § 15 – Am 19,364,274,26,0,0
183578,2026-01-21,A10-0265/2025,,A10-0265/2025 – Thijs Reuten – § 19 – Am 9,66,574,17,0,0
183581,2026-01-21,,,§ 19,,,,0,0
183582,2026-01-21,,,§ 19,,,,0,0
183583,2026-01-21,,,§ 22,,,,0,0
183584,2026-01-21,A10-0265/2025,,A10-0265/2025 – Thijs Reuten – § 27 – Am 10,64,590,8,0,0
183585,2026-01-21,A10-0265/2025,,A10-0265/2025 – Thijs Reuten – After § 27 – Am 25,197,325,134,0,0
183586,2026-01-21,A10-0265/2025,,A10-0265/2025 – Thijs Reuten – § 28 – Am 11,78,525,56,0,0
183588,2026-01-21,,,§ 29,,,,0,0
183589,2026-01-21,,,§ 29,,,,0,0
183590,2026-01-21,,,§ 29,,,,0,0
183592,2026-01-21,,,§ 30,,,,0,0
183593,2026-01-21,,,§ 30,,,,0,0
183594,2026-01-21,,,§ 30,,,,0,0
183596,2026-01-21,,,§ 31,,,,0,0
183597,2026-01-21,,,§ 31,,,,0,0
183599,2026-01-21,,,§ 32,,,,0,0
183600,2026-01-21,,,§ 32,,,,0,0
183601,2026-01-21,A10-0265/2025,,A10-0265/2025 – Thijs Reuten – After § 32 – Am 3,122,467,64,0,0
183603,2026-01-21,,,§ 35,,,,0,0
183604,2026-01-21,A10-0265/2025,,A10-0265/2025 – Thijs Reuten – § 35/2,377,231,43,0,0
183606,2026-01-21,,,§ 38,,,,0,0
183607,2026-01-21,A10-0265/2025,,A10-0265/2025 – Thijs Reuten – § 38/2,389,234,38,0,0
183609,2026-01-21,,,§ 39,,,,0,0
183610,2026-01-21,,,§ 39,,,,0,0
183611,2026-01-21,,,§ 39,,,,0,0
183614,2026-01-21,,,§ 40,,,,0,0
183615,2026-01-21,,,§ 40,,,,0,0
183617,2026-01-21,A10-0265/2025,,A10-0265/2025 – Thijs Reuten – § 49 – Am 12,58,569,38,0,0
183619,2026-01-21,,,§ 49,,,,0,0
183620,2026-01-21,A10-0265/2025,,A10-0265/2025 – Thijs Reuten – § 49/2,380,258,20,0,0
183621,2026-01-21,A10-0265/2025,,A10-0265/2025 – Thijs Reuten – § 50 – Am 24,354,287,12,0,0
183623,2026-01-21,,,§ 51,,,,0,0
183624,2026-01-21,,,§ 51,,,,0,0
183626,2026-01-21,,,§ 74,,,,0,0
183627,2026-01-21,A10-0265/2025,,A10-0265/2025 – Thijs Reuten – § 74/2,403,190,66,0,0
183629,2026-01-21,,,§ 77,,,,0,0
183630,2026-01-21,,,§ 77,,,,0,0
183632,2026-01-21,,,§ 78,,,,0,0
183633,2026-01-21,,,§ 78,,,,0,0
183635,2026-01-21,A10-0265/2025,,A10-0265/2025 – Thijs Reuten – § 80/1,512,109,46,0,0
183636,2026-01-21,A10-0265/2025,,A10-0265/2025 – Thijs Reuten – § 80/2,347,289,15,0,0
183637,2026-01-21,A10-0265/2025,,A10-0265/2025 – Thijs Reuten – § 80/3,476,128,46,0,0
183638,2026-01-21,A10-0265/2025,,A10-0265/2025 – Thijs Reuten – After § 81 – Am 14,212,425,25,0,0
183639,2026-01-21,A10-0265/2025,,A10-0265/2025 – Thijs Reuten – After citation 27 – Am 15,506,82,58,0,0
183641,2026-01-21,A10-0265/2025,,A10-0265/2025 – Thijs Reuten – Recital C/1,559,44,63,0,0
183642,2026-01-21,A10-0265/2025,,A10-0265/2025 – Thijs Reuten – Recital C/2,518,113,14,0,0
183643,2026-01-21,A10-0265/2025,,A10-0265/2025 – Thijs Reuten – After recital E – Am 6,221,415,24,0,0
183645,2026-01-21,A10-0265/2025,,A10-0265/2025 – Thijs Reuten – Recital Q/1,565,53,47,0,0
183646,2026-01-21,A10-0265/2025,,A10-0265/2025 – Thijs Reuten – Recital Q/2,477,150,23,0,0
183649,2026-01-21,,,Recital S,,,,0,0
183650,2026-01-21,,,Recital S,,,,0,0
183652,2026-01-21,,,§ 1,,,,0,0
183653,2026-01-21,,,§ 1,,,,0,0
183654,2026-01-21,A10-0262/2025,,A10-0262/2025 – Francisco Assis – After § 2 – Am 19,227,417,18,0,0
183656,2026-01-21,,,§ 3,,,,0,0
183657,2026-01-21,,,§ 3,,,,0,0
183659,2026-01-21,,,§ 5,,,,0,0
183660,2026-01-21,,,§ 5,,,,0,0
183661,2026-01-21,A10-0262/2025,,A10-0262/2025 – Francisco Assis – After § 5 – Am 21,416,138,86,0,0
183662,2026-01-21,A10-0262/2025,,A10-0262/2025 – Francisco Assis – After § 10 – Am 3,231,410,6,0,0
183664,2026-01-21,,,§ 17,,,,0,0
183665,2026-01-21,,,§ 17,,,,0,0
183666,2026-01-21,A10-0262/2025,,A10-0262/2025 – Francisco Assis – § 17/3,510,105,52,0,0
183667,2026-01-21,A10-0262/2025,,A10-0262/2025 – Francisco Assis – § 17/4,424,157,46,0,0
183668,2026-01-21,A10-0262/2025,,A10-0262/2025 – Francisco Assis – After § 18 – Am 11,246,405,6,0,0
183670,2026-01-21,,,§ 19,498,102,50,0,0
183671,2026-01-21,,,§ 19,373,202,76,0,0
183672,2026-01-21,A10-0262/2025,,A10-0262/2025 – Francisco Assis – § 20 – Am 35,89,508,57,0,0
183674,2026-01-21,,,§ 20,,,,0,0
183675,2026-01-21,,,§ 20,,,,0,0
183676,2026-01-21,,,§ 20,,,,0,0
183677,2026-01-21,A10-0262/2025,,A10-0262/2025 – Francisco Assis – § 21 – Am 4,194,446,15,0,0
183679,2026-01-21,,,§ 21,,,,0,0
183680,2026-01-21,A10-0262/2025,,A10-0262/2025 – Francisco Assis – § 21/2,434,217,8,0,0
183681,2026-01-21,A10-0262/2025,,A10-0262/2025 – Francisco Assis – After § 22 – Am 36,108,468,58,0,0
183682,2026-01-21,A10-0262/2025,,A10-0262/2025 – Francisco Assis – After § 22 – Am 37,121,425,102,0,0
183683,2026-01-21,A10-0262/2025,,A10-0262/2025 – Francisco Assis – After § 22 – Am 38,111,433,104,0,0
183684,2026-01-21,A10-0262/2025,,A10-0262/2025 – Francisco Assis – After § 22 – Am 39,77,483,89,0,0
183686,2026-01-21,,,§ 25,,,,0,0
183687,2026-01-21,,,§ 25,,,,0,0
183688,2026-01-21,A10-0262/2025,,A10-0262/2025 – Francisco Assis – § 27 – Am 12,186,462,14,0,0
183689,2026-01-21,A10-0262/2025,,A10-0262/2025 – Francisco Assis – § 27 – Am 27,188,447,21,0,0
183690,2026-01-21,A10-0262/2025,,A10-0262/2025 – Francisco Assis – After § 29 – Am 28,191,389,70,0,0
183691,2026-01-21,A10-0262/2025,,A10-0262/2025 – Francisco Assis – After § 29 – Am 42,71,486,87,0,0
183693,2026-01-21,,,§ 33,,,,0,0
183694,2026-01-21,,,§ 33,,,,0,0
183695,2026-01-21,A10-0262/2025,,A10-0262/2025 – Francisco Assis – § 43 – Am 5,205,417,33,0,0
183697,2026-01-21,,,§ 43,,,,0,0
183698,2026-01-21,A10-0262/2025,,A10-0262/2025 – Francisco Assis – § 43/2,376,254,29,0,0
183699,2026-01-21,,,§ 43,,,,0,0
183701,2026-01-21,,,§ 51,,,,0,0
183702,2026-01-21,,,§ 51,,,,0,0
183703,2026-01-21,,,§ 51,,,,0,0
183704,2026-01-21,,,§ 51,,,,0,0
183706,2026-01-21,,,§ 53,,,,0,0
183707,2026-01-21,,,§ 53,,,,0,0
183708,2026-01-21,,,§ 53,,,,0,0
183709,2026-01-21,,,§ 53,,,,0,0
183710,2026-01-21,A10-0262/2025,,A10-0262/2025 – Francisco Assis – After § 53 – Am 15,164,470,28,0,0
183711,2026-01-21,A10-0262/2025,,A10-0262/2025 – Francisco Assis – After § 56 – Am 6,177,415,61,0,0
183712,2026-01-21,A10-0262/2025,,A10-0262/2025 – Francisco Assis – § 57 – Am 44,86,515,53,0,0
183714,2026-01-21,,,§ 57,,,,0,0
183715,2026-01-21,,,§ 57,,,,0,0
183716,2026-01-21,,,§ 57,,,,0,0
183717,2026-01-21,A10-0262/2025,,A10-0262/2025 – Francisco Assis – After § 57 – Am 45,104,487,63,0,0
183718,2026-01-21,,,§ 58,,,,0,0
183719,2026-01-21,A10-0262/2025,,A10-0262/2025 – Francisco Assis – § 60 – Am 7,197,438,13,0,0
183720,2026-01-21,A10-0262/2025,,A10-0262/2025 – Francisco Assis – § 66 – Am 8,227,414,9,0,0
183722,2026-01-21,,,§ 66,,,,0,0
183723,2026-01-21,A10-0262/2025,,A10-0262/2025 – Francisco Assis – § 66/2,367,256,25,0,0
183724,2026-01-21,,,§ 71,,,,0,0
183726,2026-01-21,,,74,,,,0,0
183727,2026-01-21,,,74,,,,0,0
183728,2026-01-21,,,74,,,,0,0
183729,2026-01-21,A10-0262/2025,,A10-0262/2025 – Francisco Assis – § 78 – Am 16,184,451,22,0,0
183731,2026-01-21,,,§ 78,,,,0,0
183732,2026-01-21,,,§ 78,,,,0,0
183733,2026-01-21,,,§ 78,307,262,85,0,0
183734,2026-01-21,,,§ 78,,,,0,0
183735,2026-01-21,,,§ 78,300,324,25,0,0
183736,2026-01-21,,,§ 78,,,,0,0
183737,2026-01-21,,,§ 78,325,254,72,0,0
183738,2026-01-21,,,§ 78,,,,0,0
183740,2026-01-21,,,§ 81,,,,0,0
183741,2026-01-21,,,§ 81,,,,0,0
183742,2026-01-21,A10-0262/2025,,A10-0262/2025 – Francisco Assis – After § 81 – Am 32,360,283,11,0,0
183743,2026-01-21,A10-0262/2025,,A10-0262/2025 – Francisco Assis – After § 83 – Am 46,90,495,61,0,0
183744,2026-01-21,A10-0262/2025,,A10-0262/2025 – Francisco Assis – After § 83 – Am 48,94,489,60,0,0
183745,2026-01-21,,,Citation 31,,,,0,0
183747,2026-01-21,,,Recital C,,,,0,0
183748,2026-01-21,,,Recital C,,,,0,0
183749,2026-01-21,A10-0262/2025,,A10-0262/2025 – Francisco Assis – After recital M – Am 1,244,384,28,0,0
183750,2026-01-21,A10-0262/2025,,A10-0262/2025 – Francisco Assis – After recital M – Am 2,240,384,7,0,0
183752,2026-01-21,,,Recital O,,,,0,0
183753,2026-01-21,A10-0262/2025,,A10-0262/2025 – Francisco Assis – Recital O/2,492,105,48,0,0
183755,2026-01-21,,,Recital P,,,,0,0
183756,2026-01-21,,,Recital P,,,,0,0
183757,2026-01-21,,,Recital R,,,,0,0
183758,2026-01-21,,,§ 17,,,,0,0
183759,2026-01-21,,,§ 19,,,,0,0
183760,2026-01-21,,,§ 40,,,,0,0
183761,2026-01-21,,,§ 46,,,,0,0
183762,2026-01-21,,,After recital R,,,,0,0
183763,2026-01-21,A10-0253/2025,,"A10-0253/2025 – David McAllister – Paragraph 3, subparagraph 1, after point b – Am 5",304,302,54,0,0
183764,2026-01-21,A10-0253/2025,,A10-0253/2025 – David McAllister – After § 4 – Am 6,198,383,62,0,0
183768,2026-01-21,A10-0253/2025,,A10-0253/2025 – David McAllister – After § 8 – Am 53,208,436,12,0,0
183770,2026-01-21,,,§ 12,,,,0,0
183771,2026-01-21,,,§ 12,,,,0,0
183772,2026-01-21,A10-0253/2025,,A10-0253/2025 – David McAllister – After § 13 – Am 8,336,262,57,0,0
183774,2026-01-21,,,§ 14,,,,0,0
183775,2026-01-21,,,§ 14,,,,0,0
183776,2026-01-21,A10-0253/2025,,A10-0253/2025 – David McAllister – § 14/3,467,150,45,0,0
183777,2026-01-21,A10-0253/2025,,A10-0253/2025 – David McAllister – After § 15 – Am 9,289,326,35,0,0
183778,2026-01-21,A10-0253/2025,,A10-0253/2025 – David McAllister – After § 15 – Am 11,276,305,65,0,0
183779,2026-01-21,A10-0253/2025,,A10-0253/2025 – David McAllister – After § 15 – Am 13,88,551,18,0,0
183780,2026-01-21,A10-0253/2025,,A10-0253/2025 – David McAllister – After § 15 – Am 14,52,534,70,0,0
183782,2026-01-21,,,§ 16,,,,0,0
183783,2026-01-21,,,§ 16,,,,0,0
183784,2026-01-21,,,§ 16,,,,0,0
183785,2026-01-21,A10-0253/2025,,A10-0253/2025 – David McAllister – § 17 – Am 65,192,454,11,0,0
183787,2026-01-21,,,§ 18,,,,0,0
183788,2026-01-21,,,§ 18,,,,0,0
183789,2026-01-21,,,§ 18,375,267,12,0,0
183795,2026-01-21,A10-0253/2025,,A10-0253/2025 – David McAllister – After § 20 – Am 16,102,511,42,0,0
183796,2026-01-21,A10-0253/2025,,A10-0253/2025 – David McAllister – § 27 – Am 77,214,425,20,0,0
183798,2026-01-21,,,§ 30,,,,0,0
183799,2026-01-21,,,§ 30,,,,0,0
183800,2026-01-21,,,§ 34,,,,0,0
183802,2026-01-21,,,§ 34,,,,0,0
183803,2026-01-21,,,§ 34,,,,0,0
183804,2026-01-21,A10-0253/2025,,A10-0253/2025 – David McAllister – After § 34 – Am 19,121,485,55,0,0
183805,2026-01-21,A10-0253/2025,,A10-0253/2025 – David McAllister – After § 34 – Am 22,90,540,31,0,0
183806,2026-01-21,A10-0253/2025,,A10-0253/2025 – David McAllister – After § 34 – Am 23,87,508,63,0,0
183807,2026-01-21,A10-0253/2025,,A10-0253/2025 – David McAllister – After § 34 – Am 56,131,498,22,0,0
183812,2026-01-21,,,§ 38,,,,0,0
183813,2026-01-21,,,§ 38,,,,0,0
183814,2026-01-21,A10-0253/2025,,A10-0253/2025 – David McAllister – § 41,620,14,21,0,0
183815,2026-01-21,A10-0253/2025,,A10-0253/2025 – David McAllister – After § 41 – Am 25,115,421,113,0,0
183816,2026-01-21,A10-0253/2025,,A10-0253/2025 – David McAllister – § 42 – Am 26,557,27,71,0,0
183817,2026-01-21,,,§ 42,,,,0,0
183818,2026-01-21,A10-0253/2025,,A10-0253/2025 – David McAllister – § 51 – Am 67,193,461,9,0,0
183820,2026-01-21,,,After § 54,,,,0,0
183821,2026-01-21,,,After § 54,,,,0,0
183822,2026-01-21,A10-0253/2025,,A10-0253/2025 – David McAllister – After § 58 – Am 27,182,431,37,0,0
183823,2026-01-21,A10-0253/2025,,A10-0253/2025 – David McAllister – After § 60 – Am 81,198,426,26,0,0
183824,2026-01-21,A10-0253/2025,,A10-0253/2025 – David McAllister – § 69 – Am 68,83,548,32,0,0
183825,2026-01-21,A10-0253/2025,,A10-0253/2025 – David McAllister – § 75 – Am 69,198,455,7,0,0
183826,2026-01-21,A10-0253/2025,,A10-0253/2025 – David McAllister – After § 76 – Am 28,94,369,191,0,0
183827,2026-01-21,A10-0253/2025,,A10-0253/2025 – David McAllister – After § 76 – Am 33,228,409,24,0,0
183828,2026-01-21,A10-0253/2025,,A10-0253/2025 – David McAllister – § 77 – Am 82,331,241,63,0,0
183830,2026-01-21,,,After § 77,309,315,31,0,0
183831,2026-01-21,,,After § 77,,,,0,0
183832,2026-01-21,A10-0253/2025,,A10-0253/2025 – David McAllister – After § 78 – Am 36,157,374,128,0,0
183833,2026-01-21,A10-0253/2025,,A10-0253/2025 – David McAllister – After § 78 – Am 37,253,361,49,0,0
183834,2026-01-21,A10-0253/2025,,A10-0253/2025 – David McAllister – After § 78 – Am 39,64,549,43,0,0
183835,2026-01-21,,,§ 83,,,,0,0
183836,2026-01-21,A10-0253/2025,,A10-0253/2025 – David McAllister – § 89 – Am 40,263,363,36,0,0
183838,2026-01-21,,,§ 90,,,,0,0
183839,2026-01-21,,,§ 90,,,,0,0
183840,2026-01-21,A10-0253/2025,,A10-0253/2025 – David McAllister – After § 92 – Am 84,202,439,17,0,0
183841,2026-01-21,A10-0253/2025,,A10-0253/2025 – David McAllister – § 93 – Am 61,197,439,21,0,0
183843,2026-01-21,,,§ 93,,,,0,0
183844,2026-01-21,A10-0253/2025,,A10-0253/2025 – David McAllister – § 93/2,394,241,30,0,0
183845,2026-01-21,,,§ 97,,,,0,0
183849,2026-01-21,,,Recital H,,,,0,0
183850,2026-01-21,A10-0253/2025,,A10-0253/2025 – David McAllister – Recital S – Am 63,210,443,10,0,0
183851,2026-01-21,A10-0253/2025,,A10-0253/2025 – David McAllister – Recital U – Am 71,181,371,94,0,0
183852,2026-01-21,A10-0253/2025,,A10-0253/2025 – David McAllister – Recital AJ – Am 64,276,322,67,0,0
183853,2026-01-21,A10-0253/2025,,A10-0253/2025 – David McAllister – Recital AJ,329,270,55,0,0
183854,2026-01-21,,,Recital AT,,,,0,0
183855,2026-01-21,,,Recital AU,,,,0,0
183868,2026-01-21,A10-0253/2025,,A10-0253/2025 – David McAllister – § 91 – Am 41D,278,368,12,0,0
183869,2026-01-21,,,After citation 2,,,,0,0
183870,2026-01-21,C10-0004/2026,,C10-0004/2026 – Proposal for a Council decision,499,135,24,0,0
183872,2026-01-21,,,§ 6,,,,0,0
183873,2026-01-21,,,§ 6,,,,0,0
183875,2026-01-21,,,§ 20,,,,0,0
183876,2026-01-21,,,§ 20,,,,0,0
183877,2026-01-21,,,§ 20,,,,0,0
183878,2026-01-21,,,§ 20,,,,0,0
183879,2026-01-21,,,§ 36,,,,0,0
183880,2026-01-21,,,§ 36,449,170,39,0,0
183882,2026-01-21,,,After recital E,539,112,9,0,0
183883,2026-01-21,,,After recital E,,,,0,0
183884,2026-01-21,B10-0060/2026,,B10-0060/2026 – Motion for a resolution,334,324,11,0,0
183885,2026-01-21,B10-0061/2026,,B10-0061/2026 – Motion for a resolution,225,402,13,0,0
183886,2026-01-22,A10-0268/2025,,A10-0268/2025 – Olivier Chastel – § 2 – Am 1,343,277,14,0,0
183888,2026-01-22,,,§ 12,,,,0,0
183889,2026-01-22,,,§ 12,275,347,6,0,0
183890,2026-01-22,A10-0268/2025,,A10-0268/2025 – Olivier Chastel – After § 35 – Am 3,364,258,5,0,0
183892,2026-01-22,A10-0107/2025,,A10-0107/2025 – Sarah Knafo – After § 3 – Am 1,426,180,24,0,0
183894,2026-01-22,,,§ 4,,,,0,0
183895,2026-01-22,,,§ 4,,,,0,0
183896,2026-01-22,A10-0107/2025,,A10-0107/2025 – Sarah Knafo – § 4/3,426,182,19,0,0
183897,2026-01-22,A10-0107/2025,,A10-0107/2025 – Sarah Knafo – After § 11 – Am 3,207,406,13,0,0
183898,2026-01-22,,,§ 25,,,,0,0
183899,2026-01-22,A10-0107/2025,,A10-0107/2025 – Sarah Knafo – § 59 – Am 4,130,473,30,0,0
183900,2026-01-22,A10-0107/2025,,A10-0107/2025 – Sarah Knafo – § 66 – Am 5,175,436,16,0,0
183902,2026-01-22,,,§ 91,,,,0,0
183903,2026-01-22,,,§ 91,,,,0,0
183904,2026-01-22,A10-0107/2025,,A10-0107/2025 – Sarah Knafo – After § 92 – Am 6,211,410,10,0,0
183905,2026-01-22,A10-0107/2025,,A10-0107/2025 – Sarah Knafo – § 98,459,140,34,0,0
183906,2026-01-22,A10-0107/2025,,A10-0107/2025 – Sarah Knafo – § 103 – Am 7,213,401,18,0,0
183907,2026-01-22,A10-0107/2025,,A10-0107/2025 – Sarah Knafo – After § 103 – Am 8,252,373,6,0,0
183908,2026-01-22,A10-0107/2025,,A10-0107/2025 – Sarah Knafo – After § 103 – Am 9,214,407,10,0,0
183910,2026-01-22,,,§ 105,,,,0,0
183911,2026-01-22,,,§ 105,,,,0,0
183912,2026-01-22,,,§ 105,,,,0,0
183913,2026-01-22,A10-0107/2025,,A10-0107/2025 – Sarah Knafo – After § 115 – Am 10,186,418,29,0,0
183914,2026-01-22,A10-0107/2025,,A10-0107/2025 – Sarah Knafo – Recital A – Am 2,187,428,15,0,0
183915,2026-01-22,,,Recital G,,,,0,0
183916,2026-01-22,,,Recital AT,,,,0,0
183918,2026-01-21,,,After § 27,,,,0,0
183920,2026-01-21,,,After § 34,,,,0,0
183930,2026-01-22,,,After § 1,,,,0,0
183931,2026-01-22,,,After § 1,,,,0,0
183932,2026-01-22,,,After § 6,,,,0,0
183933,2026-01-22,,,After § 6,,,,0,0
183934,2026-01-22,,,After § 6,,,,0,0
183935,2026-01-22,,,After recital B,,,,0,0
183936,2026-01-22,,,After recital E,,,,0,0
183938,2026-01-22,,,After recital L,,,,0,0
183939,2026-01-22,,,After recital L,,,,0,0
183942,2026-01-22,B10-0070/2026,,B10-0070/2026,,,,0,0
183943,2026-01-22,B10-0072/2026,,B10-0072/2026,,,,0,0
183944,2026-01-22,B10-0073/2026,,B10-0073/2026,,,,0,0
183945,2026-01-22,B10-0074/2026,,B10-0074/2026,,,,0,0
183946,2026-01-22,B10-0075/2026,,B10-0075/2026,,,,0,0
183947,2026-01-22,B10-0076/2026,,B10-0076/2026,,,,0,0
183948,2026-01-22,B10-0078/2026,,B10-0078/2026,,,,0,0
183952,2026-01-22,,,After § 1,,,,0,0
183954,2026-01-22,,,After § 1,,,,0,0
183955,2026-01-22,,,After § 1,,,,0,0
183960,2026-01-22,,,After § 12,,,,0,0
183963,2026-01-22,,,After § 12,,,,0,0
183964,2026-01-22,,,§ 20,132,387,96,0,0
183967,2026-01-22,,,After recital B,,,,0,0
183968,2026-01-22,,,After recital R,,,,0,0
183971,2026-01-22,B10-0069/2026,,B10-0069/2026,,,,0,0
183972,2026-01-22,B10-0071/2026,,B10-0071/2026,,,,0,0
183973,2026-01-22,B10-0077/2026,,B10-0077/2026,,,,0,0
183974,2026-01-22,B10-0080/2026,,B10-0080/2026,,,,0,0
183975,2026-01-22,B10-0081/2026,,B10-0081/2026,,,,0,0
183976,2026-01-22,B10-0083/2026,,B10-0083/2026,,,,0,0
183977,2026-01-22,B10-0095/2026,,B10-0095/2026,,,,0,0
183979,2026-01-21,,,After § 19,,,,0,0
183982,2026-01-22,,,After § 1,,,,0,0
183983,2026-01-22,,,After § 3,,,,0,0
183987,2026-01-22,,,After recital F,,,,0,0
183988,2026-01-22,,,After recital F,,,,0,0
183989,2026-01-22,,,Motion for a resolution (as a whole),,,,0,0
183991,2026-01-22,B10-0064/2026,,B10-0064/2026,,,,0,0
183992,2026-01-22,B10-0065/2026,,B10-0065/2026,,,,0,0
183993,2026-01-22,B10-0067/2026,,B10-0067/2026,,,,0,0
183994,2026-01-22,B10-0079/2026,,B10-0079/2026,,,,0,0
183995,2026-01-22,B10-0087/2026,,B10-0087/2026,,,,0,0
183996,2026-01-22,B10-0089/2026,,B10-0089/2026,,,,0,0
183997,2026-01-22,B10-0090/2026,,B10-0090/2026,,,,0,0
183998,2026-01-22,B10-0092/2026,,B10-0092/2026,,,,0,0
184002,2026-01-22,B10-0068/2026,,B10-0068/2026,,,,0,0
184003,2026-01-22,B10-0082/2026,,B10-0082/2026,,,,0,0
184004,2026-01-22,B10-0084/2026,,B10-0084/2026,,,,0,0
184005,2026-01-22,B10-0085/2026,,B10-0085/2026,,,,0,0
184006,2026-01-22,B10-0086/2026,,B10-0086/2026,,,,0,0
184010,2026-01-22,B10-0066/2026,,B10-0066/2026,,,,0,0
184011,2026-01-22,B10-0088/2026,,B10-0088/2026,,,,0,0
184012,2026-01-22,B10-0091/2026,,B10-0091/2026,,,,0,0
184013,2026-01-22,B10-0093/2026,,B10-0093/2026,,,,0,0
184014,2026-01-22,B10-0094/2026,,B10-0094/2026,,,,0,0
184015,2026-01-22,B10-0096/2026,,B10-0096/2026,,,,0,0
184017,2026-01-22,B10-0071/2026,,RC-B10-0071/2026 – After § 1 – Am 8,128,423,68,0,0
184018,2026-01-22,B10-0071/2026,,RC-B10-0071/2026 – After § 1 – Am 11,262,308,54,0,0
184019,2026-01-22,B10-0071/2026,,RC-B10-0071/2026 – After § 1 – Am 13,155,358,115,0,0
184020,2026-01-22,B10-0071/2026,,RC-B10-0071/2026 – After § 1 – Am 16,257,330,40,0,0
184021,2026-01-22,B10-0071/2026,,RC-B10-0071/2026 – After § 5 – Am 2,226,373,30,0,0
184022,2026-01-22,B10-0071/2026,,RC-B10-0071/2026 – After § 5 – Am 3,225,375,31,0,0
184023,2026-01-22,B10-0071/2026,,RC-B10-0071/2026 – After § 5 – Am 4,224,381,18,0,0
184024,2026-01-22,B10-0071/2026,,RC-B10-0071/2026 – After § 12 – Am 17,72,461,91,0,0
184025,2026-01-22,B10-0071/2026,,RC-B10-0071/2026 – After § 12 – Am 18,62,521,43,0,0
184026,2026-01-22,B10-0071/2026,,RC-B10-0071/2026 – After § 29 – Am 9,165,397,60,0,0
184027,2026-01-22,B10-0071/2026,,RC-B10-0071/2026 – Motion for a resolution (as a whole),562,9,57,0,0
184028,2026-01-22,B10-0070/2026,,RC-B10-0070/2026 – § 4,431,140,32,0,0
184030,2026-01-22,B10-0070/2026,,RC-B10-0070/2026 – § 5/1,430,145,33,0,0
184031,2026-01-22,B10-0070/2026,,RC-B10-0070/2026 – § 5/2,417,158,34,0,0
184032,2026-01-22,B10-0070/2026,,RC-B10-0070/2026 – § 6,424,158,29,0,0
184033,2026-01-22,B10-0070/2026,,RC-B10-0070/2026 – § 7,405,163,41,0,0
184034,2026-01-22,B10-0070/2026,,RC-B10-0070/2026 – § 8,442,132,34,0,0
184035,2026-01-22,B10-0070/2026,,RC-B10-0070/2026 – § 9,413,158,39,0,0
184037,2026-01-22,B10-0070/2026,,RC-B10-0070/2026 – § 10/1,427,161,21,0,0
184038,2026-01-22,B10-0070/2026,,RC-B10-0070/2026 – § 10/2,334,259,18,0,0
184040,2026-01-22,B10-0070/2026,,RC-B10-0070/2026 – § 11/1,430,157,20,0,0
184041,2026-01-22,B10-0070/2026,,RC-B10-0070/2026 – § 11/2,412,171,28,0,0
184043,2026-01-22,B10-0070/2026,,RC-B10-0070/2026 – Recital J/1,422,107,73,0,0
184044,2026-01-22,B10-0070/2026,,RC-B10-0070/2026 – Recital J/2,327,235,42,0,0
184045,2026-01-22,B10-0070/2026,,RC-B10-0070/2026 – Recital K,406,149,50,0,0
184047,2026-01-22,B10-0070/2026,,RC-B10-0070/2026 – Recital L/1,425,147,37,0,0
184048,2026-01-22,B10-0070/2026,,RC-B10-0070/2026 – Recital L/2,328,237,33,0,0
184050,2026-01-22,,,Recital M,,,,0,0
184051,2026-01-22,,,Recital M,,,,0,0
184053,2026-01-22,B10-0070/2026,,RC-B10-0070/2026 – Recital O/1,426,151,31,0,0
184054,2026-01-22,B10-0070/2026,,RC-B10-0070/2026 – Recital O/2,398,164,40,0,0
184056,2026-01-22,B10-0070/2026,,RC-B10-0070/2026 – Recital P/1,419,158,25,0,0
184057,2026-01-22,B10-0070/2026,,RC-B10-0070/2026 – Recital P/2,426,141,42,0,0
184059,2026-01-22,B10-0070/2026,,RC-B10-0070/2026 – Recital Q/1,421,150,35,0,0
184060,2026-01-22,B10-0070/2026,,RC-B10-0070/2026 – Recital Q/2,405,155,41,0,0
184062,2026-01-22,,,Recital S,,,,0,0
184063,2026-01-22,,,Recital S,,,,0,0
184064,2026-01-22,B10-0070/2026,,RC-B10-0070/2026 – Recital T,429,153,26,0,0
184065,2026-01-22,B10-0070/2026,,RC-B10-0070/2026 – Motion for a resolution (as a whole),385,165,35,0,0
184066,2026-01-22,B10-0066/2026,,RC-B10-0066/2026 – Motion for a resolution,582,,35,0,0
184067,2026-01-22,B10-0068/2026,,RC-B10-0068/2026 – Motion for a resolution,503,9,100,0,0
184068,2026-01-22,B10-0064/2026,,RC-B10-0064/2026 – After § 3 – Am 7,98,464,46,0,0
184069,2026-01-22,B10-0064/2026,,RC-B10-0064/2026 – After § 6 – Am 3,491,51,72,0,0
184070,2026-01-22,B10-0064/2026,,RC-B10-0064/2026 – After recital A – Am 5,215,362,39,0,0
184076,2026-01-22,,,Approval without vote,,,,0,0
184101,2026-02-11,,,§ 1,,,,0,0
184102,2026-02-11,,,After § 1,,,,0,0
184103,2026-02-11,,,After § 1,,,,0,0
184104,2026-02-11,,,§ 9,,,,0,0
184105,2026-02-11,,,After recital G,,,,0,0
184106,2026-02-11,A10-0006/2026,,A10-0006/2026 – Nicolae Ștefănuță – Motion for a resolution (as a whole),593,55,9,0,0
184107,2026-02-10,,,Proposal for a decision,,,,0,0
184108,2026-02-10,,,Appointment of Frank Elderson,434,169,44,0,0
184110,2026-02-12,A10-0153/2025,,A10-0153/2025 – Stefano Bonaccini – Provisional agreement – Am 85,555,,26,0,0
184111,2026-02-11,,,§ 9,,,,0,0
184112,2026-02-11,,,§ 14,,,,0,0
184116,2026-02-11,,,§ 39,,,,0,0
184117,2026-02-11,A10-0003/2026,,A10-0003/2026 – Željana Zovko – Motion for a resolution (as a whole),552,24,75,0,0
184118,2026-02-10,A10-0013/2026,,A10-0013/2026 – Magdalena Adamowicz – Commission proposal,613,5,29,0,0
184120,2026-02-10,A10-0220/2025,,A10-0220/2025 – Esther Herranz García – Provisional agreement – Am 92,625,15,11,0,0
184122,2026-02-10,,,Commission statement,,,,0,0
184124,2026-02-10,,,§ 3,,,,0,0
184125,2026-02-10,,,§ 5,,,,0,0
184126,2026-02-10,,,§ 5,,,,0,0
184131,2026-02-10,,,After § 6,,,,0,0
184132,2026-02-10,,,§ 7,,,,0,0
184133,2026-02-10,,,§ 8,,,,0,0
184140,2026-02-10,,,After § 17,,,,0,0
184142,2026-02-10,,,After § 19,,,,0,0
184143,2026-02-10,,,§ 20,319,312,24,0,0
184148,2026-02-10,,,After § 27,,,,0,0
184150,2026-02-10,,,§ 28,,,,0,0
184153,2026-02-10,,,After recital C,,,,0,0
184154,2026-02-10,,,After recital C,,,,0,0
184155,2026-02-10,,,After recital C,,,,0,0
184156,2026-02-10,,,After recital C,,,,0,0
184157,2026-02-10,,,After recital E,,,,0,0
184159,2026-02-10,,,After recital H,,,,0,0
184160,2026-02-10,,,After recital H,,,,0,0
184161,2026-02-10,,,After recital H,,,,0,0
184162,2026-02-10,,,After recital H,,,,0,0
184163,2026-02-10,,,After recital H,,,,0,0
184164,2026-02-10,A10-0002/2026,,A10-0002/2026 – Johan Van Overtveldt – Motion for a resolution (as a whole),443,71,117,0,0
184168,2026-02-10,A10-0255/2025,,A10-0255/2025 – Lena Düpont – Provisional agreement – Am 13,396,226,30,0,0
184170,2026-02-10,,,Proposal for rejection,,,,0,0
184172,2026-02-10,A10-0259/2025,,A10-0259/2025 – Alessandro Ciriani – Provisional agreement – Am 31,408,184,60,0,0
184174,2026-02-10,A10-0173/2025,,A10-0173/2025 – Zala Tomašič – Provisional agreement – Am 24,594,25,23,0,0
184178,2026-02-10,A10-0223/2025,,A10-0223/2025 – Ondřej Knotek – Provisional agreement – Am 69,413,226,12,0,0
184180,2026-02-10,,,Text as a whole,,,,0,0
184183,2026-02-10,,,Commission proposal,,,,0,0
184187,2026-02-12,A10-0256/2025,,A10-0256/2025 – Johan Danielsson – Motion for a resolution (as a whole),332,209,33,0,0
184191,2026-02-10,A10-0254/2025,,A10-0254/2025 – Gabriel Mato – Provisional agreement – Am 89,483,102,67,0,0
184193,2026-02-10,,,Commission statement,,,,0,0
184195,2026-02-10,,,Text as a whole,,,,0,0
184196,2026-02-10,,,"Article 1, § 2",,,,0,0
184197,2026-02-10,,,"Article 1, § 2",,,,0,0
184207,2026-02-10,,,"Article 4, § 3",,,,0,0
184210,2026-02-10,,,"Article 6, § 3",,,,0,0
184212,2026-02-10,,,"Article 6, § 4",,,,0,0
184222,2026-02-10,,,Commission proposal,,,,0,0
184363,2026-02-12,,,"§ 1, after point d",,,,0,0
184365,2026-02-12,,,"§ 1, after point f",315,244,7,0,0
184366,2026-02-12,,,"§ 1, after point k",,,,0,0
184371,2026-02-12,,,After citation 4,210,248,79,0,0
184372,2026-02-12,,,Recital B,,,,0,0
184374,2026-02-12,,,After recital C,200,233,107,0,0
184375,2026-02-12,,,After recital D,,,,0,0
184377,2026-02-12,,,Recital G,,,,0,0
184378,2026-02-12,,,Recital N,,,,0,0
184379,2026-02-12,A10-0010/2026,,A10-0010/2026 – Lina Gálvez – Motion for a resolution (as a whole),340,141,68,0,0
184381,2026-02-12,,,Alternative motions for resolutions,,,,0,0
184390,2026-02-12,,,§ 67,,,,0,0
184391,2026-02-12,,,After recital W,241,222,112,0,0
184393,2026-02-12,A10-0260/2025,,A10-0260/2025 – João Oliveira – Motion for a resolution (as a whole),385,141,53,0,0
184394,2026-02-10,A10-0223/2025,,A10-0223/2025 – Ondřej Knotek – Proposal for rejection – Am 72,224,396,27,0,0
184395,2026-02-10,,,"Article 4, after § 4",,,,0,0
184396,2026-02-10,,,"Article 4, after § 4",,,,0,0
184398,2026-02-10,,,"Article 2, § 1, point 5",,,,0,0
184399,2026-02-10,,,"Article 2, § 1, point 10",,,,0,0
184400,2026-02-10,,,"Article 3, § 1, introductory part",,,,0,0
184401,2026-02-10,,,"Article 3, § 1, point c",,,,0,0
184402,2026-02-10,,,"Article 3, after § 1",,,,0,0
184403,2026-02-10,,,"Article 3, after § 1",,,,0,0
184405,2026-02-10,,,"Article 3, § 2, after point c",,,,0,0
184406,2026-02-10,,,"Article 3, after § 2",,,,0,0
184408,2026-02-10,,,"Article 6, § 3",,,,0,0
184409,2026-02-10,,,"Article 6, § 4",,,,0,0
184410,2026-02-10,,,"Article 7, § 5",,,,0,0
184411,2026-02-10,,,"Article 9, § 1, after point b",,,,0,0
184412,2026-02-10,,,"Article 9, § 1, point c",,,,0,0
184413,2026-02-10,,,After Article 9,,,,0,0
184414,2026-02-10,,,"Article 11, § 1",,,,0,0
184415,2026-02-10,,,"Article 11, § 3",,,,0,0
184416,2026-02-10,,,After Article 12,,,,0,0
184418,2026-02-10,A10-0255/2025,,A10-0255/2025 – Lena Düpont – Proposal for rejection – Am 14= 15= 16=,220,396,37,0,0
184425,2026-02-11,,,§ 21,,,,0,0
184426,2026-02-11,A10-0005/2026,,A10-0005/2026 – Michał Szczerba – Motion for a resolution (as a whole),440,119,85,0,0
184430,2026-02-12,,,Motion for a resolution ,,,,0,0
184432,2026-02-12,,,Motion for a resolution ,,,,0,0
184434,2026-02-10,,,Proposal to vote on amendments,,,,0,0
184436,2026-02-10,,,Text as a whole,,,,0,0
184438,2026-02-10,,,Recital 24,,,,0,0
184439,2026-02-10,,,Recital 24,,,,0,0
184440,2026-02-10,A10-0002/2026,,A10-0002/2026 – Johan Van Overtveldt – § 2 – Am 19,107,510,33,0,0
184441,2026-02-10,A10-0002/2026,,A10-0002/2026 – Johan Van Overtveldt – § 5,621,20,12,0,0
184442,2026-02-10,A10-0002/2026,,A10-0002/2026 – Johan Van Overtveldt – § 6 – Am 22,113,524,13,0,0
184443,2026-02-10,A10-0002/2026,,A10-0002/2026 – Johan Van Overtveldt – After § 6 – Am 7,482,70,103,0,0
184444,2026-02-10,A10-0002/2026,,A10-0002/2026 – Johan Van Overtveldt – After § 6 – Am 23,125,510,19,0,0
184445,2026-02-10,A10-0002/2026,,A10-0002/2026 – Johan Van Overtveldt – After § 6 – Am 24,96,510,45,0,0
184446,2026-02-10,A10-0002/2026,,A10-0002/2026 – Johan Van Overtveldt – After § 8 – Am 27,116,501,27,0,0
184447,2026-02-10,A10-0002/2026,,A10-0002/2026 – Johan Van Overtveldt – § 9 – Am 28,106,524,19,0,0
184448,2026-02-10,A10-0002/2026,,A10-0002/2026 – Johan Van Overtveldt – After § 9 – Am 2,328,281,40,0,0
184449,2026-02-10,A10-0002/2026,,A10-0002/2026 – Johan Van Overtveldt – After § 9 – Am 3,127,473,53,0,0
184450,2026-02-10,A10-0002/2026,,A10-0002/2026 – Johan Van Overtveldt – § 10,617,15,21,0,0
184451,2026-02-10,A10-0002/2026,,A10-0002/2026 – Johan Van Overtveldt – After § 10 – Am 29,96,498,58,0,0
184452,2026-02-10,A10-0002/2026,,A10-0002/2026 – Johan Van Overtveldt – § 12 – Am 30,98,538,16,0,0
184453,2026-02-10,A10-0002/2026,,A10-0002/2026 – Johan Van Overtveldt – § 12,499,96,56,0,0
184455,2026-02-10,,,§ 13,,,,0,0
184456,2026-02-10,,,§ 13,429,203,20,0,0
184457,2026-02-10,A10-0002/2026,,A10-0002/2026 – Johan Van Overtveldt – After § 18 – Am 32,88,508,53,0,0
184458,2026-02-10,,,§ 20,,,,0,0
184459,2026-02-10,A10-0002/2026,,A10-0002/2026 – Johan Van Overtveldt – After § 20 – Am 37,211,434,4,0,0
184461,2026-02-10,,,§ 21,,,,0,0
184462,2026-02-10,,,§ 21,,,,0,0
184463,2026-02-10,A10-0002/2026,,A10-0002/2026 – Johan Van Overtveldt – After § 22 – Am 40,420,158,64,0,0
184464,2026-02-10,A10-0002/2026,,A10-0002/2026 – Johan Van Overtveldt – § 23 – Am 41,438,158,44,0,0
184465,2026-02-10,A10-0002/2026,,A10-0002/2026 – Johan Van Overtveldt – § 25,626,18,10,0,0
184466,2026-02-10,A10-0002/2026,,A10-0002/2026 – Johan Van Overtveldt – § 27 – Am 4,59,561,28,0,0
184467,2026-02-10,A10-0002/2026,,A10-0002/2026 – Johan Van Overtveldt – After § 27 – Am 38,139,491,17,0,0
184468,2026-02-10,A10-0002/2026,,A10-0002/2026 – Johan Van Overtveldt – § 28,503,56,90,0,0
184469,2026-02-10,,,§ 32,,,,0,0
184470,2026-02-10,A10-0002/2026,,A10-0002/2026 – Johan Van Overtveldt – § 35 – Am 39,195,441,9,0,0
184472,2026-02-10,,,§ 35,,,,0,0
184473,2026-02-10,A10-0002/2026,,A10-0002/2026 – Johan Van Overtveldt – § 35/2,442,149,55,0,0
184474,2026-02-10,A10-0002/2026,,A10-0002/2026 – Johan Van Overtveldt – Recital G,530,98,26,0,0
184475,2026-02-10,A10-0002/2026,,A10-0002/2026 – Johan Van Overtveldt – After recital H – Am 13,98,512,40,0,0
184681,2026-02-09,,,Tuesday’s agenda – Request by the Renew Group – Ukraine,278,121,16,0,0
184682,2026-02-09,,,Wednesday’s agenda – Request by The Left Group – Israel,171,217,34,0,0
184683,2026-02-10,,,Request for an urgent decision,,,,0,0
184684,2026-02-10,A10-0254/2025,,A10-0254/2025 – Gabriel Mato – Proposal to vote on amendments,206,430,12,0,0
184685,2026-02-10,,,"Article 3, § 2, after point a",,,,0,0
184686,2026-02-10,,,"Article 9, after § 7",,,,0,0
184688,2026-02-10,,,Commission statement,,,,0,0
184689,2026-02-11,B10-0107/2026,,B10-0107/2026 – Motion for a resolution,461,169,22,0,0
184690,2026-02-11,B10-0106/2026,,B10-0106/2026 – Motion for a resolution,462,169,22,0,0
184691,2026-02-11,B10-0109/2026,,B10-0109/2026 – Motion for a resolution,463,164,21,0,0
184692,2026-02-11,B10-0108/2026,,B10-0108/2026 – Motion for a resolution,428,156,22,0,0
184693,2026-02-11,,,§ 5,,,,0,0
184694,2026-02-11,A10-0003/2026,,A10-0003/2026 – Željana Zovko – § 15 – Am 3,89,553,8,0,0
184695,2026-02-11,A10-0003/2026,,A10-0003/2026 – Željana Zovko – § 26 – Am 4,89,547,11,0,0
184696,2026-02-11,A10-0003/2026,,A10-0003/2026 – Željana Zovko – § 29 – Am 5,170,472,7,0,0
184697,2026-02-11,,,§ 32,,,,0,0
184698,2026-02-11,,,Text as a whole,,,,0,0
184699,2026-02-11,C10-0005/2026,,C10-0005/2026 – Commission proposal,458,140,44,0,0
184700,2026-02-11,C10-0006/2026,,C10-0006/2026 – Commission proposal,473,140,32,0,0
184709,2026-02-10,A10-0002/2026,,A10-0002/2026 – Johan Van Overtveldt – After § 28 – Am 5,234,393,17,0,0
184721,2026-02-11,C10-0023/2026,,C10-0023/2026 – Proposal for a Council regulation,490,130,32,0,0
184741,2026-02-12,A10-0256/2025,,A10-0256/2025 – Johan Danielsson – § 3,253,321,6,0,0
184742,2026-02-12,A10-0256/2025,,A10-0256/2025 – Johan Danielsson – After § 3 – Am 1,211,358,3,0,0
184744,2026-02-12,A10-0256/2025,,A10-0256/2025 – Johan Danielsson – § 4/1,467,100,14,0,0
184745,2026-02-12,A10-0256/2025,,A10-0256/2025 – Johan Danielsson – § 4/2,250,310,16,0,0
184747,2026-02-12,A10-0256/2025,,A10-0256/2025 – Johan Danielsson – § 8/1,470,64,46,0,0
184748,2026-02-12,A10-0256/2025,,A10-0256/2025 – Johan Danielsson – § 8/2,246,318,12,0,0
184750,2026-02-12,A10-0256/2025,,A10-0256/2025 – Johan Danielsson – § 11/1,491,43,45,0,0
184751,2026-02-12,A10-0256/2025,,A10-0256/2025 – Johan Danielsson – § 11/2,254,315,7,0,0
184752,2026-02-12,A10-0256/2025,,A10-0256/2025 – Johan Danielsson – After § 11 – Am 3,210,349,20,0,0
184753,2026-02-12,A10-0256/2025,,A10-0256/2025 – Johan Danielsson – After § 14 – Am 2,239,299,41,0,0
184755,2026-02-12,A10-0256/2025,,A10-0256/2025 – Johan Danielsson – § 19/1,447,102,30,0,0
184756,2026-02-12,A10-0256/2025,,A10-0256/2025 – Johan Danielsson – § 19/2,258,290,28,0,0
184757,2026-02-12,A10-0256/2025,,A10-0256/2025 – Johan Danielsson – Recital N,270,287,23,0,0
184758,2026-02-12,A10-0256/2025,,A10-0256/2025 – Johan Danielsson – Recital O,257,297,25,0,0
184759,2026-02-12,A10-0260/2025,,A10-0260/2025 – João Oliveira – Alternative motion for a resolution – Am 1,157,411,14,0,0
184760,2026-02-12,A10-0260/2025,,A10-0260/2025 – João Oliveira – § 2,294,282,6,0,0
184762,2026-02-12,A10-0260/2025,,A10-0260/2025 – João Oliveira – § 4/1,410,119,53,0,0
184763,2026-02-12,A10-0260/2025,,A10-0260/2025 – João Oliveira – § 4/2,274,298,10,0,0
184764,2026-02-12,A10-0260/2025,,A10-0260/2025 – João Oliveira – § 16,245,332,5,0,0
184765,2026-02-12,A10-0260/2025,,A10-0260/2025 – João Oliveira – § 17,247,291,43,0,0
184767,2026-02-12,A10-0260/2025,,A10-0260/2025 – João Oliveira – § 22/1,377,166,35,0,0
184768,2026-02-12,A10-0260/2025,,A10-0260/2025 – João Oliveira – § 22/2,276,262,36,0,0
184769,2026-02-12,A10-0260/2025,,A10-0260/2025 – João Oliveira – § 31 – Am 6,284,281,17,0,0
184770,2026-02-12,A10-0260/2025,,A10-0260/2025 – João Oliveira – After § 35 – Am 3,400,111,67,0,0
184771,2026-02-12,A10-0260/2025,,A10-0260/2025 – João Oliveira – After § 46 – Am 11,251,309,20,0,0
184772,2026-02-12,A10-0260/2025,,A10-0260/2025 – João Oliveira – After § 47 – Am 8,291,238,50,0,0
184773,2026-02-12,A10-0260/2025,,A10-0260/2025 – João Oliveira – After § 48 – Am 4,421,74,83,0,0
184774,2026-02-12,A10-0260/2025,,A10-0260/2025 – João Oliveira – § 50 – Am 7,309,236,28,0,0
184775,2026-02-12,A10-0260/2025,,A10-0260/2025 – João Oliveira – After § 55 – Am 5,491,13,74,0,0
184776,2026-02-12,A10-0260/2025,,A10-0260/2025 – João Oliveira – After § 63 – Am 9,261,266,51,0,0
184777,2026-02-12,A10-0260/2025,,A10-0260/2025 – João Oliveira – § 64,253,317,9,0,0
184778,2026-02-12,A10-0260/2025,,A10-0260/2025 – João Oliveira – § 65,253,320,8,0,0
184780,2026-02-12,A10-0260/2025,,A10-0260/2025 – João Oliveira – Recital D/1,426,72,82,0,0
184781,2026-02-12,A10-0260/2025,,A10-0260/2025 – João Oliveira – Recital D/2,220,319,39,0,0
184783,2026-02-12,A10-0260/2025,,A10-0260/2025 – João Oliveira – Recital O/1,397,133,49,0,0
184784,2026-02-12,A10-0260/2025,,A10-0260/2025 – João Oliveira – Recital O/2,269,302,5,0,0
184785,2026-02-12,A10-0260/2025,,A10-0260/2025 – João Oliveira – After recital AG – Am 10,265,273,42,0,0
184786,2026-02-12,A10-0010/2026,,"A10-0010/2026 – Lina Gálvez – § 1, point a – Am 3",104,398,59,0,0
184787,2026-02-12,A10-0010/2026,,"A10-0010/2026 – Lina Gálvez – § 1, after point b – Am 4",201,248,114,0,0
184788,2026-02-12,,,"§ 1, point d",,,,0,0
184790,2026-02-12,,,"§ 1, point e",,,,0,0
184791,2026-02-12,,,"§ 1, point e",,,,0,0
184793,2026-02-12,,,"§ 1, point f",,,,0,0
184794,2026-02-12,,,"§ 1, point f",257,262,36,0,0
184795,2026-02-12,A10-0010/2026,,"A10-0010/2026 – Lina Gálvez – § 1, after point f – Am 5",200,230,129,0,0
184797,2026-02-12,A10-0010/2026,,"A10-0010/2026 – Lina Gálvez – § 1, point g/1",464,33,76,0,0
184798,2026-02-12,A10-0010/2026,,"A10-0010/2026 – Lina Gálvez – § 1, point g/2",255,290,20,0,0
184800,2026-02-12,A10-0010/2026,,"A10-0010/2026 – Lina Gálvez – § 1, point h/1",386,120,61,0,0
184801,2026-02-12,A10-0010/2026,,"A10-0010/2026 – Lina Gálvez – § 1, point h/2",286,237,45,0,0
184803,2026-02-12,,,"§ 1, point i",,,,0,0
184804,2026-02-12,,,"§ 1, point i",273,287,6,0,0
184805,2026-02-12,A10-0010/2026,,"A10-0010/2026 – Lina Gálvez – § 1, point j",533,28,7,0,0
184807,2026-02-12,A10-0010/2026,,"A10-0010/2026 – Lina Gálvez – § 1, point k/1",420,88,56,0,0
184808,2026-02-12,A10-0010/2026,,"A10-0010/2026 – Lina Gálvez – § 1, point k/2",240,316,10,0,0
184810,2026-02-12,A10-0010/2026,,"A10-0010/2026 – Lina Gálvez – § 1, point n/1",415,97,54,0,0
184811,2026-02-12,A10-0010/2026,,"A10-0010/2026 – Lina Gálvez – § 1, point n/2",280,265,18,0,0
184812,2026-02-12,A10-0010/2026,,"A10-0010/2026 – Lina Gálvez – § 1, after point o – Am 6",179,368,16,0,0
184813,2026-02-12,A10-0010/2026,,"A10-0010/2026 – Lina Gálvez – § 1, point p",470,62,28,0,0
184815,2026-02-12,A10-0010/2026,,"A10-0010/2026 – Lina Gálvez – § 1, point q/1",373,139,53,0,0
184816,2026-02-12,A10-0010/2026,,"A10-0010/2026 – Lina Gálvez – § 1, point q/2",275,252,35,0,0
184818,2026-02-12,A10-0010/2026,,"A10-0010/2026 – Lina Gálvez – § 1, point r/1",386,165,17,0,0
184819,2026-02-12,A10-0010/2026,,"A10-0010/2026 – Lina Gálvez – § 1, point r/2",343,146,68,0,0
184820,2026-02-12,A10-0010/2026,,"A10-0010/2026 – Lina Gálvez – § 1, point s – Am 7",128,376,55,0,0
184822,2026-02-12,A10-0010/2026,,"A10-0010/2026 – Lina Gálvez – § 1, point s/1",392,153,18,0,0
184823,2026-02-12,A10-0010/2026,,"A10-0010/2026 – Lina Gálvez – § 1, point s/2",182,369,12,0,0
184825,2026-02-12,A10-0010/2026,,"A10-0010/2026 – Lina Gálvez – § 1, point u/1",423,108,27,0,0
184826,2026-02-12,A10-0010/2026,,"A10-0010/2026 – Lina Gálvez – § 1, point u/2",338,147,66,0,0
184827,2026-02-12,A10-0010/2026,,"A10-0010/2026 – Lina Gálvez – § 1, point u/3",391,116,54,0,0
184828,2026-02-12,A10-0010/2026,,"A10-0010/2026 – Lina Gálvez – § 1, point u/4",351,141,68,0,0
184829,2026-02-12,A10-0010/2026,,"A10-0010/2026 – Lina Gálvez – § 1, point u/5",343,154,59,0,0
184830,2026-02-12,A10-0010/2026,,"A10-0010/2026 – Lina Gálvez – § 1, point u/6",357,134,53,0,0
184831,2026-02-12,A10-0010/2026,,"A10-0010/2026 – Lina Gálvez – § 1, point u/7",381,118,36,0,0
184833,2026-02-12,A10-0010/2026,,"A10-0010/2026 – Lina Gálvez – § 1, point v/1",417,138,10,0,0
184834,2026-02-12,A10-0010/2026,,"A10-0010/2026 – Lina Gálvez – § 1, point v/2",354,143,52,0,0
184836,2026-02-12,A10-0010/2026,,"A10-0010/2026 – Lina Gálvez – § 1, point x/1",507,23,28,0,0
184837,2026-02-12,A10-0010/2026,,"A10-0010/2026 – Lina Gálvez – § 1, point x/2",246,295,15,0,0
184839,2026-02-12,A10-0010/2026,,"A10-0010/2026 – Lina Gálvez – § 1, point w/1",536,18,3,0,0
184840,2026-02-12,A10-0010/2026,,"A10-0010/2026 – Lina Gálvez – § 1, point w/2",401,96,62,0,0
184841,2026-02-12,A10-0010/2026,,"A10-0010/2026 – Lina Gálvez – § 1, point aa – Am 8",194,250,111,0,0
184843,2026-02-12,A10-0010/2026,,"A10-0010/2026 – Lina Gálvez – § 1, point aa/1",494,32,33,0,0
184844,2026-02-12,A10-0010/2026,,"A10-0010/2026 – Lina Gálvez – § 1, point aa/2",256,276,19,0,0
184845,2026-02-12,A10-0010/2026,,"A10-0010/2026 – Lina Gálvez – § 1, point aa/3",251,296,8,0,0
184846,2026-02-12,A10-0010/2026,,"A10-0010/2026 – Lina Gálvez – § 1, point aa/4",243,303,10,0,0
184848,2026-02-12,A10-0010/2026,,"A10-0010/2026 – Lina Gálvez – § 1, point ab/1",521,20,17,0,0
184849,2026-02-12,A10-0010/2026,,"A10-0010/2026 – Lina Gálvez – § 1, point ab/2",404,139,10,0,0
184850,2026-02-12,A10-0010/2026,,"A10-0010/2026 – Lina Gálvez – § 1, point ad – Am 9",160,331,56,0,0
184851,2026-02-12,A10-0010/2026,,A10-0010/2026 – Lina Gálvez – Citation 6,287,226,34,0,0
184852,2026-02-12,A10-0010/2026,,A10-0010/2026 – Lina Gálvez – Recital B – Am 1,191,342,18,0,0
184854,2026-02-12,,,Recital E,,,,0,0
184855,2026-02-12,A10-0010/2026,,A10-0010/2026 – Lina Gálvez – Recital E/2,435,42,78,0,0
184856,2026-02-12,A10-0010/2026,,A10-0010/2026 – Lina Gálvez – Recital F – Am 2,148,353,41,0,0
184858,2026-02-12,A10-0010/2026,,A10-0010/2026 – Lina Gálvez – Recital G/1,404,78,69,0,0
184859,2026-02-12,A10-0010/2026,,A10-0010/2026 – Lina Gálvez – Recital G/2,279,238,32,0,0
184860,2026-02-12,A10-0010/2026,,A10-0010/2026 – Lina Gálvez – Recital G/3,252,258,43,0,0
184862,2026-02-12,,,Recital H,,,,0,0
184863,2026-02-12,,,Recital H,,,,0,0
184864,2026-02-12,,,Recital H,,,,0,0
184866,2026-02-12,A10-0010/2026,,A10-0010/2026 – Lina Gálvez – Recital K/1,444,50,60,0,0
184867,2026-02-12,A10-0010/2026,,A10-0010/2026 – Lina Gálvez – Recital K/2,201,310,25,0,0
184869,2026-02-12,A10-0010/2026,,A10-0010/2026 – Lina Gálvez – Recital M/1,406,122,19,0,0
184870,2026-02-12,A10-0010/2026,,A10-0010/2026 – Lina Gálvez – Recital M/2,315,173,50,0,0
184871,2026-02-12,A10-0010/2026,,A10-0010/2026 – Lina Gálvez – Recital M/3,332,148,48,0,0
184872,2026-02-12,A10-0010/2026,,A10-0010/2026 – Lina Gálvez – Recital M/4,341,136,58,0,0
184873,2026-02-12,A10-0010/2026,,A10-0010/2026 – Lina Gálvez – Recital P,267,261,21,0,0
184876,2026-02-12,,,Recital D,,,,0,0
184877,2026-02-12,,,Motion for a resolution (as a whole),427,15,93,0,0
184879,2026-02-12,B10-0112/2026,,B10-0112/2026,,,,0,0
184880,2026-02-12,B10-0113/2026,,B10-0113/2026,,,,0,0
184881,2026-02-12,B10-0142/2026,,B10-0142/2026,,,,0,0
184882,2026-02-12,B10-0126/2026,,B10-0126/2026,,,,0,0
184883,2026-02-12,B10-0135/2026,,B10-0135/2026,,,,0,0
184884,2026-02-12,B10-0141/2026,,B10-0141/2026,,,,0,0
184981,2026-02-11,,,Motion for adjournment of the vote,,,,0,0
185004,2026-02-12,,,After § 5,,,,0,0
185006,2026-02-12,,,§ 8,,,,0,0
185010,2026-02-12,,,§ 10,335,170,15,0,0
185011,2026-02-12,,,§ 10,,,,0,0
185023,2026-02-12,,,After recital F,,,,0,0
185024,2026-02-12,,,After recital H,,,,0,0
185028,2026-02-12,B10-0114/2026,,B10-0114/2026,,,,0,0
185029,2026-02-12,B10-0115/2026,,B10-0115/2026,,,,0,0
185030,2026-02-12,B10-0116/2026,,B10-0116/2026,,,,0,0
185031,2026-02-12,B10-0136/2026,,B10-0136/2026,,,,0,0
185032,2026-02-12,B10-0137/2026,,B10-0137/2026,,,,0,0
185033,2026-02-12,B10-0138/2026,,B10-0138/2026,,,,0,0
185034,2026-02-12,B10-0139/2026,,B10-0139/2026,,,,0,0
185035,2026-02-12,B10-0140/2026,,B10-0140/2026,,,,0,0
185222,2026-02-12,,,§ 3,,,,0,0
185223,2026-02-12,B10-0112/2026,,RC-B10-0112/2026 – § 3/2,443,62,44,0,0
185225,2026-02-12,,,§ 13,,,,0,0
185226,2026-02-12,B10-0112/2026,,RC-B10-0112/2026 – § 13/2,444,69,28,0,0
185227,2026-02-12,,,§ 13,316,207,9,0,0
185228,2026-02-12,B10-0112/2026,,RC-B10-0112/2026 – § 13/4,459,45,40,0,0
185230,2026-02-12,,,Recital C,,,,0,0
185231,2026-02-12,,,Recital C,307,218,15,0,0
185232,2026-02-12,B10-0112/2026,,RC-B10-0112/2026 – Recital C/3,458,47,34,0,0
185233,2026-02-12,B10-0112/2026,,RC-B10-0112/2026 – Recital D – Am 1,215,282,35,0,0
185234,2026-02-12,B10-0112/2026,,RC-B10-0112/2026 – Recital D,363,150,33,0,0
185239,2026-02-12,B10-0121/2026,,B10-0121/2026,,,,0,0
185240,2026-02-12,B10-0123/2026,,B10-0123/2026,,,,0,0
185241,2026-02-12,B10-0124/2026,,B10-0124/2026,,,,0,0
185242,2026-02-12,B10-0125/2026,,B10-0125/2026,,,,0,0
185243,2026-02-12,B10-0132/2026,,B10-0132/2026,,,,0,0
185253,2026-02-12,B10-0110/2026,,B10-0110/2026,,,,0,0
185254,2026-02-12,B10-0117/2026,,B10-0117/2026,,,,0,0
185255,2026-02-12,B10-0119/2026,,B10-0119/2026,,,,0,0
185256,2026-02-12,B10-0122/2026,,B10-0122/2026,,,,0,0
185257,2026-02-12,B10-0128/2026,,B10-0128/2026,,,,0,0
185258,2026-02-12,B10-0130/2026,,B10-0130/2026,,,,0,0
185259,2026-02-12,B10-0133/2026,,B10-0133/2026,,,,0,0
185261,2026-02-12,,,After § 1,,,,0,0
185262,2026-02-12,,,After § 2,320,220,31,0,0
185263,2026-02-12,,,After § 7,,,,0,0
185265,2026-02-12,,,Recital D,304,253,11,0,0
185266,2026-02-12,,,After recital F,314,246,8,0,0
185269,2026-02-12,B10-0111/2026,,B10-0111/2026,,,,0,0
185270,2026-02-12,B10-0118/2026,,B10-0118/2026,,,,0,0
185271,2026-02-12,B10-0120/2026,,B10-0120/2026,,,,0,0
185272,2026-02-12,B10-0127/2026,,B10-0127/2026,,,,0,0
185273,2026-02-12,B10-0129/2026,,B10-0129/2026,,,,0,0
185274,2026-02-12,B10-0131/2026,,B10-0131/2026,,,,0,0
185275,2026-02-12,B10-0134/2026,,B10-0134/2026,,,,0,0
185276,2026-02-12,B10-0121/2026,,RC-B10-0121/2026 – § 5 – Am 1,155,391,14,0,0
185278,2026-02-12,,,§ 5,,,,0,0
185279,2026-02-12,B10-0121/2026,,RC-B10-0121/2026 – § 5/2,418,89,66,0,0
185280,2026-02-12,,,§ 5,,,,0,0
185281,2026-02-12,,,§ 5,,,,0,0
185282,2026-02-12,B10-0121/2026,,RC-B10-0121/2026 – Motion for a resolution (as a whole),514,3,56,0,0
185283,2026-02-12,B10-0110/2026,,RC-B10-0110/2026 – § 1 – Am 6,299,244,15,0,0
185284,2026-02-12,B10-0110/2026,,RC-B10-0110/2026 – § 10 – Am 2,250,290,27,0,0
185285,2026-02-12,B10-0110/2026,,RC-B10-0110/2026 – § 10 – Am 4,193,348,25,0,0
185286,2026-02-12,B10-0110/2026,,RC-B10-0110/2026 – After § 10 – Am 3,249,295,26,0,0
185287,2026-02-12,B10-0110/2026,,RC-B10-0110/2026 – After recital D – Am 1,423,120,29,0,0
185288,2026-02-12,B10-0110/2026,,RC-B10-0110/2026 – After recital F – Am 5,257,275,36,0,0
185289,2026-02-12,B10-0110/2026,,RC-B10-0110/2026 – Motion for a resolution (as a whole),524,3,41,0,0
185290,2026-02-12,B10-0120/2026,,RC-B10-0120/2026 – Recital D – Am 3,175,377,16,0,0
185291,2026-02-12,,,Recital D,,,,0,0
185292,2026-02-12,B10-0120/2026,,RC-B10-0120/2026 – Motion for a resolution (as a whole),502,2,59,0,0
185293,2026-02-12,B10-0114/2026,,RC-B10-0114/2026 – § 3 – Am 18,106,370,62,0,0
185295,2026-02-12,,,§ 4,,,,0,0
185296,2026-02-12,,,§ 4,,,,0,0
185297,2026-02-12,B10-0114/2026,,RC-B10-0114/2026 – § 5 – Am 12,204,325,11,0,0
185298,2026-02-12,B10-0114/2026,,RC-B10-0114/2026 – § 8 – Am 13,204,324,2,0,0
185300,2026-02-12,B10-0114/2026,,RC-B10-0114/2026 – § 8/1,379,139,13,0,0
185301,2026-02-12,B10-0114/2026,,RC-B10-0114/2026 – § 8/2,398,93,41,0,0
185302,2026-02-12,B10-0114/2026,,RC-B10-0114/2026 – After § 8 – Am 8,178,338,10,0,0
185303,2026-02-12,B10-0114/2026,,RC-B10-0114/2026 – After § 8 – Am 9,178,341,11,0,0
185304,2026-02-12,B10-0114/2026,,RC-B10-0114/2026 – After § 8 – Am 14,186,340,7,0,0
185306,2026-02-12,,,§ 9,,,,0,0
185307,2026-02-12,,,§ 9,,,,0,0
185309,2026-02-12,,,§ 10,,,,0,0
185310,2026-02-12,,,§ 10,,,,0,0
185311,2026-02-12,B10-0114/2026,,RC-B10-0114/2026 – After § 10 – Am 3,185,328,11,0,0
185312,2026-02-12,B10-0114/2026,,RC-B10-0114/2026 – After § 10 – Am 4,180,332,18,0,0
185313,2026-02-12,B10-0114/2026,,RC-B10-0114/2026 – After § 10 – Am 5,177,338,12,0,0
185314,2026-02-12,B10-0114/2026,,RC-B10-0114/2026 – After § 11 – Am 15,214,308,9,0,0
185315,2026-02-12,B10-0114/2026,,RC-B10-0114/2026 – After § 12 – Am 25,63,351,111,0,0
185316,2026-02-12,B10-0114/2026,,RC-B10-0114/2026 – After § 13 – Am 26,123,272,132,0,0
185318,2026-02-12,,,§ 14,,,,0,0
185319,2026-02-12,,,§ 14,,,,0,0
185320,2026-02-12,B10-0114/2026,,RC-B10-0114/2026 – After § 14 – Am 16,171,338,13,0,0
185321,2026-02-12,B10-0114/2026,,RC-B10-0114/2026 – After § 14 – Am 23,92,427,4,0,0
185323,2026-02-12,B10-0114/2026,,RC-B10-0114/2026 – § 15/1,440,73,9,0,0
185324,2026-02-12,,,§ 15,,,,0,0
185325,2026-02-12,B10-0114/2026,,RC-B10-0114/2026 – After § 15 – Am 10,168,333,9,0,0
185326,2026-02-12,B10-0114/2026,,RC-B10-0114/2026 – After § 15 – Am 11,201,307,6,0,0
185327,2026-02-12,B10-0114/2026,,RC-B10-0114/2026 – § 16 – Am 24,73,325,127,0,0
185329,2026-02-12,,,Recital A,,,,0,0
185330,2026-02-12,B10-0114/2026,,RC-B10-0114/2026 – Recital A/2,461,25,29,0,0
185331,2026-02-12,B10-0114/2026,,RC-B10-0114/2026 – Recital A/3,380,128,13,0,0
185333,2026-02-12,,,Recital I,,,,0,0
185334,2026-02-12,,,Recital I,,,,0,0
185335,2026-02-12,B10-0114/2026,,RC-B10-0114/2026 – Recital J – Am 7,178,340,8,0,0
185337,2026-02-12,B10-0114/2026,,RC-B10-0114/2026 – Recital N/1,514,6,7,0,0
185338,2026-02-12,B10-0114/2026,,RC-B10-0114/2026 – Recital N/2,465,16,26,0,0
185339,2026-02-12,B10-0114/2026,,RC-B10-0114/2026 – Motion for a resolution (as a whole),363,71,81,0,0
185564,2026-02-12,,,After § 7,261,249,31,0,0
185598,2026-02-24,,,§ 21,258,303,33,0,0
185602,2026-02-24,,,Recital G,,,,0,0
185603,2026-02-24,,,After recital J,,,,0,0
185606,2026-02-24,B10-0143/2026,,B10-0143/2026,,,,0,0
185607,2026-02-24,B10-0144/2026,,B10-0144/2026,,,,0,0
185608,2026-02-24,B10-0145/2026,,B10-0145/2026,,,,0,0
185609,2026-02-24,B10-0146/2026,,B10-0146/2026,,,,0,0
185610,2026-02-24,B10-0147/2026,,B10-0147/2026,,,,0,0
185611,2026-02-24,B10-0148/2026,,B10-0148/2026,,,,0,0
185612,2026-02-24,B10-0149/2026,,B10-0149/2026,,,,0,0
185822,2026-02-24,B10-0143/2026,,RC-B10-0143/2026 – § 4/1,422,81,58,0,0
185823,2026-02-24,B10-0143/2026,,RC-B10-0143/2026 – § 4/2,372,134,57,0,0
185825,2026-02-24,,,§ 5,,,,0,0
185826,2026-02-24,B10-0143/2026,,RC-B10-0143/2026 – § 5/2,492,70,15,0,0
185827,2026-02-24,B10-0143/2026,,RC-B10-0143/2026 – After § 5 – Am 3/REV,91,462,26,0,0
185828,2026-02-24,B10-0143/2026,,RC-B10-0143/2026 – After § 5 – Am 4/REV,119,428,40,0,0
185829,2026-02-24,B10-0143/2026,,RC-B10-0143/2026 – After § 5 – Am 22,272,243,66,0,0
185831,2026-02-24,B10-0143/2026,,RC-B10-0143/2026 – § 6/1,528,28,32,0,0
185832,2026-02-24,B10-0143/2026,,RC-B10-0143/2026 – § 6/2,464,72,51,0,0
185833,2026-02-24,B10-0143/2026,,RC-B10-0143/2026 – § 6/3,469,105,13,0,0
185834,2026-02-24,B10-0143/2026,,RC-B10-0143/2026 – § 6/4,578,5,3,0,0
185835,2026-02-24,B10-0143/2026,,RC-B10-0143/2026 – § 6/5,492,58,31,0,0
185836,2026-02-24,B10-0143/2026,,RC-B10-0143/2026 – § 6/6,405,146,38,0,0
185837,2026-02-24,B10-0143/2026,,RC-B10-0143/2026 – § 6/7,426,111,51,0,0
185838,2026-02-24,B10-0143/2026,,RC-B10-0143/2026 – § 6/8,534,29,18,0,0
185840,2026-02-24,B10-0143/2026,,RC-B10-0143/2026 – § 7/1,455,86,46,0,0
185841,2026-02-24,B10-0143/2026,,RC-B10-0143/2026 – § 7/2,413,115,60,0,0
185843,2026-02-24,,,§ 8,,,,0,0
185844,2026-02-24,B10-0143/2026,,RC-B10-0143/2026 – § 8/2,445,116,36,0,0
185847,2026-02-24,,,§ 9,,,,0,0
185848,2026-02-24,B10-0143/2026,,RC-B10-0143/2026 – § 9/2,403,128,66,0,0
185849,2026-02-24,B10-0143/2026,,RC-B10-0143/2026 – § 9/3,405,124,66,0,0
185850,2026-02-24,B10-0143/2026,,RC-B10-0143/2026 – After § 11 – Am 5,103,436,50,0,0
185851,2026-02-24,B10-0143/2026,,RC-B10-0143/2026 – After § 11 – Am 6,129,418,48,0,0
185852,2026-02-24,B10-0143/2026,,RC-B10-0143/2026 – After § 11 – Am 7/REV,99,485,12,0,0
185853,2026-02-24,B10-0143/2026,,RC-B10-0143/2026 – After § 11 – Am 8,141,378,71,0,0
185854,2026-02-24,B10-0143/2026,,RC-B10-0143/2026 – After § 11 – Am 9,216,321,55,0,0
185856,2026-02-24,,,§ 12,,,,0,0
185857,2026-02-24,,,§ 12,,,,0,0
185858,2026-02-24,B10-0143/2026,,RC-B10-0143/2026 – After § 12 – Am 10,114,389,93,0,0
185859,2026-02-24,B10-0143/2026,,RC-B10-0143/2026 – After § 12 – Am 11,85,440,73,0,0
185861,2026-02-24,,,§ 13,,,,0,0
185862,2026-02-24,B10-0143/2026,,RC-B10-0143/2026 – § 13/2,455,68,65,0,0
185863,2026-02-24,,,§ 13,,,,0,0
185864,2026-02-24,B10-0143/2026,,RC-B10-0143/2026 – After § 14 – Am 12,117,404,80,0,0
185866,2026-02-24,,,§ 15,,,,0,0
185867,2026-02-24,B10-0143/2026,,RC-B10-0143/2026 – § 15/2,454,128,15,0,0
185868,2026-02-24,B10-0143/2026,,RC-B10-0143/2026 – After § 15 – Am 13,163,393,39,0,0
185869,2026-02-24,B10-0143/2026,,RC-B10-0143/2026 – After § 15 – Am 14,153,385,49,0,0
185871,2026-02-24,B10-0143/2026,,RC-B10-0143/2026 – After § 16 – Am 15/1,578,7,12,0,0
185872,2026-02-24,B10-0143/2026,,RC-B10-0143/2026 – After § 16 – Am 15/2,571,10,14,0,0
185873,2026-02-24,B10-0143/2026,,RC-B10-0143/2026 – After § 16 – Am 15/3,308,247,40,0,0
185874,2026-02-24,B10-0143/2026,,RC-B10-0143/2026 – After § 16 – Am 15/4,350,187,56,0,0
185875,2026-02-24,B10-0143/2026,,RC-B10-0143/2026 – After § 16 – Am 16,476,14,105,0,0
185876,2026-02-24,B10-0143/2026,,RC-B10-0143/2026 – § 18,542,29,17,0,0
185878,2026-02-24,B10-0143/2026,,RC-B10-0143/2026 – After § 21 – Am 18/1,495,29,68,0,0
185879,2026-02-24,B10-0143/2026,,RC-B10-0143/2026 – After § 21 – Am 18/2,373,155,60,0,0
185880,2026-02-24,B10-0143/2026,,RC-B10-0143/2026 – After § 22 – Am 19,280,267,47,0,0
185882,2026-02-24,,,§ 23,,,,0,0
185883,2026-02-24,B10-0143/2026,,RC-B10-0143/2026 – § 23/2,404,131,64,0,0
185884,2026-02-24,B10-0143/2026,,RC-B10-0143/2026 – After recital F – Am 20,263,273,50,0,0
185885,2026-02-24,B10-0143/2026,,RC-B10-0143/2026 – Motion for a resolution (as a whole),437,82,70,0,0
186063,2026-03-11,,,"§ 1, after point as",,,,0,0
186064,2026-03-11,A10-0035/2026,,A10-0035/2026 – Tobias Cremer – Draft recommendation (as a whole),482,108,42,0,0
186065,2026-03-11,,,Before § 1,,,,0,0
186066,2026-03-11,,,After § 1,,,,0,0
186067,2026-03-11,,,After § 2,,,,0,0
186069,2026-03-11,,,After § 3,,,,0,0
186071,2026-03-11,,,§ 5,325,280,28,0,0
186072,2026-03-11,,,§ 6,,,,0,0
186074,2026-03-11,,,§ 7,,,,0,0
186075,2026-03-11,,,After § 7,,,,0,0
186076,2026-03-11,,,After § 7,276,302,52,0,0
186079,2026-03-11,,,After § 15,,,,0,0
186082,2026-03-11,,,§ 20,,,,0,0
186085,2026-03-11,,,Recital C,,,,0,0
186086,2026-03-11,,,Recital C,,,,0,0
186087,2026-03-11,,,After recital G,,,,0,0
186088,2026-03-11,,,Recital H,,,,0,0
186089,2026-03-11,A10-0033/2026,,A10-0033/2026 – Nela Riehl – Motion for a resolution (as a whole),404,208,20,0,0
186091,2026-03-12,A10-0140/2025,,A10-0140/2025 – Alex Agius Saliba – Provisional agreement – Am 91,537,2,24,0,0
186092,2026-03-11,A10-0014/2026,,A10-0014/2026 – Lucia Annunziata – Motion for a resolution,448,122,38,0,0
186102,2026-03-11,,,§ 12,304,293,28,0,0
186105,2026-03-11,,,After § 15,,,,0,0
186109,2026-03-11,,,After § 22,,,,0,0
186114,2026-03-11,,,After § 30,,,,0,0
186116,2026-03-11,,,After recital A,,,,0,0
186118,2026-03-11,A10-0036/2026,,A10-0036/2026 – Kira Marie Peter-Hansen – Motion for a resolution (as a whole),392,219,18,0,0
186119,2026-03-10,,,Appointment of Boris Vujčić,460,68,91,0,0
186120,2026-03-10,,,Appointment of François-Louis Michaud,536,50,29,0,0
186121,2026-03-10,,,Appointment of Andrés Ritter,435,112,46,0,0
186122,2026-03-12,,,§ 2,,,,0,0
186123,2026-03-12,,,§ 4,,,,0,0
186124,2026-03-12,,,§ 4,,,,0,0
186125,2026-03-12,,,§ 5,,,,0,0
186126,2026-03-12,,,§ 6,,,,0,0
186127,2026-03-12,,,§ 6,,,,0,0
186128,2026-03-12,,,§ 6,,,,0,0
186129,2026-03-12,,,§ 7,,,,0,0
186130,2026-03-12,,,§ 8,,,,0,0
186131,2026-03-12,,,After § 8,,,,0,0
186132,2026-03-12,,,§ 9,,,,0,0
186133,2026-03-12,,,§ 10,,,,0,0
186134,2026-03-12,,,§ 10,,,,0,0
186135,2026-03-12,,,§ 11,,,,0,0
186137,2026-03-12,,,§ 13,,,,0,0
186140,2026-03-12,,,After § 15,,,,0,0
186143,2026-03-12,,,§ 16,,,,0,0
186144,2026-03-12,,,§ 16,,,,0,0
186149,2026-03-12,,,§ 18,,,,0,0
186150,2026-03-12,,,§ 18,,,,0,0
186151,2026-03-12,,,After § 18,,,,0,0
186153,2026-03-12,,,§ 20,,,,0,0
186154,2026-03-12,,,§ 20,,,,0,0
186155,2026-03-12,,,§ 20,,,,0,0
186157,2026-03-12,,,After § 22,,,,0,0
186158,2026-03-12,,,After § 27,,,,0,0
186160,2026-03-12,,,Recital Q,,,,0,0
186161,2026-03-12,,,Recital R,,,,0,0
186162,2026-03-12,,,Recital V,,,,0,0
186163,2026-03-12,,,Recital W,,,,0,0
186165,2026-03-12,,,Recital AC,,,,0,0
186166,2026-03-12,A10-0015/2026,,A10-0015/2026 – Bogdan Rzońca – Motion for a resolution (as a whole),233,250,76,0,0
186169,2026-03-10,A10-0019/2026,,A10-0019/2026 – Axel Voss – Motion for a resolution (as a whole),460,71,88,0,0
186375,2026-03-10,A10-0011/2026,,A10-0011/2026 – Veronika Cifrová Ostrihoňová – Motion for a resolution (as a whole),602,9,8,0,0
186376,2026-03-11,A10-0028/2026,,A10-0028/2026 – Matthieu Valet – Draft Council decision,586,21,11,0,0
186380,2026-03-10,A10-0126/2025,,A10-0126/2025 – Emil Radev – Provisional agreement – Am 201,498,90,28,0,0
186382,2026-03-10,,,Text as a whole,,,,0,0
186383,2026-03-10,,,"Article 2, § 1, after point a",,,,0,0
186385,2026-03-10,,,"Article 18, § 2",,,,0,0
186386,2026-03-10,,,"Article 19, after § 2",,,,0,0
186387,2026-03-10,,,"Article 20, after § 2",,,,0,0
186388,2026-03-10,,,"Article 22, § 1, after § 1",,,,0,0
186389,2026-03-10,,,"Article 25, after § 1",,,,0,0
186390,2026-03-10,,,"Article 26, after § 2",,,,0,0
186392,2026-03-10,,,Article 27,,,,0,0
186393,2026-03-10,,,After recital 1,,,,0,0
186394,2026-03-10,,,After recital 30,,,,0,0
186395,2026-03-10,,,After recital 31,,,,0,0
186396,2026-03-10,,,After recital 55,,,,0,0
186397,2026-03-10,,,After recital 55,,,,0,0
186398,2026-03-10,,,Commission proposal,,,,0,0
186401,2026-03-11,A10-0017/2026,,A10-0017/2026 – Tobias Cremer – Motion for a resolution (as a whole),393,169,67,0,0
186404,2026-03-10,,,After § 19,271,315,22,0,0
186405,2026-03-10,,,After § 19,,,,0,0
186407,2026-03-10,A10-0018/2026,,A10-0018/2026 – André Franqueira Rodrigues – Motion for a resolution (as a whole),528,21,62,0,0
186414,2026-03-10,,,After § 4,,,,0,0
186415,2026-03-10,,,After § 4,,,,0,0
186421,2026-03-10,,,§ 6,,,,0,0
186423,2026-03-10,,,§ 12,,,,0,0
186424,2026-03-10,,,After § 12,,,,0,0
186425,2026-03-10,,,After § 12,,,,0,0
186438,2026-03-10,,,§ 21,,,,0,0
186442,2026-03-10,,,After § 23,,,,0,0
186451,2026-03-10,,,After § 28,,,,0,0
186458,2026-03-10,,,After § 31,,,,0,0
186459,2026-03-10,,,§ 33,,,,0,0
186461,2026-03-10,,,Subheading 11,,,,0,0
186462,2026-03-10,,,§ 36,,,,0,0
186469,2026-03-10,,,After § 39,,,,0,0
186478,2026-03-10,,,§ 44,,,,0,0
186480,2026-03-10,,,After § 45,,,,0,0
186486,2026-03-10,,,§ 49,,,,0,0
186496,2026-03-10,,,§ 58,,,,0,0
186497,2026-03-10,,,After recital C,,,,0,0
186500,2026-03-10,,,After recital F,,,,0,0
186502,2026-03-10,,,After recital H,,,,0,0
186504,2026-03-10,,,After recital O,,,,0,0
186506,2026-03-10,,,Recital R,,,,0,0
186508,2026-03-10,,,After recital S,,,,0,0
186509,2026-03-10,,,After recital S,,,,0,0
186510,2026-03-10,,,After recital U,,,,0,0
186511,2026-03-10,,,After recital U,,,,0,0
186512,2026-03-10,,,After recital U,,,,0,0
186513,2026-03-10,,,After recital V,,,,0,0
186514,2026-03-10,,,After recital AA,,,,0,0
186515,2026-03-10,A10-0025/2026,,A10-0025/2026 – Borja Giménez Larraz – Motion for a resolution (as a whole),367,166,84,0,0
186516,2026-03-11,A10-0007/2026,,"A10-0007/2026 – José Cepeda, Paulo Cunha – Draft Council decision",455,101,74,0,0
186518,2026-03-11,A10-0016/2026,,A10-0016/2026 – Petras Auštrevičius – Motion for a resolution (as a whole),385,147,98,0,0
186519,2026-03-10,,,Request for an urgent decision,,,,0,0
186520,2026-03-11,A10-0030/2026,,A10-0030/2026 – Jean-Marc Germain – Motion for a resolution,562,53,19,0,0
186522,2026-03-10,A10-0221/2025,,"A10-0221/2025 – David McAllister, Charles Goerens – Provisional agreement – Am 18",441,105,81,0,0
186524,2026-03-10,,,Text as a whole,,,,0,0
186526,2026-03-10,,,After recital 2,,,,0,0
186527,2026-03-10,,,Recital 9,,,,0,0
186528,2026-03-10,,,Commission proposal,,,,0,0
186642,2026-03-11,,,"§ 2, indent 2",277,305,8,0,0
186643,2026-03-11,,,After § 4,,,,0,0
186644,2026-03-11,,,After § 4,,,,0,0
186645,2026-03-11,A10-0031/2026,,A10-0031/2026 – Sven Simon – Proposal for a decision (as a whole),446,100,72,0,0
186653,2026-03-10,,,Text as a whole,,,,0,0
186654,2026-03-10,,,Amendments by the PfE Group – put to the vote collectively,,,,0,0
186655,2026-03-10,,,"Article 1, § 1",,,,0,0
186656,2026-03-10,,,"Article 1, § 1",,,,0,0
186657,2026-03-10,,,"Article 3, after § 1",,,,0,0
186658,2026-03-10,,,"Article 3, after § 1",,,,0,0
186659,2026-03-10,,,"Article 9, § 1, point d",,,,0,0
186660,2026-03-10,,,"Article 9, § 1, point d",,,,0,0
186661,2026-03-10,,,"Article 9, § 4",,,,0,0
186662,2026-03-10,,,"Article 10, § 2, point c",,,,0,0
186663,2026-03-10,,,"Article 10, § 2, point c",,,,0,0
186664,2026-03-10,,,"Article 12, § 6",,,,0,0
186665,2026-03-10,,,"Article 12, § 6",,,,0,0
186666,2026-03-10,,,Article 14,,,,0,0
186667,2026-03-10,,,Article 14,,,,0,0
186669,2026-03-10,,,Article 15,,,,0,0
186670,2026-03-10,,,Article 15,,,,0,0
186671,2026-03-10,,,Article 17 – § 2 – point b,,,,0,0
186672,2026-03-10,,,Article 17 – § 2 – point b,,,,0,0
186673,2026-03-10,,,Article 19,,,,0,0
186674,2026-03-10,,,Article 19,,,,0,0
186675,2026-03-10,,,"Article 23, § 1",,,,0,0
186676,2026-03-10,,,"Article 23, § 1",,,,0,0
186678,2026-03-10,,,"Article 23, after § 1",,,,0,0
186680,2026-03-10,,,Recital 1,,,,0,0
186681,2026-03-10,,,Recital 1,,,,0,0
186682,2026-03-10,,,Recital 2,,,,0,0
186683,2026-03-10,,,Recital 2,,,,0,0
186684,2026-03-10,,,Recital 3,,,,0,0
186686,2026-03-10,,,Recital 4,,,,0,0
186687,2026-03-10,,,Recital 4,,,,0,0
186688,2026-03-10,,,Recital 20,,,,0,0
186689,2026-03-10,,,Recital 20,,,,0,0
186690,2026-03-10,,,Recital 21,,,,0,0
186691,2026-03-10,,,Recital 21,,,,0,0
186693,2026-03-10,,,Recital 22,,,,0,0
186694,2026-03-10,,,Recital 22,,,,0,0
186695,2026-03-10,,,Recital 25,,,,0,0
186696,2026-03-10,,,Recital 25,,,,0,0
186697,2026-03-10,,,Recital 27,,,,0,0
186698,2026-03-10,,,Recital 27,,,,0,0
186699,2026-03-10,,,Recital 30,,,,0,0
186700,2026-03-10,,,Recital 30,,,,0,0
186701,2026-03-10,,,Recital 31,,,,0,0
186702,2026-03-10,,,Recital 31,,,,0,0
186703,2026-03-10,,,Recital 33,,,,0,0
186704,2026-03-10,,,Recital 33,,,,0,0
186705,2026-03-10,,,Commission proposal,,,,0,0
186883,2026-03-12,,,Motion for a resolution (as a whole),,,,0,0
186884,2026-03-10,,,Recital 1,,,,0,0
186885,2026-03-10,A10-0011/2026,,A10-0011/2026 – Veronika Cifrová Ostrihoňová – After § 10 – Am 10,173,426,3,0,0
186886,2026-03-10,A10-0011/2026,,A10-0011/2026 – Veronika Cifrová Ostrihoňová – After § 12 – Am 7,181,417,,0,0
186887,2026-03-10,A10-0011/2026,,A10-0011/2026 – Veronika Cifrová Ostrihoňová – § 26 – Am 11,170,426,8,0,0
186888,2026-03-10,A10-0011/2026,,A10-0011/2026 – Veronika Cifrová Ostrihoňová – After § 27 – Am 12,173,433,,0,0
186889,2026-03-10,A10-0011/2026,,A10-0011/2026 – Veronika Cifrová Ostrihoňová – After § 32 – Am 8,182,415,2,0,0
186890,2026-03-10,A10-0011/2026,,A10-0011/2026 – Veronika Cifrová Ostrihoňová – After § 32 – Am 9,181,421,1,0,0
186891,2026-03-10,A10-0011/2026,,A10-0011/2026 – Veronika Cifrová Ostrihoňová – After § 32 – Am 13,178,435,,0,0
186892,2026-03-10,A10-0011/2026,,A10-0011/2026 – Veronika Cifrová Ostrihoňová – After § 37 – Am 14,176,431,1,0,0
186893,2026-03-10,A10-0011/2026,,A10-0011/2026 – Veronika Cifrová Ostrihoňová – After citation 13 – Am 1,183,421,,0,0
186894,2026-03-10,A10-0011/2026,,A10-0011/2026 – Veronika Cifrová Ostrihoňová – After recital E – Am 2,180,419,3,0,0
186895,2026-03-10,A10-0011/2026,,A10-0011/2026 – Veronika Cifrová Ostrihoňová – After recital E – Am 3,182,425,,0,0
186896,2026-03-10,A10-0011/2026,,A10-0011/2026 – Veronika Cifrová Ostrihoňová – After recital E – Am 4,186,423,,0,0
186897,2026-03-10,A10-0011/2026,,A10-0011/2026 – Veronika Cifrová Ostrihoňová – After recital E – Am 5,182,422,1,0,0
186898,2026-03-10,A10-0011/2026,,A10-0011/2026 – Veronika Cifrová Ostrihoňová – After recital E – Am 6,181,426,,0,0
186899,2026-03-10,A10-0126/2025,,A10-0126/2025 – Emil Radev – Proposal to vote on amendments,164,447,7,0,0
186900,2026-03-10,,,"Article 18, § 2",,,,0,0
186901,2026-03-10,,,Article 27,,,,0,0
186902,2026-03-10,A10-0020/2026,,A10-0020/2026 – Jörgen Warborn – Motion for a resolution,493,92,44,0,0
186903,2026-03-10,A10-0045/2025,,A10-0045/2025 – Abir Al-Sahlani – Proposal for rejection – Am 164= 165= 166=,156,462,8,0,0
186904,2026-03-10,A10-0045/2025,,A10-0045/2025 – Abir Al-Sahlani – Proposal to vote on amendments,160,462,2,0,0
186905,2026-03-10,,,Article 14,,,,0,0
186906,2026-03-10,,,"Article 23, after § 1",,,,0,0
186907,2026-03-10,,,Recital 1,,,,0,0
186908,2026-03-10,,,After recital 21,,,,0,0
186909,2026-03-11,A10-0021/2026,,"A10-0021/2026 – Irena Joveva, Mirosława Nykiel – Motion for a resolution (as a whole)",458,72,98,0,0
186921,2026-03-10,A10-0045/2025,,A10-0045/2025 – Abir Al-Sahlani – Provisional agreement – Am 163,414,182,21,0,0
186923,2026-03-10,B10-0156/2026,,§ 2,,,,0,0
186928,2026-03-10,B10-0156/2026,,After § 4,,,,0,0
186935,2026-03-10,B10-0156/2026,,After recital D,,,,0,0
186936,2026-03-10,B10-0156/2026,,After recital D,,,,0,0
186937,2026-03-10,B10-0156/2026,,Recital E,,,,0,0
186938,2026-03-10,B10-0156/2026,,After recital F,,,,0,0
186941,2026-03-11,A10-0040/2026,,A10-0040/2026 – Birgit Sippel – Proposal for rejection,172,435,14,0,0
186945,2026-03-11,,,Before Article 1; Regulation (EU) 2021/1232 – Article 3 – paragraph 1 – point a,,,,0,0
186946,2026-03-11,,,Before Article 1; Regulation (EU) 2021/1232 – Article 3 – paragraph 1 – point a,,,,0,0
186948,2026-03-11,,,Before Article 1; Regulation (EU) 2021/1232 – Article 3 – paragraph 1 – point a,,,,0,0
186950,2026-03-11,,,Before Article 1; Regulation (EU) 2021/1232 – Article 3 – paragraph 1 – point b,,,,0,0
186951,2026-03-11,,,Before Article 1; Regulation (EU) 2021/1232 – Article 3 – paragraph 1 – point d,,,,0,0
186952,2026-03-11,,,Before Article 1; Regulation (EU) 2021/1232 – Article 3 – paragraph 1 – point e,,,,0,0
186953,2026-03-11,,,Before Article 1; Regulation (EU) 2021/1232 – Article 3 – paragraph 1 – point f,,,,0,0
186954,2026-03-11,,,Before Article 1; Regulation (EU) 2021/1232 – Article 3 – paragraph 1 – point g,,,,0,0
186955,2026-03-11,,,Before Article 1; Regulation (EU) 2021/1232 – Article 3 – paragraph 1 – point g,,,,0,0
186956,2026-03-11,,,Before Article 1; Regulation (EU) 2021/1232 – Article 3 – paragraph 1 – point h,,,,0,0
186957,2026-03-11,,,Before Article 1; Regulation (EU) 2021/1232 – Article 3 – paragraph 1 – point h,,,,0,0
186958,2026-03-11,,,Before Article 1; Regulation (EU) 2021/1232 – Article 3 – paragraph 1 – point j,,,,0,0
186959,2026-03-11,,,"Article 1, before § 1",,,,0,0
186961,2026-03-11,,,Recital 3,,,,0,0
186962,2026-03-11,,,After recital 3,,,,0,0
186963,2026-03-11,,,After recital 3,,,,0,0
186965,2026-03-11,,,After recital 3,,,,0,0
186966,2026-03-11,,,After recital 3,,,,0,0
186967,2026-03-11,,,After recital 3,,,,0,0
186969,2026-03-11,,,Recital 5,,,,0,0
186971,2026-03-11,,,After recital 7,,,,0,0
186972,2026-03-11,A10-0040/2026,,A10-0040/2026 – Birgit Sippel – Commission proposal,458,103,63,0,0
187161,2026-03-10,A10-0025/2026,,A10-0025/2026 – Borja Giménez Larraz – Before § 1 – Am 24,140,478,8,0,0
187162,2026-03-10,A10-0025/2026,,A10-0025/2026 – Borja Giménez Larraz – Before § 1 – Am 63,128,482,14,0,0
187164,2026-03-10,A10-0025/2026,,A10-0025/2026 – Borja Giménez Larraz – § 3/1,468,123,34,0,0
187165,2026-03-10,,,§ 3,,,,0,0
187166,2026-03-10,,,§ 3,,,,0,0
187167,2026-03-10,A10-0025/2026,,A10-0025/2026 – Borja Giménez Larraz – After § 3 – Am 64,133,476,21,0,0
187168,2026-03-10,A10-0025/2026,,A10-0025/2026 – Borja Giménez Larraz – After § 3 – Am 65,122,484,20,0,0
187169,2026-03-10,A10-0025/2026,,A10-0025/2026 – Borja Giménez Larraz – After § 3 – Am 66,127,476,26,0,0
187170,2026-03-10,A10-0025/2026,,A10-0025/2026 – Borja Giménez Larraz – After § 3 – Am 67,128,471,27,0,0
187172,2026-03-10,,,§ 4,,,,0,0
187173,2026-03-10,A10-0025/2026,,A10-0025/2026 – Borja Giménez Larraz – § 4/2,516,79,33,0,0
187174,2026-03-10,,,§ 4,,,,0,0
187175,2026-03-10,A10-0025/2026,,A10-0025/2026 – Borja Giménez Larraz – After § 4 – Am 15,92,491,43,0,0
187176,2026-03-10,A10-0025/2026,,A10-0025/2026 – Borja Giménez Larraz – After § 4 – Am 96,177,431,10,0,0
187177,2026-03-10,A10-0025/2026,,A10-0025/2026 – Borja Giménez Larraz – After § 4 – Am 97,173,423,22,0,0
187178,2026-03-10,A10-0025/2026,,A10-0025/2026 – Borja Giménez Larraz – After § 4 – Am 98,155,431,34,0,0
187179,2026-03-10,A10-0025/2026,,A10-0025/2026 – Borja Giménez Larraz – After § 4 – Am 99,193,419,7,0,0
187180,2026-03-10,A10-0025/2026,,A10-0025/2026 – Borja Giménez Larraz – After § 10 – Am 25,97,494,29,0,0
187182,2026-03-10,A10-0025/2026,,A10-0025/2026 – Borja Giménez Larraz – § 11/1,565,39,21,0,0
187183,2026-03-10,A10-0025/2026,,A10-0025/2026 – Borja Giménez Larraz – § 11/2,329,260,32,0,0
187184,2026-03-10,A10-0025/2026,,A10-0025/2026 – Borja Giménez Larraz – § 11/3,451,147,24,0,0
187185,2026-03-10,A10-0025/2026,,A10-0025/2026 – Borja Giménez Larraz – § 11/4,477,120,18,0,0
187186,2026-03-10,A10-0025/2026,,A10-0025/2026 – Borja Giménez Larraz – § 11/5,545,29,52,0,0
187187,2026-03-10,A10-0025/2026,,A10-0025/2026 – Borja Giménez Larraz – § 11/6,516,40,66,0,0
187188,2026-03-10,A10-0025/2026,,A10-0025/2026 – Borja Giménez Larraz – § 11/7,439,160,23,0,0
187189,2026-03-10,A10-0025/2026,,A10-0025/2026 – Borja Giménez Larraz – § 12,437,156,34,0,0
187191,2026-03-10,,,§ 13,,,,0,0
187192,2026-03-10,A10-0025/2026,,A10-0025/2026 – Borja Giménez Larraz – § 13/2,443,87,96,0,0
187193,2026-03-10,A10-0025/2026,,A10-0025/2026 – Borja Giménez Larraz – § 13/3,540,69,9,0,0
187194,2026-03-10,A10-0025/2026,,A10-0025/2026 – Borja Giménez Larraz – § 13/4,462,101,63,0,0
187195,2026-03-10,A10-0025/2026,,A10-0025/2026 – Borja Giménez Larraz – After § 13 – Am 68,127,486,10,0,0
187196,2026-03-10,A10-0025/2026,,A10-0025/2026 – Borja Giménez Larraz – After § 13 – Am 83,127,482,13,0,0
187197,2026-03-10,A10-0025/2026,,A10-0025/2026 – Borja Giménez Larraz – § 14 – Am 69,119,483,18,0,0
187198,2026-03-10,A10-0025/2026,,A10-0025/2026 – Borja Giménez Larraz – § 15 – Am 26,123,486,13,0,0
187199,2026-03-10,A10-0025/2026,,A10-0025/2026 – Borja Giménez Larraz – § 16 – Am 27,131,483,10,0,0
187201,2026-03-10,A10-0025/2026,,A10-0025/2026 – Borja Giménez Larraz – § 16/1,577,44,7,0,0
187202,2026-03-10,A10-0025/2026,,A10-0025/2026 – Borja Giménez Larraz – § 16/2,466,133,25,0,0
187203,2026-03-10,A10-0025/2026,,A10-0025/2026 – Borja Giménez Larraz – § 16/3,526,79,14,0,0
187204,2026-03-10,A10-0025/2026,,A10-0025/2026 – Borja Giménez Larraz – § 16/4,424,157,42,0,0
187205,2026-03-10,A10-0025/2026,,A10-0025/2026 – Borja Giménez Larraz – § 16/5,553,34,27,0,0
187206,2026-03-10,A10-0025/2026,,A10-0025/2026 – Borja Giménez Larraz – § 16/6,431,132,66,0,0
187207,2026-03-10,A10-0025/2026,,A10-0025/2026 – Borja Giménez Larraz – § 16/7,486,119,20,0,0
187209,2026-03-10,,,§ 17,,,,0,0
187210,2026-03-10,A10-0025/2026,,A10-0025/2026 – Borja Giménez Larraz – § 17/2,440,156,25,0,0
187212,2026-03-10,,,§ 19,,,,0,0
187213,2026-03-10,A10-0025/2026,,A10-0025/2026 – Borja Giménez Larraz – § 19/2,518,87,23,0,0
187215,2026-03-10,,,§ 20,,,,0,0
187216,2026-03-10,,,§ 20,,,,0,0
187218,2026-03-10,A10-0025/2026,,A10-0025/2026 – Borja Giménez Larraz – After § 20 – Am 58/1,199,402,20,0,0
187219,2026-03-10,A10-0025/2026,,A10-0025/2026 – Borja Giménez Larraz – After § 20 – Am 58/2,193,404,24,0,0
187220,2026-03-10,A10-0025/2026,,A10-0025/2026 – Borja Giménez Larraz – After § 20 – Am 70,118,492,11,0,0
187221,2026-03-10,A10-0025/2026,,A10-0025/2026 – Borja Giménez Larraz – After § 20 – Am 71,117,498,7,0,0
187222,2026-03-10,A10-0025/2026,,A10-0025/2026 – Borja Giménez Larraz – After § 20 – Am 72,111,494,18,0,0
187223,2026-03-10,A10-0025/2026,,A10-0025/2026 – Borja Giménez Larraz – After § 20 – Am 73,119,485,13,0,0
187224,2026-03-10,A10-0025/2026,,A10-0025/2026 – Borja Giménez Larraz – After § 20 – Am 74,103,488,28,0,0
187226,2026-03-10,A10-0025/2026,,A10-0025/2026 – Borja Giménez Larraz – § 21 – Am 59/1,189,405,28,0,0
187227,2026-03-10,A10-0025/2026,,A10-0025/2026 – Borja Giménez Larraz – § 21 – Am 59/2,189,400,23,0,0
187229,2026-03-10,A10-0025/2026,,A10-0025/2026 – Borja Giménez Larraz – § 21/1,499,105,19,0,0
187230,2026-03-10,A10-0025/2026,,A10-0025/2026 – Borja Giménez Larraz – § 21/2,493,114,8,0,0
187231,2026-03-10,,,§ 21,,,,0,0
187232,2026-03-10,A10-0025/2026,,A10-0025/2026 – Borja Giménez Larraz – § 21/4,487,125,10,0,0
187233,2026-03-10,,,§ 21,494,114,12,0,0
187234,2026-03-10,A10-0025/2026,,A10-0025/2026 – Borja Giménez Larraz – § 22 – Am 28,121,476,24,0,0
187236,2026-03-10,,,§ 22,,,,0,0
187237,2026-03-10,A10-0025/2026,,A10-0025/2026 – Borja Giménez Larraz – § 22/2,489,122,11,0,0
187238,2026-03-10,,,§ 22,264,338,12,0,0
187239,2026-03-10,A10-0025/2026,,A10-0025/2026 – Borja Giménez Larraz – § 22/4,461,127,33,0,0
187240,2026-03-10,,,§ 22,,,,0,0
187241,2026-03-10,A10-0025/2026,,A10-0025/2026 – Borja Giménez Larraz – § 22/6,441,166,17,0,0
187242,2026-03-10,A10-0025/2026,,A10-0025/2026 – Borja Giménez Larraz – After § 22 – Am 29,77,523,24,0,0
187243,2026-03-10,A10-0025/2026,,A10-0025/2026 – Borja Giménez Larraz – § 23 – Am 30,120,472,26,0,0
187245,2026-03-10,A10-0025/2026,,A10-0025/2026 – Borja Giménez Larraz – § 23/1,558,40,22,0,0
187246,2026-03-10,,,§ 23,,,,0,0
187247,2026-03-10,A10-0025/2026,,A10-0025/2026 – Borja Giménez Larraz – § 23/3,444,164,18,0,0
187248,2026-03-10,A10-0025/2026,,A10-0025/2026 – Borja Giménez Larraz – After § 24 – Am 31,98,513,8,0,0
187249,2026-03-10,A10-0025/2026,,A10-0025/2026 – Borja Giménez Larraz – After § 25 – Am 75,139,448,36,0,0
187250,2026-03-10,A10-0025/2026,,A10-0025/2026 – Borja Giménez Larraz – After § 26 – Am 76,114,482,21,0,0
187251,2026-03-10,A10-0025/2026,,A10-0025/2026 – Borja Giménez Larraz – After § 27 – Am 77,135,479,5,0,0
187252,2026-03-10,A10-0025/2026,,A10-0025/2026 – Borja Giménez Larraz – After § 27 – Am 78,106,486,27,0,0
187253,2026-03-10,A10-0025/2026,,A10-0025/2026 – Borja Giménez Larraz – § 28 – Am 32,91,506,23,0,0
187254,2026-03-10,A10-0025/2026,,A10-0025/2026 – Borja Giménez Larraz – § 28,449,129,40,0,0
187255,2026-03-10,A10-0025/2026,,A10-0025/2026 – Borja Giménez Larraz – After § 28 – Am 79,137,478,12,0,0
187256,2026-03-10,A10-0025/2026,,A10-0025/2026 – Borja Giménez Larraz – After § 28 – Am 80,153,432,27,0,0
187257,2026-03-10,A10-0025/2026,,A10-0025/2026 – Borja Giménez Larraz – § 29 – Am 33,127,487,13,0,0
187259,2026-03-10,A10-0025/2026,,A10-0025/2026 – Borja Giménez Larraz – § 29/1,558,47,18,0,0
187260,2026-03-10,A10-0025/2026,,A10-0025/2026 – Borja Giménez Larraz – § 29/2,506,88,27,0,0
187261,2026-03-10,A10-0025/2026,,A10-0025/2026 – Borja Giménez Larraz – § 29/3,498,97,22,0,0
187262,2026-03-10,A10-0025/2026,,A10-0025/2026 – Borja Giménez Larraz – After § 29 – Am 34,108,484,32,0,0
187263,2026-03-10,A10-0025/2026,,A10-0025/2026 – Borja Giménez Larraz – After § 29 – Am 35,102,497,18,0,0
187264,2026-03-10,A10-0025/2026,,A10-0025/2026 – Borja Giménez Larraz – After § 29 – Am 36,120,459,40,0,0
187265,2026-03-10,A10-0025/2026,,A10-0025/2026 – Borja Giménez Larraz – After § 29 – Am 37,105,501,20,0,0
187266,2026-03-10,A10-0025/2026,,A10-0025/2026 – Borja Giménez Larraz – After § 29 – Am 38,107,488,24,0,0
187268,2026-03-10,A10-0025/2026,,A10-0025/2026 – Borja Giménez Larraz – § 30/1,565,46,15,0,0
187269,2026-03-10,A10-0025/2026,,A10-0025/2026 – Borja Giménez Larraz – § 30/2,452,86,81,0,0
187271,2026-03-10,,,§ 31,,,,0,0
187272,2026-03-10,A10-0025/2026,,A10-0025/2026 – Borja Giménez Larraz – § 31/2,440,157,24,0,0
187273,2026-03-10,A10-0025/2026,,A10-0025/2026 – Borja Giménez Larraz – § 32,483,106,32,0,0
187275,2026-03-10,,,§ 33,,,,0,0
187276,2026-03-10,,,§ 33,,,,0,0
187277,2026-03-10,,,§ 33,,,,0,0
187278,2026-03-10,A10-0025/2026,,A10-0025/2026 – Borja Giménez Larraz – § 33/4,451,165,10,0,0
187279,2026-03-10,A10-0025/2026,,A10-0025/2026 – Borja Giménez Larraz – § 33/5,443,153,23,0,0
187280,2026-03-10,A10-0025/2026,,A10-0025/2026 – Borja Giménez Larraz – § 33/6,428,151,13,0,0
187282,2026-03-10,,,§ 34,,,,0,0
187283,2026-03-10,A10-0025/2026,,A10-0025/2026 – Borja Giménez Larraz – § 34/2,449,163,13,0,0
187284,2026-03-10,A10-0025/2026,,A10-0025/2026 – Borja Giménez Larraz – § 35 – Am 39,123,476,2,0,0
187286,2026-03-10,,,§ 35,,,,0,0
187287,2026-03-10,,,§ 35,,,,0,0
187288,2026-03-10,,,§ 35,,,,0,0
187289,2026-03-10,A10-0025/2026,,A10-0025/2026 – Borja Giménez Larraz – § 36 – Am 40,279,305,43,0,0
187291,2026-03-10,,,§ 37,,,,0,0
187292,2026-03-10,A10-0025/2026,,A10-0025/2026 – Borja Giménez Larraz – § 37/2,469,130,22,0,0
187293,2026-03-10,,,§ 37,,,,0,0
187294,2026-03-10,,,§ 37,,,,0,0
187295,2026-03-10,A10-0025/2026,,A10-0025/2026 – Borja Giménez Larraz – After § 37 – Am 41,119,484,26,0,0
187296,2026-03-10,A10-0025/2026,,A10-0025/2026 – Borja Giménez Larraz – After § 37 – Am 42,91,506,23,0,0
187297,2026-03-10,A10-0025/2026,,A10-0025/2026 – Borja Giménez Larraz – § 39 – Am 81,128,477,20,0,0
187298,2026-03-10,A10-0025/2026,,A10-0025/2026 – Borja Giménez Larraz – § 39 – Am 43,91,483,48,0,0
187299,2026-03-10,,,§ 39,,,,0,0
187300,2026-03-10,A10-0025/2026,,A10-0025/2026 – Borja Giménez Larraz – After § 39 – Am 44,139,455,27,0,0
187301,2026-03-10,A10-0025/2026,,A10-0025/2026 – Borja Giménez Larraz – § 40 – Am 82,142,461,24,0,0
187303,2026-03-10,,,§ 40,,,,0,0
187304,2026-03-10,,,§ 40,,,,0,0
187305,2026-03-10,,,§ 40,,,,0,0
187306,2026-03-10,A10-0025/2026,,A10-0025/2026 – Borja Giménez Larraz – § 40/4,542,43,36,0,0
187307,2026-03-10,A10-0025/2026,,A10-0025/2026 – Borja Giménez Larraz – § 41 – Am 46,99,516,12,0,0
187309,2026-03-10,,,§ 41,,,,0,0
187310,2026-03-10,,,§ 41,,,,0,0
187311,2026-03-10,,,§ 41,,,,0,0
187312,2026-03-10,,,§ 41,,,,0,0
187313,2026-03-10,A10-0025/2026,,A10-0025/2026 – Borja Giménez Larraz – § 41/5,453,147,21,0,0
187314,2026-03-10,A10-0025/2026,,A10-0025/2026 – Borja Giménez Larraz – § 41/6,480,132,11,0,0
187315,2026-03-10,,,§ 41,,,,0,0
187316,2026-03-10,,,§ 41,,,,0,0
187317,2026-03-10,A10-0025/2026,,A10-0025/2026 – Borja Giménez Larraz – After § 41 – Am 47,114,494,20,0,0
187318,2026-03-10,A10-0025/2026,,A10-0025/2026 – Borja Giménez Larraz – After § 41 – Am 48,115,485,18,0,0
187320,2026-03-10,,,§ 42,,,,0,0
187321,2026-03-10,A10-0025/2026,,A10-0025/2026 – Borja Giménez Larraz – § 42/2,447,128,48,0,0
187322,2026-03-10,A10-0025/2026,,A10-0025/2026 – Borja Giménez Larraz – § 42/3,454,141,24,0,0
187323,2026-03-10,A10-0025/2026,,A10-0025/2026 – Borja Giménez Larraz – After § 42 – Am 16,71,507,46,0,0
187324,2026-03-10,A10-0025/2026,,A10-0025/2026 – Borja Giménez Larraz – After § 42 – Am 17,126,474,22,0,0
187326,2026-03-10,,,§ 43,,,,0,0
187327,2026-03-10,,,§ 43,,,,0,0
187328,2026-03-10,A10-0025/2026,,A10-0025/2026 – Borja Giménez Larraz – § 43 – Am 84,120,480,24,0,0
187329,2026-03-10,A10-0025/2026,,A10-0025/2026 – Borja Giménez Larraz – § 43 – Am 49,137,458,22,0,0
187331,2026-03-10,,,§ 45,,,,0,0
187332,2026-03-10,,,§ 45,,,,0,0
187333,2026-03-10,A10-0025/2026,,A10-0025/2026 – Borja Giménez Larraz – § 45/3,359,230,26,0,0
187334,2026-03-10,A10-0025/2026,,A10-0025/2026 – Borja Giménez Larraz – After § 45 – Am 18,150,446,21,0,0
187336,2026-03-10,,,§ 46,,,,0,0
187337,2026-03-10,,,§ 46,,,,0,0
187338,2026-03-10,A10-0025/2026,,A10-0025/2026 – Borja Giménez Larraz – After § 46 – Am 19,147,466,10,0,0
187340,2026-03-10,,,§ 47,,,,0,0
187341,2026-03-10,,,§ 47,,,,0,0
187342,2026-03-10,A10-0025/2026,,A10-0025/2026 – Borja Giménez Larraz – § 47/3,452,151,18,0,0
187343,2026-03-10,A10-0025/2026,,A10-0025/2026 – Borja Giménez Larraz – § 48 – Am 51,105,494,18,0,0
187345,2026-03-10,A10-0025/2026,,A10-0025/2026 – Borja Giménez Larraz – § 48/1,506,106,9,0,0
187346,2026-03-10,A10-0025/2026,,A10-0025/2026 – Borja Giménez Larraz – § 48/2,458,140,18,0,0
187347,2026-03-10,A10-0025/2026,,A10-0025/2026 – Borja Giménez Larraz – § 48/3,514,84,17,0,0
187348,2026-03-10,A10-0025/2026,,A10-0025/2026 – Borja Giménez Larraz – § 48/4,485,106,15,0,0
187349,2026-03-10,A10-0025/2026,,A10-0025/2026 – Borja Giménez Larraz – § 48/5,469,129,13,0,0
187350,2026-03-10,A10-0025/2026,,A10-0025/2026 – Borja Giménez Larraz – § 48/6,549,35,29,0,0
187351,2026-03-10,A10-0025/2026,,A10-0025/2026 – Borja Giménez Larraz – § 48/7,532,60,21,0,0
187352,2026-03-10,A10-0025/2026,,A10-0025/2026 – Borja Giménez Larraz – § 48/8,475,134,17,0,0
187353,2026-03-10,A10-0025/2026,,A10-0025/2026 – Borja Giménez Larraz – § 48/9,450,138,25,0,0
187354,2026-03-10,A10-0025/2026,,A10-0025/2026 – Borja Giménez Larraz – § 48/10,474,123,16,0,0
187356,2026-03-10,A10-0025/2026,,A10-0025/2026 – Borja Giménez Larraz – After § 48 – Am 20,127,493,4,0,0
187357,2026-03-10,A10-0025/2026,,A10-0025/2026 – Borja Giménez Larraz – After § 48 – Am 85,154,438,25,0,0
187358,2026-03-10,A10-0025/2026,,A10-0025/2026 – Borja Giménez Larraz – After § 48 – Am 86,147,445,23,0,0
187360,2026-03-10,,,§ 49,,,,0,0
187361,2026-03-10,,,§ 49,,,,0,0
187362,2026-03-10,A10-0025/2026,,A10-0025/2026 – Borja Giménez Larraz – After § 49 – Am 105,405,154,62,0,0
187364,2026-03-10,A10-0025/2026,,A10-0025/2026 – Borja Giménez Larraz – After § 50 – Am 106/1,529,72,19,0,0
187365,2026-03-10,A10-0025/2026,,A10-0025/2026 – Borja Giménez Larraz – After § 50 – Am 106/2,323,247,41,0,0
187366,2026-03-10,A10-0025/2026,,A10-0025/2026 – Borja Giménez Larraz – § 52 – Am 87,106,489,18,0,0
187367,2026-03-10,A10-0025/2026,,A10-0025/2026 – Borja Giménez Larraz – After § 52 – Am 53,127,472,17,0,0
187368,2026-03-10,A10-0025/2026,,A10-0025/2026 – Borja Giménez Larraz – § 53 – Am 61,281,306,31,0,0
187370,2026-03-10,,,§ 53,,,,0,0
187371,2026-03-10,A10-0025/2026,,A10-0025/2026 – Borja Giménez Larraz – § 53/2,480,111,24,0,0
187372,2026-03-10,,,§ 53,,,,0,0
187374,2026-03-10,A10-0025/2026,,A10-0025/2026 – Borja Giménez Larraz – § 55 – Am 54,150,438,33,0,0
187375,2026-03-10,A10-0025/2026,,A10-0025/2026 – Borja Giménez Larraz – § 55 – Am 60,99,505,17,0,0
187377,2026-03-10,,,§ 55,,,,0,0
187378,2026-03-10,A10-0025/2026,,A10-0025/2026 – Borja Giménez Larraz – § 55/2,432,137,41,0,0
187379,2026-03-10,A10-0025/2026,,A10-0025/2026 – Borja Giménez Larraz – § 57 – Am 55,125,485,8,0,0
187381,2026-03-10,A10-0025/2026,,A10-0025/2026 – Borja Giménez Larraz – § 57/1,550,49,20,0,0
187382,2026-03-10,A10-0025/2026,,A10-0025/2026 – Borja Giménez Larraz – § 57/2,524,75,13,0,0
187383,2026-03-10,A10-0025/2026,,A10-0025/2026 – Borja Giménez Larraz – After § 57 – Am 56,111,491,18,0,0
187385,2026-03-10,,,§ 58,,,,0,0
187386,2026-03-10,,,§ 58,,,,0,0
187387,2026-03-10,A10-0025/2026,,A10-0025/2026 – Borja Giménez Larraz – Citation 47,356,188,57,0,0
187389,2026-03-10,,,Recital G,,,,0,0
187390,2026-03-10,,,Recital G,,,,0,0
187391,2026-03-10,,,Recital G,,,,0,0
187392,2026-03-10,A10-0025/2026,,A10-0025/2026 – Borja Giménez Larraz – After recital D – Am 88,193,412,18,0,0
187393,2026-03-10,A10-0025/2026,,A10-0025/2026 – Borja Giménez Larraz – After recital F – Am 7,106,511,6,0,0
187394,2026-03-10,A10-0025/2026,,A10-0025/2026 – Borja Giménez Larraz – After recital H – Am 90,178,430,10,0,0
187396,2026-03-10,A10-0025/2026,,A10-0025/2026 – Borja Giménez Larraz – recital J/1,573,43,10,0,0
187397,2026-03-10,A10-0025/2026,,A10-0025/2026 – Borja Giménez Larraz – recital J/2,422,172,25,0,0
187398,2026-03-10,,,Recital J,,,,0,0
187400,2026-03-10,,,Recital K,,,,0,0
187401,2026-03-10,,,Recital K,,,,0,0
187403,2026-03-10,,,Recital N,,,,0,0
187404,2026-03-10,A10-0025/2026,,A10-0025/2026 – Borja Giménez Larraz – recital N/2,443,161,21,0,0
187405,2026-03-10,A10-0025/2026,,A10-0025/2026 – Borja Giménez Larraz – recital O – Am 62,132,472,14,0,0
187407,2026-03-10,A10-0025/2026,,A10-0025/2026 – Borja Giménez Larraz – recital O/1,539,77,5,0,0
187408,2026-03-10,A10-0025/2026,,A10-0025/2026 – Borja Giménez Larraz – recital O/2,478,116,22,0,0
187409,2026-03-10,A10-0025/2026,,A10-0025/2026 – Borja Giménez Larraz – After recital O – Am 92,170,441,10,0,0
187411,2026-03-10,,,Recital P,,,,0,0
187412,2026-03-10,,,Recital P,,,,0,0
187414,2026-03-10,,,Recital Q,,,,0,0
187415,2026-03-10,,,Recital Q,365,230,16,0,0
187417,2026-03-10,A10-0025/2026,,A10-0025/2026 – Borja Giménez Larraz – Recital R/1,562,34,21,0,0
187418,2026-03-10,A10-0025/2026,,A10-0025/2026 – Borja Giménez Larraz – Recital R/2,441,148,20,0,0
187419,2026-03-10,A10-0025/2026,,A10-0025/2026 – Borja Giménez Larraz – Recital R/3,457,138,14,0,0
187420,2026-03-10,A10-0025/2026,,A10-0025/2026 – Borja Giménez Larraz – After recital S – Am 23,132,472,12,0,0
187422,2026-03-10,,,Recital T,,,,0,0
187423,2026-03-10,,,Recital T,,,,0,0
187425,2026-03-10,,,Recital U,,,,0,0
187426,2026-03-10,,,Recital U,,,,0,0
187428,2026-03-10,,,Recital V,,,,0,0
187429,2026-03-10,,,Recital V,,,,0,0
187430,2026-03-10,,,Recital V,,,,0,0
187432,2026-03-10,,,Recital X,,,,0,0
187433,2026-03-10,,,Recital X,,,,0,0
187434,2026-03-10,,,Recital X,,,,0,0
187435,2026-03-10,,,Recital X,,,,0,0
187437,2026-03-10,,,Recital Z,,,,0,0
187438,2026-03-10,,,Recital Z,,,,0,0
188549,2026-03-09,,,Tuesday’s agenda – Request by the PfE Group,87,291,22,0,0
188550,2026-03-10,,,Recital 3,,,,0,0
188551,2026-03-10,A10-0019/2026,,A10-0019/2026 – Axel Voss – § 3 – Am 2,159,426,26,0,0
188552,2026-03-10,A10-0019/2026,,A10-0019/2026 – Axel Voss – After recital H – Am 1,174,410,18,0,0
188553,2026-03-10,B10-0156/2026,,B10-0156/2026 – After § 3 – Am 11,72,476,68,0,0
188554,2026-03-10,B10-0156/2026,,B10-0156/2026 – § 4 – Am 1,161,428,21,0,0
188555,2026-03-10,B10-0156/2026,,B10-0156/2026 – After § 4 – Am 2,162,425,15,0,0
188556,2026-03-10,B10-0156/2026,,B10-0156/2026 – After § 4 – Am 12,123,378,105,0,0
188557,2026-03-10,B10-0156/2026,,B10-0156/2026 – After § 4 – Am 15,97,436,64,0,0
188558,2026-03-10,B10-0156/2026,,B10-0156/2026 – § 6,450,63,96,0,0
188559,2026-03-10,B10-0156/2026,,B10-0156/2026 – After § 6 – Am 16,283,262,60,0,0
188560,2026-03-10,B10-0156/2026,,B10-0156/2026 – § 8 – Am 3,171,428,10,0,0
188561,2026-03-10,B10-0156/2026,,B10-0156/2026 – After § 9 – Am 14,150,423,36,0,0
188562,2026-03-10,B10-0156/2026,,B10-0156/2026 – § 11 – Am 4,164,418,21,0,0
188563,2026-03-10,B10-0156/2026,,B10-0156/2026 – After recital A – Am 7,118,405,86,0,0
188564,2026-03-10,B10-0156/2026,,B10-0156/2026 – Motion for a resolution (as a whole),399,78,69,0,0
188566,2026-03-10,,,§ 8,,,,0,0
188570,2026-03-10,,,§ 18,,,,0,0
188572,2026-03-10,A10-0018/2026,,A10-0018/2026 – André Franqueira Rodrigues – § 8/2,455,147,12,0,0
188573,2026-03-10,A10-0018/2026,,A10-0018/2026 – André Franqueira Rodrigues – § 16 – Am 2,247,334,28,0,0
188574,2026-03-10,A10-0018/2026,,A10-0018/2026 – André Franqueira Rodrigues – § 17 – Am 3,217,306,86,0,0
188575,2026-03-10,A10-0018/2026,,A10-0018/2026 – André Franqueira Rodrigues – § 18/1,444,153,16,0,0
188576,2026-03-10,A10-0018/2026,,A10-0018/2026 – André Franqueira Rodrigues – After recital Z – Am 1,277,246,90,0,0
188577,2026-03-11,A10-0040/2026,,A10-0040/2026 – Birgit Sippel – Before Article 1; Regulation (EU) 2021/1232 – Article 3 – paragraph 1 – point a – Am 1,540,21,60,0,0
188578,2026-03-11,A10-0040/2026,,A10-0040/2026 – Birgit Sippel – Before Article 1; Regulation (EU) 2021/1232 – Article 3 – paragraph 1 – point a – Am 5,235,203,174,0,0
188580,2026-03-11,A10-0040/2026,,A10-0040/2026 – Birgit Sippel – Before Article 1; Regulation (EU) 2021/1232 – Article 3 – paragraph 1 – point b – Am 2/1,469,77,70,0,0
188581,2026-03-11,A10-0040/2026,,A10-0040/2026 – Birgit Sippel – Before Article 1; Regulation (EU) 2021/1232 – Article 3 – paragraph 1 – point b – Am 2/2,334,251,25,0,0
188582,2026-03-11,A10-0040/2026,,A10-0040/2026 – Birgit Sippel – Article 1 – paragraph 1; Regulation (EU) 2021/1232 – Article 10 – Am 3,488,92,45,0,0
188583,2026-03-11,A10-0040/2026,,A10-0040/2026 – Birgit Sippel – After recital 3 – Am 10,195,424,8,0,0
188584,2026-03-11,A10-0040/2026,,A10-0040/2026 – Birgit Sippel – After recital 4 – Am 18,270,325,9,0,0
188585,2026-03-11,A10-0040/2026,,A10-0040/2026 – Birgit Sippel – After recital 5 – Am 12,201,413,9,0,0
188587,2026-03-11,,,§ 9,,,,0,0
188588,2026-03-11,,,§ 9,332,266,34,0,0
188589,2026-03-11,A10-0036/2026,,A10-0036/2026 – Kira Marie Peter-Hansen – After § 11 – Am 5,107,458,65,0,0
188590,2026-03-11,A10-0036/2026,,A10-0036/2026 – Kira Marie Peter-Hansen – After § 14 – Am 1,67,501,62,0,0
188591,2026-03-11,A10-0036/2026,,A10-0036/2026 – Kira Marie Peter-Hansen – After § 14 – Am 2,58,544,27,0,0
188592,2026-03-11,A10-0036/2026,,A10-0036/2026 – Kira Marie Peter-Hansen – After § 15 – Am 7,62,535,38,0,0
188593,2026-03-11,A10-0036/2026,,A10-0036/2026 – Kira Marie Peter-Hansen – After § 16 – Am 8,71,388,171,0,0
188594,2026-03-11,A10-0036/2026,,A10-0036/2026 – Kira Marie Peter-Hansen – After § 22 – Am 9,97,367,161,0,0
188595,2026-03-11,A10-0036/2026,,A10-0036/2026 – Kira Marie Peter-Hansen – After § 22 – Am 11,79,519,36,0,0
188597,2026-03-11,,,§ 24,,,,0,0
188598,2026-03-11,A10-0036/2026,,A10-0036/2026 – Kira Marie Peter-Hansen – § 24/2,444,176,9,0,0
188599,2026-03-11,A10-0036/2026,,A10-0036/2026 – Kira Marie Peter-Hansen – After § 24 – Am 15,184,441,3,0,0
188600,2026-03-11,A10-0036/2026,,A10-0036/2026 – Kira Marie Peter-Hansen – § 28 – Am 16,189,415,16,0,0
188602,2026-03-11,,,§ 28,,,,0,0
188603,2026-03-11,A10-0036/2026,,A10-0036/2026 – Kira Marie Peter-Hansen – § 28/2,593,23,19,0,0
188604,2026-03-11,A10-0036/2026,,A10-0036/2026 – Kira Marie Peter-Hansen – After § 28 – Am 17,183,404,37,0,0
188605,2026-03-11,A10-0036/2026,,A10-0036/2026 – Kira Marie Peter-Hansen – After § 30 – Am 13,70,506,56,0,0
188607,2026-03-11,,,§ 32,,,,0,0
188608,2026-03-11,,,§ 32,266,266,101,0,0
188609,2026-03-11,A10-0036/2026,,A10-0036/2026 – Kira Marie Peter-Hansen – § 32/3,383,220,31,0,0
188610,2026-03-11,A10-0036/2026,,A10-0036/2026 – Kira Marie Peter-Hansen – After recital 3 – Am 4,71,476,84,0,0
188611,2026-03-11,A10-0033/2026,,A10-0033/2026 – Nela Riehl – After § 3 – Am 8,313,270,49,0,0
188612,2026-03-11,A10-0033/2026,,A10-0033/2026 – Nela Riehl – § 5 – Am 20,165,461,9,0,0
188613,2026-03-11,A10-0033/2026,,A10-0033/2026 – Nela Riehl – After § 6 – Am 11,299,293,41,0,0
188614,2026-03-11,A10-0033/2026,,A10-0033/2026 – Nela Riehl – After § 8 – Am 15,267,278,88,0,0
188615,2026-03-11,A10-0033/2026,,A10-0033/2026 – Nela Riehl – § 9 – Am 21,196,410,6,0,0
188616,2026-03-11,,,§ 9,,,,0,0
188618,2026-03-11,A10-0033/2026,,A10-0033/2026 – Nela Riehl – § 17/1,434,173,24,0,0
188619,2026-03-11,A10-0033/2026,,A10-0033/2026 – Nela Riehl – § 17/2,287,278,49,0,0
188620,2026-03-11,A10-0033/2026,,A10-0033/2026 – Nela Riehl – § 17/3,282,335,17,0,0
188621,2026-03-11,A10-0033/2026,,A10-0033/2026 – Nela Riehl – § 19 – Am 22,190,438,5,0,0
188622,2026-03-11,A10-0033/2026,,A10-0033/2026 – Nela Riehl – After § 19 – Am 23,192,429,7,0,0
188623,2026-03-11,,,§ 20,342,261,23,0,0
188624,2026-03-11,A10-0033/2026,,A10-0033/2026 – Nela Riehl – § 22 – Am 24,187,430,8,0,0
188626,2026-03-11,,,§ 23,,,,0,0
188627,2026-03-11,,,§ 23,,,,0,0
188628,2026-03-11,A10-0033/2026,,A10-0033/2026 – Nela Riehl – Recital B – Am 19,176,446,6,0,0
188629,2026-03-11,A10-0016/2026,,A10-0016/2026 – Petras Auštrevičius – Alternative motion for a resolution – Am 1,66,523,32,0,0
188630,2026-03-11,A10-0016/2026,,A10-0016/2026 – Petras Auštrevičius – § 32,301,300,24,0,0
188631,2026-03-11,A10-0016/2026,,A10-0016/2026 – Petras Auštrevičius – § 33,268,328,33,0,0
188632,2026-03-11,A10-0017/2026,,A10-0017/2026 – Tobias Cremer – After § 1 – Am 1,182,423,21,0,0
188633,2026-03-11,A10-0017/2026,,A10-0017/2026 – Tobias Cremer – § 18 – Am 2,178,412,30,0,0
188635,2026-03-11,,,"§ 1, point f",,,,0,0
188636,2026-03-11,,,"§ 1, point f",,,,0,0
188637,2026-03-11,A10-0035/2026,,"A10-0035/2026 – Tobias Cremer – § 1, after point f – Am 1",110,494,28,0,0
188638,2026-03-11,A10-0035/2026,,"A10-0035/2026 – Tobias Cremer – § 1, after point v – Am 2",68,502,48,0,0
188640,2026-03-11,,,"§ 1, point x",,,,0,0
188641,2026-03-11,,,"§ 1, point x",,,,0,0
188642,2026-03-11,,,"§ 1, point ax",,,,0,0
188643,2026-03-11,,,"§ 1, point bc",,,,0,0
188645,2026-03-11,,,"§ 1, point be",,,,0,0
188646,2026-03-11,,,"§ 1, point be",,,,0,0
188830,2026-03-11,A10-0021/2026,,"A10-0021/2026 – Irena Joveva, Mirosława Nykiel – § 10/1",449,139,39,0,0
188831,2026-03-11,A10-0021/2026,,"A10-0021/2026 – Irena Joveva, Mirosława Nykiel – § 10/2",377,163,70,0,0
188832,2026-03-11,A10-0021/2026,,"A10-0021/2026 – Irena Joveva, Mirosława Nykiel – § 29",418,140,70,0,0
188833,2026-03-11,A10-0021/2026,,"A10-0021/2026 – Irena Joveva, Mirosława Nykiel – § 30",340,155,124,0,0
188834,2026-03-11,A10-0021/2026,,"A10-0021/2026 – Irena Joveva, Mirosława Nykiel – § 53",379,180,68,0,0
188897,2026-03-12,B10-0155/2026,,B10-0155/2026 – After § 12 – Am 1,133,385,25,0,0
188898,2026-03-12,,,§ 21,,,,0,0
188903,2026-03-12,,,§ 8,,,,0,0
188904,2026-03-12,,,§ 8,,,,0,0
188905,2026-03-12,,,§ 8,,,,0,0
188906,2026-03-12,,,§ 8,,,,0,0
188907,2026-03-12,A10-0015/2026,,A10-0015/2026 – Bogdan Rzońca – § 12 – Am 15D= 36D=,252,300,12,0,0
188909,2026-03-12,A10-0015/2026,,A10-0015/2026 – Bogdan Rzońca – § 12/1,313,245,8,0,0
188910,2026-03-12,A10-0015/2026,,A10-0015/2026 – Bogdan Rzońca – § 12/2,172,385,3,0,0
188911,2026-03-12,A10-0015/2026,,A10-0015/2026 – Bogdan Rzońca – § 12/3,174,389,3,0,0
188912,2026-03-12,A10-0015/2026,,A10-0015/2026 – Bogdan Rzońca – § 12/4,203,352,6,0,0
188913,2026-03-12,A10-0015/2026,,A10-0015/2026 – Bogdan Rzońca – § 13 – Am 31,148,382,30,0,0
188914,2026-03-12,A10-0015/2026,,A10-0015/2026 – Bogdan Rzońca – § 14 – Am 24,161,392,10,0,0
188915,2026-03-12,A10-0015/2026,,A10-0015/2026 – Bogdan Rzońca – § 16 – Am 37,185,364,16,0,0
188916,2026-03-12,A10-0015/2026,,A10-0015/2026 – Bogdan Rzońca – § 16 – Am 17,98,453,9,0,0
188917,2026-03-12,,,§ 16,,,,0,0
188918,2026-03-12,A10-0015/2026,,A10-0015/2026 – Bogdan Rzońca – § 17 – Am 38,155,402,8,0,0
188919,2026-03-12,A10-0015/2026,,A10-0015/2026 – Bogdan Rzońca – § 17 – Am 18,182,362,19,0,0
188920,2026-03-12,A10-0015/2026,,A10-0015/2026 – Bogdan Rzońca – § 17 – Am 26,225,325,14,0,0
188921,2026-03-12,A10-0015/2026,,A10-0015/2026 – Bogdan Rzońca – § 17,290,258,15,0,0
188922,2026-03-12,A10-0015/2026,,A10-0015/2026 – Bogdan Rzońca – After § 17 – Am 39,159,391,10,0,0
188924,2026-03-12,A10-0015/2026,,A10-0015/2026 – Bogdan Rzońca – § 19 – Am 40/1,291,201,73,0,0
188925,2026-03-12,A10-0015/2026,,A10-0015/2026 – Bogdan Rzońca – § 19 – Am 40/2,224,329,7,0,0
188926,2026-03-12,A10-0015/2026,,A10-0015/2026 – Bogdan Rzońca – After § 21 – Am 41,217,332,13,0,0
188927,2026-03-12,A10-0015/2026,,A10-0015/2026 – Bogdan Rzońca – Recital B – Am 22,168,379,8,0,0
188929,2026-03-12,,,Recital C,,,,0,0
188930,2026-03-12,,,Recital C,,,,0,0
188932,2026-03-12,,,Recital T,,,,0,0
188933,2026-03-12,,,Recital T,,,,0,0
188935,2026-03-12,,,Recital U,,,,0,0
188936,2026-03-12,,,Recital U,,,,0,0
188937,2026-03-12,,,Recital W,,,,0,0
188938,2026-03-12,A10-0015/2026,,A10-0015/2026 – Bogdan Rzońca – Recital AC – Am 27,172,363,22,0,0
189089,2026-03-12,,,§ 8,,,,0,0
189090,2026-03-12,,,§ 8,,,,0,0
189092,2026-03-12,,,§ 11,,,,0,0
189093,2026-03-12,,,§ 11,,,,0,0
189094,2026-03-12,,,§ 18,,,,0,0
189095,2026-03-12,,,Recital R,,,,0,0
189096,2026-03-12,,,Recital AC,,,,0,0
189105,2026-03-12,,,Recital 3,,,,0,0
189106,2026-03-12,,,Recital 4,,,,0,0
189107,2026-03-12,C10-0351/2025,,C10-0351/2025 – Commission proposal,473,81,9,0,0
189108,2026-03-11,,,Request for referral back,,,,0,0
189110,2026-03-11,,,Motion for adjournment of the vote,,,,0,0
189115,2026-03-12,B10-0159/2026,,B10-0159/2026,,,,0,0
189116,2026-03-12,B10-0160/2026,,B10-0160/2026,,,,0,0
189117,2026-03-12,B10-0163/2026,,B10-0163/2026,,,,0,0
189118,2026-03-12,B10-0169/2026,,B10-0169/2026,,,,0,0
189119,2026-03-12,B10-0172/2026,,B10-0172/2026,,,,0,0
189120,2026-03-12,B10-0173/2026,,B10-0173/2026,,,,0,0
189129,2026-03-12,B10-0159/2026,,RC-B10-0159/2026 – Motion for a resolution,524,2,29,0,0
189130,2026-03-12,C10-0351/2025,,C10-0351/2025 – Proposal for rejection – Am 6,81,473,5,0,0
189131,2026-03-12,C10-0351/2025,,"C10-0351/2025 – Article 1, after § 1 – Am 3",90,462,5,0,0
189132,2026-03-12,C10-0351/2025,,"C10-0351/2025 – Annex, point a – Am 4",81,468,9,0,0
189133,2026-03-12,C10-0351/2025,,"C10-0351/2025 – Annex, point b – Am 5",81,466,10,0,0
189137,2026-03-12,,,§ 6,,,,0,0
189138,2026-03-12,,,§ 7,,,,0,0
189139,2026-03-12,,,After recital A,,,,0,0
189142,2026-03-12,B10-0158/2026,,B10-0158/2026,,,,0,0
189143,2026-03-12,B10-0161/2026,,B10-0161/2026,,,,0,0
189144,2026-03-12,B10-0162/2026,,B10-0162/2026,,,,0,0
189145,2026-03-12,B10-0164/2026,,B10-0164/2026,,,,0,0
189146,2026-03-12,B10-0168/2026,,B10-0168/2026,,,,0,0
189147,2026-03-12,B10-0171/2026,,B10-0171/2026,,,,0,0
189148,2026-03-12,B10-0174/2026,,B10-0174/2026,,,,0,0
189149,2026-03-12,B10-0158/2026,,RC-B10-0158/2026 – After § 2 – Am 1,273,199,81,0,0
189150,2026-03-12,B10-0158/2026,,RC-B10-0158/2026 – After § 3 – Am 2,277,244,31,0,0
189151,2026-03-12,B10-0158/2026,,RC-B10-0158/2026 – Motion for a resolution (as a whole),438,37,81,0,0
189154,2026-03-12,,,§ 5,,,,0,0
189157,2026-03-12,,,After recital E,,,,0,0
189160,2026-03-12,B10-0157/2026,,B10-0157/2026,,,,0,0
189161,2026-03-12,B10-0165/2026,,B10-0165/2026,,,,0,0
189162,2026-03-12,B10-0166/2026,,B10-0166/2026,,,,0,0
189163,2026-03-12,B10-0167/2026,,B10-0167/2026,,,,0,0
189164,2026-03-12,B10-0170/2026,,B10-0170/2026,,,,0,0
189165,2026-03-12,B10-0175/2026,,B10-0175/2026,,,,0,0
189166,2026-03-12,B10-0157/2026,,RC-B10-0157/2026 – After § 2 – Am 1,114,363,46,0,0
189168,2026-03-12,B10-0157/2026,,RC-B10-0157/2026 – After recital A – Am 2,58,410,63,0,0
189169,2026-03-12,B10-0157/2026,,RC-B10-0157/2026 – Motion for a resolution (as a whole),479,17,43,0,0
189209,2026-03-26,,,After § 81,499,102,29,0,0
189210,2026-03-26,A10-0045/2026,,"A10-0045/2026 – Chloé Ridel, Hildegard Bentele – Motion for a resolution (as a whole)",371,146,80,0,0
189232,2026-03-26,,,A9-0048/2024 – Raquel García Hermida-Van Der Walle – Provisional agreement – Am 221,581,21,42,0,0
189234,2026-03-26,,,Text as a whole,,,,0,0
189236,2026-03-26,,,"Article 3, § 1 (corresponds to Article 20 in Amendment 221)",,,,0,0
189244,2026-03-26,,,Commission proposal,,,,0,0
189249,2026-03-26,A10-0029/2026,,A10-0029/2026 – Borys Budka – Draft Council decision,618,6,5,0,0
189250,2026-03-26,A10-0049/2026,,A10-0049/2026 – Ton Diepeveen – Draft Council decision,605,3,9,0,0
189251,2026-03-26,A10-0026/2026,,A10-0026/2026 – Jérémy Decerle – Draft Council decision,603,3,33,0,0
189252,2026-03-26,A10-0060/2026,,A10-0060/2026 – Janusz Lewandowski – Motion for a resolution,584,39,13,0,0
189257,2026-03-26,A10-0061/2026,,A10-0061/2026 – Hélder Sousa Silva – Motion for a resolution,575,48,10,0,0
189270,2026-03-26,A10-0040/2026,,A10-0040/2026 – Birgit Sippel – Commission proposal,228,311,92,0,0
189312,2026-03-26,,,Amendments by the committee responsible – put to the vote collectively,,,,0,0
189313,2026-03-26,A10-0070/2026,,A10-0070/2026 – Bernd Lange – Commission proposal,437,144,60,0,0
189314,2026-03-26,,,Request for referral back (Rule 60(4)),,,,0,0
189318,2026-03-26,,,Amendments by the committee responsible – put to the vote collectively,,,,0,0
189333,2026-03-26,A10-0069/2026,,A10-0069/2026 – Bernd Lange – Commission proposal,417,154,71,0,0
189334,2026-03-26,,,Request for referral back (Rule 60(4)),,,,0,0
189336,2026-03-26,,,Motion for a resolution,79,528,20,0,0
189343,2026-03-26,,,Article 1 – § 1 – point 4; Regulation (EU) 2024/1689 – Article 4,,,,0,0
189344,2026-03-26,,,Article 1 – § 1 – point 5; Regulation (EU) 2024/1689 – after Article 4 – title,,,,0,0
189345,2026-03-26,,,Article 1 – § 1 – point 5; Regulation (EU) 2024/1689 after Article 4 – § 1,,,,0,0
189347,2026-03-26,,,Article 1 – § 1 – point 5; Regulation (EU) 2024/1689 – after Article 4 – § 1 – point b,,,,0,0
189348,2026-03-26,,,Article 1 – § 1 – point 5; Regulation (EU) 2024/1689 – after Article 4 – § 1 – after point e,,,,0,0
189349,2026-03-26,,,Article 1 – § 1 – point 5; Regulation (EU) 2024/1689 – after Article 4 – § 1 – after point e,,,,0,0
189352,2026-03-26,,,Article 1 – § 1 – point 5; Regulation (EU) 2024/1689 after Article 4 – § 2,,,,0,0
189353,2026-03-26,,,Article 1 – § 1 – after point 5; Regulation (EU) 2024/1689 – Article 5 – § 1 – sub§ 1 – after point h,,,,0,0
189356,2026-03-26,,,Article 1 – § 1 – point 7 – point a; Regulation (EU) 2024/1689 – Article 10 – § 1,,,,0,0
189357,2026-03-26,,,Article 1 – § 1 – point 7 – after point c; Regulation (EU) 2024/1689 – Article 10 – after § 6,,,,0,0
189359,2026-03-26,,,Article 1 – § 1 – point 15; Regulation (EU) 2024/1689 – Article 50 – § 7,,,,0,0
189360,2026-03-26,,,Article 1 – § 1 – point 20; Regulation (EU) 2024/1689 – after Article 60,,,,0,0
189361,2026-03-26,,,Article 1 – § 1 – point 20; Regulation (EU) 2024/1689 – after Article 60,,,,0,0
189364,2026-03-26,,,Article 1 – § 1 – point 21; Regulation (EU) 2024/1689 – Article 63 – § 1,,,,0,0
189366,2026-03-26,,,Article 1 – § 1 – point 25; Regulation (EU) 2024/1689 – Article 75,,,,0,0
189377,2026-03-26,,,Article 1 – § 1 – point 30 – point b; Regulation (EU) 2024/1689 – Article 111 – § 4,,,,0,0
189381,2026-03-26,,,Article 1 – § 1 – point 31 – point a; Regulation (EU) 2024/1689 – Article 113 – § 3 – point d,,,,0,0
189382,2026-03-26,,,Recital 6,,,,0,0
189383,2026-03-26,,,Recital 6,,,,0,0
189384,2026-03-26,A10-0073/2026,,"A10-0073/2026 – Arba Kokalari, Michael McNamara – Commission proposal",569,45,23,0,0
189385,2026-03-26,,,Request for referral back (Rule 60(4)),,,,0,0
189570,2026-03-26,,,Motion for a resolution,,,,0,0
189572,2026-03-26,A10-0040/2026,,A10-0040/2026 – Birgit Sippel – Before Article 1; Regulation (EU) 2021/1232 – Article 3 – § 1 – point a – Am 30/1,303,314,19,0,0
189573,2026-03-26,,,Before Article 1; Regulation (EU) 2021/1232 – Article 3 – § 1 – point a,,,,0,0
189574,2026-03-26,A10-0040/2026,,A10-0040/2026 – Birgit Sippel – Before Article 1; Regulation (EU) 2021/1232 – Article 3 – § 1 – point a – Am 34,307,306,24,0,0
189575,2026-03-26,A10-0040/2026,,A10-0040/2026 – Birgit Sippel – Before Article 1; Regulation (EU) 2021/1232 – Article 3 – § 1 – point a – Am 35,210,312,114,0,0
189576,2026-03-26,A10-0040/2026,,A10-0040/2026 – Birgit Sippel – Before Article 1; Regulation (EU) 2021/1232 – Article 3 – § 1 – point a – Am 36,325,298,13,0,0
189577,2026-03-26,A10-0040/2026,,A10-0040/2026 – Birgit Sippel – Article 1 – § 1; Regulation (EU) 2021/1232 – Article 10 – Am 33,125,394,115,0,0
189578,2026-03-26,A10-0040/2026,,A10-0040/2026 – Birgit Sippel – Article 1 – § 1; Regulation (EU) 2021/1232 – Article 10 – Am 31,304,306,28,0,0
189579,2026-03-26,A10-0040/2026,,A10-0040/2026 – Birgit Sippel – Article 1 – § 1; Regulation (EU) 2021/1232 – Article 10 – Am 29,344,236,54,0,0
189580,2026-03-26,A10-0040/2026,,A10-0040/2026 – Birgit Sippel – After recital 4 – Am 32,247,301,80,0,0
189581,2026-03-26,A10-0069/2026,,A10-0069/2026 – Bernd Lange – Proposal for rejection – Am 47,160,462,16,0,0
189582,2026-03-26,A10-0069/2026,,A10-0069/2026 – Bernd Lange – Article 3 – § 1 – after sub§ 1 – Am 61,108,480,34,0,0
189583,2026-03-26,A10-0069/2026,,A10-0069/2026 – Bernd Lange – After recital 1 – Am 48,58,515,63,0,0
189584,2026-03-26,A10-0069/2026,,A10-0069/2026 – Bernd Lange – After recital 1 – Am 49,97,493,45,0,0
189585,2026-03-26,A10-0069/2026,,A10-0069/2026 – Bernd Lange – After recital 1 – Am 50,65,526,48,0,0
189586,2026-03-26,A10-0069/2026,,A10-0069/2026 – Bernd Lange – After recital 2 – Am 51,110,466,58,0,0
189587,2026-03-26,A10-0069/2026,,A10-0069/2026 – Bernd Lange – After recital 2 – Am 52,56,530,52,0,0
189588,2026-03-26,A10-0069/2026,,A10-0069/2026 – Bernd Lange – After recital 2 – Am 53,62,536,41,0,0
189589,2026-03-26,A10-0069/2026,,A10-0069/2026 – Bernd Lange – After recital 2 – Am 54,104,456,67,0,0
189590,2026-03-26,A10-0069/2026,,A10-0069/2026 – Bernd Lange – After recital 2 – Am 55,142,427,55,0,0
189591,2026-03-26,A10-0069/2026,,A10-0069/2026 – Bernd Lange – After recital 3 – Am 56,132,434,73,0,0
189592,2026-03-26,A10-0069/2026,,A10-0069/2026 – Bernd Lange – After recital 4 – Am 57,158,401,75,0,0
189593,2026-03-26,A10-0069/2026,,A10-0069/2026 – Bernd Lange – After recital 4 – Am 58,117,414,101,0,0
189594,2026-03-26,A10-0069/2026,,A10-0069/2026 – Bernd Lange – After recital 9 – Am 59,117,414,97,0,0
189595,2026-03-26,A10-0069/2026,,A10-0069/2026 – Bernd Lange – After recital 9 – Am 60,118,422,88,0,0
189596,2026-03-26,A10-0070/2026,,A10-0070/2026 – Bernd Lange – Proposal for rejection – Am 17,159,458,23,0,0
189597,2026-03-26,A10-0048/2026,,A10-0048/2026 – Malik Azmani – Decision to enter into interinstitutional negotiations,389,206,32,0,0
189598,2026-03-26,B10-0178/2026,,B10-0178/2026 – Motion for a resolution,208,414,10,0,0
189599,2026-03-26,,,A9-0048/2024 – Raquel García Hermida-Van Der Walle – Proposal to vote on amendments,179,446,16,0,0
189600,2026-03-26,,,"Article 3, § 1 (corresponds to Article 20 in Amendment 221)",,,,0,0
189602,2026-03-26,,,"Article 4, § 1 (corresponds to Article 22, § 1 in Amendment 221)",,,,0,0
189603,2026-03-26,,,"Article 4, § 1 (corresponds to Article 22, § 1 in Amendment 221)",,,,0,0
189604,2026-03-26,,,"Article 4, § 1 (corresponds to Article 22, § 1 in Amendment 221)",,,,0,0
189606,2026-03-26,,,"Article 4, § 2 (corresponds to Article 22, § 2 in Amendment 221)",,,,0,0
189607,2026-03-26,,,"Article 4, § 2 (corresponds to Article 22, § 2 in Amendment 221)",,,,0,0
189608,2026-03-26,,,"Article 4, § 2 (corresponds to Article 22, § 2 in Amendment 221)",,,,0,0
189610,2026-03-26,,,Article 20 (corresponds to Article 18 in Amendment 221),,,,0,0
189611,2026-03-26,,,Article 20 (corresponds to Article 18 in Amendment 221),,,,0,0
189612,2026-03-26,,,Recital 15 (corresponds to recital 19 in Amendment 221),,,,0,0
189613,2026-03-26,,,Recital 26 (corresponds to recital 33 in Amendment 221),,,,0,0
189614,2026-03-26,,,Recital 26 (corresponds to recital 33 in Amendment 221),,,,0,0
189615,2026-03-26,,,Proposal for a decision,,,,0,0
189616,2026-03-26,,,Proposal for a decision,,,,0,0
189617,2026-03-26,,,Proposal for a decision,,,,0,0
189618,2026-03-26,,,Amendments by the committee responsible – put to the vote collectively,,,,0,0
189619,2026-03-26,A10-0073/2026,,"A10-0073/2026 – Arba Kokalari, Michael McNamara – Amendments by the committee responsible – separate vote – Am 11",471,161,2,0,0
189620,2026-03-26,A10-0073/2026,,"A10-0073/2026 – Arba Kokalari, Michael McNamara – Amendments by the committee responsible – separate vote – Am 81",548,74,13,0,0
189621,2026-03-26,A10-0073/2026,,"A10-0073/2026 – Arba Kokalari, Michael McNamara – Amendments by the committee responsible – separate vote – Am 82",541,81,15,0,0
189622,2026-03-26,A10-0073/2026,,"A10-0073/2026 – Arba Kokalari, Michael McNamara – Article 1 – § 1 – after point 2; Regulation (EU) 2024/1689 – Article 2 – § 8 – Am 90",162,406,57,0,0
189623,2026-03-26,A10-0073/2026,,"A10-0073/2026 – Arba Kokalari, Michael McNamara – Article 1 – § 1 – after point 2; Regulation (EU) 2024/1689 – Article 2 – after § 10 – Am 91",214,408,13,0,0
189624,2026-03-26,A10-0073/2026,,"A10-0073/2026 – Arba Kokalari, Michael McNamara – Article 1 – § 1 – after point 2; Regulation (EU) 2024/1689 – after Article 2 – Am 84",199,431,3,0,0
189625,2026-03-26,A10-0073/2026,,"A10-0073/2026 – Arba Kokalari, Michael McNamara – Article 1 – § 1 – after point 2; Regulation (EU) 2024/1689 – after Article 2 – Am 92",220,406,4,0,0
189626,2026-03-26,A10-0073/2026,,"A10-0073/2026 – Arba Kokalari, Michael McNamara – Article 1 – § 1 – point 5; Regulation (EU) 2024/1689; after Article 4 – § 1 – Am 31",544,75,20,0,0
189627,2026-03-26,A10-0073/2026,,"A10-0073/2026 – Arba Kokalari, Michael McNamara – Article 1 – § 1 – point 5; Regulation (EU) 2024/1689; after Article 4 – § 2 – Am 103",90,522,16,0,0
189628,2026-03-26,A10-0073/2026,,"A10-0073/2026 – Arba Kokalari, Michael McNamara – Article 1 – § 1 – point 5; Regulation (EU) 2024/1689; after Article 4 – § 2 – Am 32",518,97,7,0,0
189629,2026-03-26,A10-0073/2026,,"A10-0073/2026 – Arba Kokalari, Michael McNamara – Article 1 – § 1 – point 6; Regulation (EU) 2024/1689 – Article 6 – § 4 – Am 36D",444,176,12,0,0
189630,2026-03-26,,,Article 1 – § 1 – point 6; Regulation (EU) 2024/1689 – Article 6 – § 4,,,,0,0
189631,2026-03-26,A10-0073/2026,,"A10-0073/2026 – Arba Kokalari, Michael McNamara – Article 1 – § 1 – point 15; Regulation (EU) 2024/1689 – Article 50 – § 7 – Am 94",195,430,12,0,0
189633,2026-03-26,A10-0073/2026,,"A10-0073/2026 – Arba Kokalari, Michael McNamara – Article 1 – § 1 – point 21; Regulation (EU) 2024/1689 – Article 63 – § 1 – Am 87/1",206,427,8,0,0
189634,2026-03-26,A10-0073/2026,,"A10-0073/2026 – Arba Kokalari, Michael McNamara – Article 1 – § 1 – point 21; Regulation (EU) 2024/1689 – Article 63 – § 1 – Am 87/2",112,479,38,0,0
189635,2026-03-26,A10-0073/2026,,"A10-0073/2026 – Arba Kokalari, Michael McNamara – Article 1 – § 1 – point 21; Regulation (EU) 2024/1689 – Article 63 – § 1 – Am 95",216,412,12,0,0
189636,2026-03-26,A10-0073/2026,,"A10-0073/2026 – Arba Kokalari, Michael McNamara – Article 1 – § 1 – point 25; Regulation (EU) 2024/1689 – Article 75 – Am 88D",195,443,,0,0
189637,2026-03-26,A10-0073/2026,,"A10-0073/2026 – Arba Kokalari, Michael McNamara – Article 1 – § 1 – point 25; Regulation (EU) 2024/1689 – Article 75 – Am 96",189,443,6,0,0
189639,2026-03-26,,,Article 1 – § 1 – point 25; Regulation (EU) 2024/1689 – Article 75,,,,0,0
189640,2026-03-26,,,Article 1 – § 1 – point 25; Regulation (EU) 2024/1689 – Article 75,,,,0,0
189641,2026-03-26,,,Article 1 – § 1 – point 25; Regulation (EU) 2024/1689 – Article 75,,,,0,0
189642,2026-03-26,A10-0073/2026,,"A10-0073/2026 – Arba Kokalari, Michael McNamara – Article 1 – § 1 – point 25; Regulation (EU) 2024/1689 – Article 75 – Am 60/4",464,161,13,0,0
189645,2026-03-26,A10-0073/2026,,"A10-0073/2026 – Arba Kokalari, Michael McNamara – Article 1 – § 1 – point 25; Regulation (EU) 2024/1689 – Article 75 – Am 97",197,433,5,0,0
189646,2026-03-26,A10-0073/2026,,"A10-0073/2026 – Arba Kokalari, Michael McNamara – Article 1 – § 1 – after point 26; Regulation (EU) 2024/1689 – Article 78 – after § 6 – Am 98",199,436,2,0,0
189647,2026-03-26,A10-0073/2026,,"A10-0073/2026 – Arba Kokalari, Michael McNamara – Article 1 – § 1 – after point 26; Regulation (EU) 2024/1689 – after Article 80 – Am 99",203,426,4,0,0
189648,2026-03-26,A10-0073/2026,,"A10-0073/2026 – Arba Kokalari, Michael McNamara – Article 1 – § 1 – point 30 – point a; Regulation (EU) 2024/1689 – Article 111 – § 2 – Am 100",196,433,8,0,0
189649,2026-03-26,A10-0073/2026,,"A10-0073/2026 – Arba Kokalari, Michael McNamara – Article 1 – § 1 – point 30 – point a; Regulation (EU) 2024/1689 – Article 111 – § 2 – Am 105",76,542,15,0,0
189650,2026-03-26,A10-0073/2026,,"A10-0073/2026 – Arba Kokalari, Michael McNamara – Article 1 – § 1 – point 30 – point a; Regulation (EU) 2024/1689 – Article 111 – § 2 – after sub§ 2 – Am 108",195,433,9,0,0
189651,2026-03-26,A10-0073/2026,,"A10-0073/2026 – Arba Kokalari, Michael McNamara – Article 1 – § 1 – point 30 – point b; Regulation (EU) 2024/1689 – Article 111 – § 4 – Am 106D",67,540,33,0,0
189652,2026-03-26,A10-0073/2026,,"A10-0073/2026 – Arba Kokalari, Michael McNamara – Article 1 – § 1 – point 30 – point b; Regulation (EU) 2024/1689 – Article 111 – § 4 – Am 101",196,431,8,0,0
189653,2026-03-26,A10-0073/2026,,"A10-0073/2026 – Arba Kokalari, Michael McNamara – Article 1 – § 1 – point 31 – point a; Regulation (EU) 2024/1689 – Article 113 – § 3 – point d – Am 107",66,552,18,0,0
189654,2026-03-26,A10-0073/2026,,"A10-0073/2026 – Arba Kokalari, Michael McNamara – Article 1 – § 1 – point 31 – point a; Regulation (EU) 2024/1689 – Article 113 – § 3 – point d – Am 102",195,439,1,0,0
189655,2026-03-26,A10-0073/2026,,"A10-0073/2026 – Arba Kokalari, Michael McNamara – Article 1 – § 1 – point 31 – point a; Regulation (EU) 2024/1689 – Article 113 – § 3 – point d – Am 89",189,438,6,0,0
189875,2026-03-25,,,Wednesday’s agenda – Request by The Left Group – Australia,134,350,14,0,0
189876,2026-03-25,,,Wednesday’s agenda – Request by the PPE Group – Iran,426,77,14,0,0
189877,2026-03-25,,,Thursday's agenda – Request by the Verts/ALE Group – Request for withdrawal from voting time,163,344,14,0,0
189897,2026-03-26,,,Approval without vote,,,,0,0
189898,2026-03-26,,,Approval without vote,,,,0,0
189899,2026-03-26,,,Approval without vote,,,,0,0
189900,2026-03-26,,,Approval without vote,,,,0,0
189901,2026-03-26,A10-0069/2026,,A10-0069/2026 – Bernd Lange – Motion for adjournment of vote,185,437,16,0,0
189902,2026-03-26,A10-0070/2026,,A10-0070/2026 – Bernd Lange – Motion for adjournment of vote,174,450,16,0,0
189909,2026-04-28 13:02:32,A10-0064/2026,,– Sven Simon – Proposal for a decision,657,0,3,0,0
189914,2026-04-28 13:13:28,A10-0047/2026,,"– Evin Incir, Joanna Scheuring-Wielgus – Motion for a resolution (as a whole)",447,160,43,0,0
189916,2026-04-28 13:01:27,A10-0251/2025,,– Liesbet Sommen – Provisional agreement – Am 46,566,67,26,0,0
189917,2026-04-30,A10-0082/2026,,A10-0082/2026 – Lídia Pereira – Motion for a resolution,502,46,42,0,0
189918,2026-04-29,,,§ 8,,,,0,0
189919,2026-04-29 13:32:34,A10-0084/2026,,– Matthias Ecke – Motion for a resolution (as a whole),586,48,16,0,0
189922,2026-04-28 13:00:47,A10-0104/2025,,– Veronika Vrecionová – Provisional agreement – Am 317,558,35,52,0,0
189924,2026-04-28,,,Commission statements,,,,0,0
189927,2026-04-28,,,After recital A,,,,0,0
189928,2026-04-28 13:27:52,A10-0043/2026,,– Željana Zovko – Motion for a resolution (as a whole),430,107,115,0,0
189929,2026-04-29 13:30:39,A10-0068/2026,,– Johan Danielsson – Draft Council decision,631,6,10,0,0
189930,2026-04-29 13:29:55,A10-0072/2026,,– Jaroslav Bžoch – Draft Council decision,532,75,28,0,0
189936,2026-04-28,,,§ 7,,,,0,0
189937,2026-04-28,,,§ 8,,,,0,0
189939,2026-04-28,,,After § 10,,,,0,0
189940,2026-04-28,,,After § 10,,,,0,0
189943,2026-04-28,,,After § 12,,,,0,0
189944,2026-04-28,,,After § 12,,,,0,0
189945,2026-04-28,,,After § 12,,,,0,0
189950,2026-04-28,,,§ 22,,,,0,0
189951,2026-04-28,,,After § 22,,,,0,0
189954,2026-04-28,,,After § 26,,,,0,0
189956,2026-04-28,,,After § 26,,,,0,0
189957,2026-04-28,,,After § 26,,,,0,0
189958,2026-04-28,,,After § 26,,,,0,0
189959,2026-04-28,,,After § 26,,,,0,0
189961,2026-04-28,,,§ 27,,,,0,0
189962,2026-04-28,,,After § 30,,,,0,0
189963,2026-04-28,,,After § 30,,,,0,0
189977,2026-04-28,,,§ 41,,,,0,0
189978,2026-04-28,,,§ 42,,,,0,0
189979,2026-04-28,,,After § 44,,,,0,0
189982,2026-04-28,,,After § 46,,,,0,0
189989,2026-04-28,,,§ 56,,,,0,0
189990,2026-04-28,,,After § 59,,,,0,0
189991,2026-04-28,,,After § 65,,,,0,0
189995,2026-04-28,,,§ 84,,,,0,0
189996,2026-04-28,,,§ 87,,,,0,0
189997,2026-04-28,,,After § 90,,,,0,0
189998,2026-04-28,,,After § 90,,,,0,0
189999,2026-04-28,,,After § 90,,,,0,0
190002,2026-04-28,,,After § 106,,,,0,0
190004,2026-04-28,,,After § 109,,,,0,0
190005,2026-04-28,,,After § 116,,,,0,0
190013,2026-04-28,,,After § 121,,,,0,0
190014,2026-04-28,,,After § 121,,,,0,0
190015,2026-04-28,,,§ 125,,,,0,0
190017,2026-04-28,,,Recital B,,,,0,0
190019,2026-04-28,,,After recital D,,,,0,0
190020,2026-04-28,,,After recital D,,,,0,0
190021,2026-04-28,,,After recital D,,,,0,0
190024,2026-04-28,,,After recital T,,,,0,0
190025,2026-04-28,,,After recital T,,,,0,0
190026,2026-04-28 12:38:01,A10-0105/2026,,"– Siegfried Mureşan, Carla Tavares – Motion for a resolution (as a whole)",370,201,84,0,0
190027,2026-04-29 13:28:40,A10-0093/2026,,– Christophe Clergeau – Commission proposal and amendments,526,56,69,0,0
190028,2026-04-29,,,Request for referral back to committee,,,,0,0
190029,2026-04-28,,,After § 4,,,,0,0
190030,2026-04-28,,,After § 4,,,,0,0
190031,2026-04-28,,,§ 7,,,,0,0
190032,2026-04-28,,,§ 8,,,,0,0
190033,2026-04-28,,,§ 9,,,,0,0
190035,2026-04-28,,,§ 11,,,,0,0
190036,2026-04-28,,,§ 12,,,,0,0
190037,2026-04-28,,,§ 13,,,,0,0
190038,2026-04-28,,,§ 14,,,,0,0
190039,2026-04-28,,,§ 15,,,,0,0
190040,2026-04-28,,,§ 16,,,,0,0
190041,2026-04-28,,,§ 30,,,,0,0
190042,2026-04-28,,,§ 30,256,380,17,0,0
190043,2026-04-28,,,After § 30,,,,0,0
190044,2026-04-28,,,After § 30,,,,0,0
190046,2026-04-28,,,After § 54,,,,0,0
190047,2026-04-28,,,Recital A,,,,0,0
190048,2026-04-28,,,After recital D,,,,0,0
190049,2026-04-28,,,Recital N,,,,0,0
190050,2026-04-28,,,Recital N,,,,0,0
190051,2026-04-28 13:06:43,A10-0086/2026,,– Dick Erixon – Motion for a resolution (as a whole),377,254,31,0,0
190052,2026-04-28 13:32:06,A10-0078/2026,,– Daniel Attard – Motion for a resolution,439,42,129,0,0
190058,2026-04-28,,,Provisional agreement,,,,0,0
190060,2026-04-28,,,Text as a whole,,,,0,0
190061,2026-04-28,,,"Article 8, after § 1",,,,0,0
190062,2026-04-28,,,"Article 9, § 1, point b",,,,0,0
190063,2026-04-28,,,"Article 9, § 1, point d",,,,0,0
190064,2026-04-28,,,"Article 9, § 1, point d",,,,0,0
190065,2026-04-28,,,"Article 9, § 1, point e",,,,0,0
190066,2026-04-28,,,"Article 14, § 3",,,,0,0
190067,2026-04-28,,,"Article 15, § 1",,,,0,0
190074,2026-04-28,,,Recital 3,,,,0,0
190075,2026-04-28,,,Recital 5,,,,0,0
190076,2026-04-28,,,Recital 9 (corresponds to recital 10 in am 120),,,,0,0
190078,2026-04-28,,,Recital 11 (corresponds to recital 12 in am 120),,,,0,0
190080,2026-04-28,,,Recital 17 (corresponds to recital 21 in am 120),,,,0,0
190082,2026-04-28,,,Recital 24 (corresponds to recital 29 in am 120),,,,0,0
190084,2026-04-28,,,Recital 25 (corresponds to recital 30 in am 120),,,,0,0
190094,2026-04-28,,,Recital 36 (corresponds to recitals 47 and 49 in am 120),,,,0,0
190095,2026-04-28 13:00:10,A9-0147/2022,,Bernd Lange-Commission proposal,459,127,70,0,0
190096,2026-04-28 13:01:53,A10-0094/2026,,– Pierfrancesco Maran – Commission proposal,591,54,8,0,0
190097,2026-04-29 13:29:31,A10-0074/2026,,– Bernd Lange – Draft Council decision,601,13,34,0,0
190098,2026-04-29 13:30:16,A10-0071/2026,,– Jaroslav Bžoch – Draft Council decision,532,72,26,0,0
190100,2026-04-28,,,§ 2,,,,0,0
190102,2026-04-28,,,After § 2,,,,0,0
190104,2026-04-28,,,§ 3,,,,0,0
190107,2026-04-28,,,§ 12,,,,0,0
190108,2026-04-28,,,§ 14,,,,0,0
190109,2026-04-28,,,§ 20,,,,0,0
190110,2026-04-28,,,§ 23,,,,0,0
190119,2026-04-28,,,§ 29,,,,0,0
190121,2026-04-28,,,§ 32,,,,0,0
190122,2026-04-28,,,After § 32,,,,0,0
190128,2026-04-28,,,§ 33,,,,0,0
190129,2026-04-28,,,§ 40,,,,0,0
190131,2026-04-28,,,§ 41,,,,0,0
190133,2026-04-28,,,§ 47,,,,0,0
190134,2026-04-28,,,§ 53,,,,0,0
190136,2026-04-28,,,§ 53,,,,0,0
190139,2026-04-28,,,§ 55,,,,0,0
190141,2026-04-28,,,§ 58,,,,0,0
190142,2026-04-28,,,After § 61,,,,0,0
190143,2026-04-28,,,§ 68,,,,0,0
190144,2026-04-28,,,§ 70,,,,0,0
190152,2026-04-28,,,After citation 25,,,,0,0
190153,2026-04-28,,,After citation 25,,,,0,0
190156,2026-04-28,,,Recital E,,,,0,0
190157,2026-04-28,,,Recital G,,,,0,0
190158,2026-04-28,,,Recital H,,,,0,0
190159,2026-04-28,,,Recital O,,,,0,0
190160,2026-04-28,,,Recital Q,,,,0,0
190161,2026-04-28 13:25:28,A10-0080/2026,,– Julien Sanchez – Motion for a resolution (as a whole),231,389,33,0,0
190169,2026-04-28,,,§ 14,,,,0,0
190170,2026-04-28,,,§ 63,,,,0,0
190173,2026-04-28,,,Request for an urgent decision,,,,0,0
190177,2026-04-29,,,§ 28,,,,0,0
190180,2026-04-29,,,After § 51,,,,0,0
190181,2026-04-29,,,After § 53,,,,0,0
190182,2026-04-29,,,After § 54,,,,0,0
190183,2026-04-29 12:47:45,A10-0051/2026,,– Pasquale Tridico – Motion for a resolution (as a whole),432,160,65,0,0
190185,2026-04-30,A10-0079/2026,,A10-0079/2026 – Evelyn Regner – Motion for a resolution (as a whole),376,187,17,0,0
190186,2026-04-28 13:29:46,A10-0022/2026,,– Monika Hohlmeier – Motion for a resolution ,527,85,33,0,0
190192,2026-04-29,,,After § 55,,,,0,0
190193,2026-04-29,,,After § 60,,,,0,0
190196,2026-04-29 12:49:01,A10-0055/2026,,– Pasquale Tridico – Motion for a resolution (as a whole),526,79,47,0,0
190200,2026-04-29,,,After § 14,,,,0,0
190201,2026-04-29,,,§ 22,,,,0,0
190202,2026-04-29,,,After § 53,,,,0,0
190203,2026-04-29 12:57:32,A10-0059/2026,,– Pasquale Tridico – Motion for a resolution (as a whole),478,146,27,0,0
190204,2026-04-28 13:26:29,A10-0043/2026,,– Željana Zovko – § 5,447,74,16,0,0
190205,2026-04-28 13:26:44,A10-0043/2026,,– Željana Zovko – § 9,481,151,17,0,0
190206,2026-04-28 13:26:59,A10-0043/2026,,– Željana Zovko – § 17,484,140,15,0,0
190207,2026-04-28 13:27:14,A10-0043/2026,,– Željana Zovko – After § 35 – Am 1,615,14,19,0,0
190208,2026-04-28 13:27:28,A10-0043/2026,,– Željana Zovko – After § 35 – Am 2,351,85,205,0,0
190209,2026-04-28 13:14:11,A10-0080/2026,,– Julien Sanchez – After § 1 – Am 15,505,109,29,0,0
190211,2026-04-28 13:14:30,A10-0080/2026,,– Julien Sanchez – After § 2 – Am 4/1,452,166,23,0,0
190212,2026-04-28 13:14:42,A10-0080/2026,,– Julien Sanchez – After § 2 – Am 4/2,413,210,18,0,0
190213,2026-04-28 13:15:00,A10-0080/2026,,– Julien Sanchez – § 3 – Am 16,412,228,12,0,0
190215,2026-04-28,,,§ 3,,,,0,0
190216,2026-04-28,,,§ 3,276,348,29,0,0
190217,2026-04-28 13:15:47,A10-0080/2026,,– Julien Sanchez – After § 3 – Am 54,388,213,44,0,0
190219,2026-04-28,,,§ 20,,,,0,0
190220,2026-04-28,,,§ 20,,,,0,0
190221,2026-04-28 13:16:33,A10-0080/2026,,– Julien Sanchez – § 25 �� Am 5,234,385,28,0,0
190222,2026-04-28 13:16:46,A10-0080/2026,,– Julien Sanchez – § 25 – Am 17,439,181,21,0,0
190223,2026-04-28 13:16:57,A10-0080/2026,,– Julien Sanchez – After § 25 – Am 6,277,349,19,0,0
190224,2026-04-28 13:17:10,A10-0080/2026,,– Julien Sanchez – After § 25 – Am 7,412,217,18,0,0
190226,2026-04-28 13:17:22,A10-0080/2026,,– Julien Sanchez – After § 25 – Am 8/1,511,106,21,0,0
190227,2026-04-28 13:17:31,A10-0080/2026,,– Julien Sanchez – After § 25 – Am 8/2,416,206,15,0,0
190229,2026-04-28 13:17:44,A10-0080/2026,,– Julien Sanchez – After § 25 – Am 9/1,532,89,29,0,0
190230,2026-04-28 13:17:54,A10-0080/2026,,– Julien Sanchez – After § 25 – Am 9/2,434,204,9,0,0
190232,2026-04-28 13:18:06,A10-0080/2026,,– Julien Sanchez – After § 25 – Am 10/1,513,110,24,0,0
190233,2026-04-28 13:18:17,A10-0080/2026,,– Julien Sanchez – After § 25 – Am 10/2,426,205,8,0,0
190235,2026-04-28 13:18:31,A10-0080/2026,,– Julien Sanchez – After § 25 – Am 55/1,556,82,11,0,0
190236,2026-04-28 13:18:43,A10-0080/2026,,– Julien Sanchez – After § 25 – Am 55/2,275,331,11,0,0
190237,2026-04-28 13:19:02,A10-0080/2026,,– Julien Sanchez – After § 31 – Am 11,302,323,22,0,0
190238,2026-04-28 13:19:28,A10-0080/2026,,– Julien Sanchez – After § 32 – Am 12,451,179,18,0,0
190239,2026-04-28 13:19:41,A10-0080/2026,,– Julien Sanchez – After § 32 – Am 13,315,310,20,0,0
190240,2026-04-28,,,After § 32,,,,0,0
190241,2026-04-28 13:19:58,A10-0080/2026,,– Julien Sanchez – After § 32 – Am 14,527,99,24,0,0
190242,2026-04-28 13:20:12,A10-0080/2026,,– Julien Sanchez – After § 32 – Am 60,399,232,13,0,0
190243,2026-04-28 13:20:34,A10-0080/2026,,– Julien Sanchez – After § 40 – Am 64,614,22,15,0,0
190245,2026-04-28,,,After § 43,,,,0,0
190246,2026-04-28,,,After § 43,,,,0,0
190247,2026-04-28 13:21:13,A10-0080/2026,,– Julien Sanchez – § 53 – Am 18,272,357,16,0,0
190249,2026-04-28,,,§ 54,,,,0,0
190250,2026-04-28,,,§ 54,,,,0,0
190252,2026-04-28,,,§ 54,,,,0,0
190253,2026-04-28,,,§ 54,,,,0,0
190254,2026-04-28,,,§ 55,,,,0,0
190256,2026-04-28 13:22:29,A10-0080/2026,,– Julien Sanchez – § 71 – Am 21/1,541,36,74,0,0
190257,2026-04-28 13:22:39,A10-0080/2026,,– Julien Sanchez – § 71 – Am 21/2,302,238,91,0,0
190258,2026-04-28 13:22:50,A10-0080/2026,,– Julien Sanchez – § 73 – Am 22,468,85,75,0,0
190259,2026-04-28 13:23:00,A10-0080/2026,,– Julien Sanchez – § 74 – Am 28,114,501,27,0,0
190260,2026-04-28 13:23:13,A10-0080/2026,,– Julien Sanchez – § 74 – Am 23,483,111,50,0,0
190261,2026-04-28 13:23:24,A10-0080/2026,,– Julien Sanchez – § 76 – Am 29,134,480,19,0,0
190262,2026-04-28 13:23:37,A10-0080/2026,,– Julien Sanchez – § 77 – Am 24,485,77,66,0,0
190263,2026-04-28 13:23:49,A10-0080/2026,,– Julien Sanchez – After citation 21 – Am 1= 25=,301,335,12,0,0
190265,2026-04-28 13:24:14,A10-0080/2026,,– Julien Sanchez – After Recital B – Am 2/1,527,97,18,0,0
190266,2026-04-28 13:24:24,A10-0080/2026,,– Julien Sanchez – After Recital B – Am 2/2,427,201,11,0,0
190268,2026-04-28 13:24:35,A10-0080/2026,,– Julien Sanchez – After Recital B – Am 3/1,453,171,13,0,0
190269,2026-04-28 13:24:44,A10-0080/2026,,– Julien Sanchez – After Recital B – Am 3/2,409,199,20,0,0
190271,2026-04-28,,,Recital Q,,,,0,0
190272,2026-04-28,,,Recital Q,,,,0,0
190274,2026-04-28,,,§ 7,,,,0,0
190275,2026-04-28,,,§ 7,,,,0,0
190277,2026-04-28,,,§ 8,,,,0,0
190278,2026-04-28,,,§ 8,,,,0,0
190280,2026-04-28,,,§ 30,,,,0,0
190281,2026-04-28,,,§ 30,348,289,9,0,0
190283,2026-04-28,,,§ 31,,,,0,0
190284,2026-04-28,,,§ 31,,,,0,0
190288,2026-04-29,,,After § 16,,,,0,0
190289,2026-04-29,,,After § 57,205,438,3,0,0
190292,2026-04-29 12:58:19,A10-0056/2026,,– Pasquale Tridico – Motion for a resolution (as a whole),567,70,13,0,0
190293,2026-04-28 13:07:13,A10-0047/2026,,"– Evin Incir, Joanna Scheuring-Wielgus – Alternative motion for a resolution – Am 1",180,455,18,0,0
190294,2026-04-28 13:07:25,A10-0047/2026,,"– Evin Incir, Joanna Scheuring-Wielgus – Alternative motion for a resolution – Am 2",179,457,17,0,0
190296,2026-04-28 13:07:41,A10-0047/2026,,"– Evin Incir, Joanna Scheuring-Wielgus – § 4/1",492,126,34,0,0
190297,2026-04-28 13:07:52,A10-0047/2026,,"– Evin Incir, Joanna Scheuring-Wielgus – § 4/2",394,227,27,0,0
190298,2026-04-28 13:08:04,A10-0047/2026,,"– Evin Incir, Joanna Scheuring-Wielgus – After § 7 – Am 3",223,343,86,0,0
190300,2026-04-28 13:08:20,A10-0047/2026,,"– Evin Incir, Joanna Scheuring-Wielgus – § 12/1",578,37,36,0,0
190301,2026-04-28 13:08:30,A10-0047/2026,,"– Evin Incir, Joanna Scheuring-Wielgus – § 12/2",496,94,55,0,0
190302,2026-04-28 13:08:41,A10-0047/2026,,"– Evin Incir, Joanna Scheuring-Wielgus – § 12/3",491,83,63,0,0
190303,2026-04-28 13:08:52,A10-0047/2026,,"– Evin Incir, Joanna Scheuring-Wielgus – § 16 – Am 5",378,213,59,0,0
190305,2026-04-28 13:09:06,A10-0047/2026,,"– Evin Incir, Joanna Scheuring-Wielgus – § 19/1",504,116,33,0,0
190306,2026-04-28 13:09:18,A10-0047/2026,,"– Evin Incir, Joanna Scheuring-Wielgus – § 19/2",369,240,40,0,0
190308,2026-04-28 13:09:32,A10-0047/2026,,"– Evin Incir, Joanna Scheuring-Wielgus – § 20/1",431,184,39,0,0
190309,2026-04-28 13:09:42,A10-0047/2026,,"– Evin Incir, Joanna Scheuring-Wielgus – § 20/2",335,281,24,0,0
190310,2026-04-28 13:09:52,A10-0047/2026,,"– Evin Incir, Joanna Scheuring-Wielgus – § 21 – Am 6",312,321,16,0,0
190312,2026-04-28 13:10:06,A10-0047/2026,,"– Evin Incir, Joanna Scheuring-Wielgus – § 21/1",444,152,54,0,0
190313,2026-04-28 13:10:17,A10-0047/2026,,"– Evin Incir, Joanna Scheuring-Wielgus – § 21/2",359,218,62,0,0
190315,2026-04-28 13:10:31,A10-0047/2026,,"– Evin Incir, Joanna Scheuring-Wielgus – § 25/1",518,36,100,0,0
190316,2026-04-28 13:10:41,A10-0047/2026,,"– Evin Incir, Joanna Scheuring-Wielgus – § 25/2",361,218,60,0,0
190318,2026-04-28 13:10:55,A10-0047/2026,,"– Evin Incir, Joanna Scheuring-Wielgus – § 28/1",491,111,51,0,0
190319,2026-04-28 13:11:05,A10-0047/2026,,"– Evin Incir, Joanna Scheuring-Wielgus – § 28/2",459,134,46,0,0
190320,2026-04-28 13:11:21,A10-0047/2026,,"– Evin Incir, Joanna Scheuring-Wielgus – Visa 16",347,257,43,0,0
190322,2026-04-28 13:11:36,A10-0047/2026,,"– Evin Incir, Joanna Scheuring-Wielgus – Recital AC/1",475,109,68,0,0
190323,2026-04-28 13:11:46,A10-0047/2026,,"– Evin Incir, Joanna Scheuring-Wielgus – Recital AC/2",325,269,49,0,0
190325,2026-04-28 13:12:00,A10-0047/2026,,"– Evin Incir, Joanna Scheuring-Wielgus – Recital AJ/1",468,129,55,0,0
190326,2026-04-28 13:12:10,A10-0047/2026,,"– Evin Incir, Joanna Scheuring-Wielgus – Recital AJ/2",394,217,29,0,0
190328,2026-04-28 13:12:25,A10-0047/2026,,"– Evin Incir, Joanna Scheuring-Wielgus – Recital AL/1",571,33,48,0,0
190329,2026-04-28 13:12:37,A10-0047/2026,,"– Evin Incir, Joanna Scheuring-Wielgus – Recital AL/2",482,83,77,0,0
190330,2026-04-28 13:12:48,A10-0047/2026,,"– Evin Incir, Joanna Scheuring-Wielgus – After Recital AL – Am 4",316,298,33,0,0
190332,2026-04-28 13:13:02,A10-0047/2026,,"– Evin Incir, Joanna Scheuring-Wielgus – Recital AP/1",497,108,46,0,0
190333,2026-04-28 13:13:14,A10-0047/2026,,"– Evin Incir, Joanna Scheuring-Wielgus – Recital AP/2",336,266,32,0,0
190337,2026-04-29,,,After § 62,,,,0,0
190339,2026-04-29 13:00:27,A10-0050/2026,,– Pasquale Tridico – Motion for a resolution (as a whole),454,161,29,0,0
190343,2026-04-29 12:58:40,A10-0054/2026,,– Pasquale Tridico – Motion for a resolution (as a whole),593,14,45,0,0
190345,2026-04-29,,,Proposals for decisions,,,,0,0
190347,2026-04-29,,,Proposals for decisions,,,,0,0
190349,2026-04-29,,,Proposals for decisions,,,,0,0
190351,2026-04-29,,,Proposals for decisions,,,,0,0
190353,2026-04-29,,,Proposals for decisions,,,,0,0
190355,2026-04-29,,,Proposals for decisions,,,,0,0
190357,2026-04-29,,,Proposals for decisions,,,,0,0
190359,2026-04-29,,,Proposals for decisions,,,,0,0
190361,2026-04-29,,,Proposals for decisions,,,,0,0
190363,2026-04-29,,,Proposals for decisions,,,,0,0
190365,2026-04-29,,,Proposals for decisions,,,,0,0
190367,2026-04-29,,,Proposals for decisions,,,,0,0
190369,2026-04-29 13:13:46,A10-0046/2026,,– Csaba Molnár – Motion for a resolution ,525,104,16,0,0
190374,2026-04-29,,,§ 20,,,,0,0
190375,2026-04-29,,,After § 61,,,,0,0
190376,2026-04-29,,,§ 76,282,358,8,0,0
190377,2026-04-29,,,§ 76,221,264,161,0,0
190378,2026-04-29,,,§ 77,,,,0,0
190379,2026-04-29,,,§ 77,255,379,13,0,0
190380,2026-04-29 12:52:12,A10-0052/2026,,– Pasquale Tridico – Motion for a resolution (as a whole),343,160,150,0,0
190384,2026-04-29,,,§ 10,,,,0,0
190385,2026-04-29,,,§ 25,,,,0,0
190386,2026-04-29,,,After § 26,342,209,95,0,0
190390,2026-04-29,,,§ 29,,,,0,0
190391,2026-04-29,,,§ 30,,,,0,0
190393,2026-04-29,,,After § 35,,,,0,0
190394,2026-04-29,,,§ 65,411,163,73,0,0
190395,2026-04-29,,,§ 71,,,,0,0
190396,2026-04-29 12:56:52,A10-0053/2026,,– Pasquale Tridico – Motion for a resolution (as a whole),429,145,76,0,0
190401,2026-04-29,,,After § 23,,,,0,0
190402,2026-04-29 12:59:21,A10-0057/2026,,– Pasquale Tridico – Motion for a resolution (as a whole),528,59,62,0,0
190403,2026-04-28 12:54:24,A9-0147/2022,,Bernd Lange-Proposal for rejection-Am 131,39,600,16,0,0
190404,2026-04-28 12:54:44,A9-0147/2022,,Bernd Lange-Proposal to vote on amendments,412,225,13,0,0
190406,2026-04-28 12:56:33,A9-0147/2022,,"Bernd Lange-Article 19, After § 1 (corresponds to Article 22 in am 120)-Am 124",95,551,9,0,0
190408,2026-04-28 12:57:00,A9-0147/2022,,Bernd Lange-After Article 29 (corresponds to Article 34 in am 120)-Am 130,188,437,21,0,0
190409,2026-04-28 12:57:13,A9-0147/2022,,Bernd Lange-After Article 29 (corresponds to Article 34 in am 120)-Am 127,169,441,37,0,0
190410,2026-04-28 12:57:28,A9-0147/2022,,Bernd Lange-After Article 29 (corresponds to Article 34 in am 120)-Am 125= 129=,251,334,48,0,0
190418,2026-04-28 12:59:12,A9-0147/2022,,Bernd Lange-After Recital 27-Am 139,171,465,10,0,0
190420,2026-04-28,,,Recital 28 (corresponds to recital 39 in am 120),,,,0,0
190421,2026-04-28,,,Recital 28 (corresponds to recital 39 in am 120),,,,0,0
190423,2026-04-28 12:13:07,A10-0105/2026,,"– Siegfried Mureşan, Carla Tavares – § 2 – Am 50",122,474,53,0,0
190425,2026-04-28,,,§ 2,,,,0,0
190426,2026-04-28,,,§ 2,,,,0,0
190427,2026-04-28 12:13:41,A10-0105/2026,,"– Siegfried Mureşan, Carla Tavares – After § 2 – Am 3",56,558,35,0,0
190428,2026-04-28 12:13:53,A10-0105/2026,,"– Siegfried Mureşan, Carla Tavares – After § 2 – Am 4",61,548,41,0,0
190429,2026-04-28 12:14:05,A10-0105/2026,,"– Siegfried Mureşan, Carla Tavares – § 4 – Am 5",106,440,107,0,0
190431,2026-04-28 12:14:20,A10-0105/2026,,"– Siegfried Mureşan, Carla Tavares – § 4/1",569,70,17,0,0
190432,2026-04-28 12:14:32,A10-0105/2026,,"– Siegfried Mureşan, Carla Tavares – § 4/2",515,93,41,0,0
190433,2026-04-28 12:14:43,A10-0105/2026,,"– Siegfried Mureşan, Carla Tavares – § 4/3",439,198,15,0,0
190434,2026-04-28 12:14:55,A10-0105/2026,,"– Siegfried Mureşan, Carla Tavares – § 5 – Am 6",77,455,121,0,0
190436,2026-04-28 12:15:15,A10-0105/2026,,"– Siegfried Mureşan, Carla Tavares – § 5/1",481,132,38,0,0
190437,2026-04-28 12:15:27,A10-0105/2026,,"– Siegfried Mureşan, Carla Tavares – § 5/2",445,166,42,0,0
190438,2026-04-28,,,§ 8,,,,0,0
190439,2026-04-28 12:16:04,A10-0105/2026,,"– Siegfried Mureşan, Carla Tavares – § 10 – Am 8",128,462,64,0,0
190440,2026-04-28 12:16:30,A10-0105/2026,,"– Siegfried Mureşan, Carla Tavares – After § 11 – Am 85",168,434,50,0,0
190441,2026-04-28 12:16:42,A10-0105/2026,,"– Siegfried Mureşan, Carla Tavares – § 12 – Am 10",92,508,51,0,0
190442,2026-04-28,,,§ 12,,,,0,0
190443,2026-04-28 12:17:22,A10-0105/2026,,"– Siegfried Mureşan, Carla Tavares – After § 12 – Am 86",57,523,78,0,0
190444,2026-04-28 12:17:35,A10-0105/2026,,"– Siegfried Mureşan, Carla Tavares – § 13",346,281,25,0,0
190445,2026-04-28 12:17:50,A10-0105/2026,,"– Siegfried Mureşan, Carla Tavares – After § 13 – Am 51",195,439,16,0,0
190446,2026-04-28,,,§ 16,,,,0,0
190447,2026-04-28,,,§ 17,,,,0,0
190448,2026-04-28 12:18:21,A10-0105/2026,,"– Siegfried Mureşan, Carla Tavares – After § 21 – Am 87",62,513,82,0,0
190449,2026-04-28 12:18:33,A10-0105/2026,,"– Siegfried Mureşan, Carla Tavares – After § 21 – Am 88",230,408,16,0,0
190451,2026-04-28,,,§ 22,,,,0,0
190452,2026-04-28,,,§ 22,,,,0,0
190453,2026-04-28,,,§ 22,,,,0,0
190454,2026-04-28,,,§ 22,,,,0,0
190455,2026-04-28,,,§ 25,,,,0,0
190456,2026-04-28 12:19:35,A10-0105/2026,,"– Siegfried Mureşan, Carla Tavares – § 26 – Am 12",77,503,75,0,0
190457,2026-04-28 12:19:47,A10-0105/2026,,"– Siegfried Mureşan, Carla Tavares – § 26 – Am 13",131,397,120,0,0
190459,2026-04-28 12:20:02,A10-0105/2026,,"– Siegfried Mureşan, Carla Tavares – § 26/1",561,77,12,0,0
190460,2026-04-28 12:20:14,A10-0105/2026,,"– Siegfried Mureşan, Carla Tavares – § 26/2",455,125,73,0,0
190461,2026-04-28 12:20:32,A10-0105/2026,,"– Siegfried Mureşan, Carla Tavares – After § 26 – Am 15",254,359,44,0,0
190462,2026-04-28 12:21:11,A10-0105/2026,,"– Siegfried Mureşan, Carla Tavares – After § 26 – Am 67",189,436,23,0,0
190463,2026-04-28 12:21:31,A10-0105/2026,,"– Siegfried Mureşan, Carla Tavares – § 28",547,63,44,0,0
190464,2026-04-28 12:21:44,A10-0105/2026,,"– Siegfried Mureşan, Carla Tavares – § 29",562,82,12,0,0
190465,2026-04-28,,,§ 31,,,,0,0
190466,2026-04-28 12:22:16,A10-0105/2026,,"– Siegfried Mureşan, Carla Tavares – § 36",545,59,54,0,0
190467,2026-04-28 12:22:28,A10-0105/2026,,"– Siegfried Mureşan, Carla Tavares – After § 36 – Am 17",85,469,105,0,0
190468,2026-04-28 12:22:41,A10-0105/2026,,"– Siegfried Mureşan, Carla Tavares – After § 36 – Am 70",99,475,81,0,0
190469,2026-04-28 12:22:54,A10-0105/2026,,"– Siegfried Mureşan, Carla Tavares – After § 37 – Am 18",103,470,83,0,0
190470,2026-04-28 12:23:05,A10-0105/2026,,"– Siegfried Mureşan, Carla Tavares – § 38 – Am 19",78,538,38,0,0
190471,2026-04-28 12:23:16,A10-0105/2026,,"– Siegfried Mureşan, Carla Tavares – After § 38 – Am 20",89,467,99,0,0
190472,2026-04-28 12:23:27,A10-0105/2026,,"– Siegfried Mureşan, Carla Tavares – After § 38 – Am 89",95,523,33,0,0
190473,2026-04-28 12:23:41,A10-0105/2026,,"– Siegfried Mureşan, Carla Tavares – § 39 – Am 21",75,526,49,0,0
190475,2026-04-28 12:23:56,A10-0105/2026,,"– Siegfried Mureşan, Carla Tavares – § 39/1",587,53,11,0,0
190476,2026-04-28 12:24:07,A10-0105/2026,,"– Siegfried Mureşan, Carla Tavares – § 39/2",421,165,59,0,0
190477,2026-04-28 12:24:17,A10-0105/2026,,"– Siegfried Mureşan, Carla Tavares – § 39/3",453,141,49,0,0
190478,2026-04-28 12:24:27,A10-0105/2026,,"– Siegfried Mureşan, Carla Tavares – § 39/4",453,138,53,0,0
190479,2026-04-28 12:24:36,A10-0105/2026,,"– Siegfried Mureşan, Carla Tavares – § 39/5",425,162,51,0,0
190480,2026-04-28 12:24:48,A10-0105/2026,,"– Siegfried Mureşan, Carla Tavares – After § 39 – Am 71",224,430,2,0,0
190481,2026-04-28 12:25:00,A10-0105/2026,,"– Siegfried Mureşan, Carla Tavares – After § 39 – Am 72",186,446,17,0,0
190482,2026-04-28 12:25:11,A10-0105/2026,,"– Siegfried Mureşan, Carla Tavares – After § 39 – Am 90",98,528,28,0,0
190483,2026-04-28 12:25:23,A10-0105/2026,,"– Siegfried Mureşan, Carla Tavares – After § 40 – Am 91",95,495,60,0,0
190484,2026-04-28 12:25:33,A10-0105/2026,,"– Siegfried Mureşan, Carla Tavares – After § 40 – Am 92",72,506,69,0,0
190485,2026-04-28 12:25:43,A10-0105/2026,,"– Siegfried Mureşan, Carla Tavares – After § 40 – Am 93",63,522,67,0,0
190486,2026-04-28 12:26:13,A10-0105/2026,,"– Siegfried Mureşan, Carla Tavares – § 45 – Am 25",87,451,114,0,0
190487,2026-04-28 12:26:25,A10-0105/2026,,"– Siegfried Mureşan, Carla Tavares – § 46 – Am 26S",88,543,19,0,0
190488,2026-04-28 12:26:43,A10-0105/2026,,"– Siegfried Mureşan, Carla Tavares – § 47 – Am 28",148,436,66,0,0
190489,2026-04-28 12:26:55,A10-0105/2026,,"– Siegfried Mureşan, Carla Tavares – After § 47 – Am 29",123,465,60,0,0
190490,2026-04-28 12:27:06,A10-0105/2026,,"– Siegfried Mureşan, Carla Tavares – § 48 – Am 30",63,532,61,0,0
190491,2026-04-28 12:27:18,A10-0105/2026,,"– Siegfried Mureşan, Carla Tavares – After § 48 – Am 31",73,519,63,0,0
190492,2026-04-28 12:27:31,A10-0105/2026,,"– Siegfried Mureşan, Carla Tavares – § 50 – Am 32",92,453,112,0,0
190493,2026-04-28 12:27:45,A10-0105/2026,,"– Siegfried Mureşan, Carla Tavares – § 51",436,154,68,0,0
190494,2026-04-28 12:27:58,A10-0105/2026,,"– Siegfried Mureşan, Carla Tavares – § 54",425,181,51,0,0
190495,2026-04-28 12:28:10,A10-0105/2026,,"– Siegfried Mureşan, Carla Tavares – § 55 – Am 33",75,566,11,0,0
190496,2026-04-28,,,§ 56,,,,0,0
190497,2026-04-28,,,§ 62,,,,0,0
190498,2026-04-28 12:28:56,A10-0105/2026,,"– Siegfried Mureşan, Carla Tavares – After § 65 – Am 75",133,452,66,0,0
190499,2026-04-28 12:29:08,A10-0105/2026,,"– Siegfried Mureşan, Carla Tavares – § 71 – Am 34",130,495,28,0,0
190500,2026-04-28,,,§ 79,,,,0,0
190501,2026-04-28 12:29:26,A10-0105/2026,,"– Siegfried Mureşan, Carla Tavares – § 80 – Am 52",124,489,43,0,0
190503,2026-04-28 12:29:52,A10-0105/2026,,"– Siegfried Mureşan, Carla Tavares – § 89/1",595,17,45,0,0
190504,2026-04-28 12:30:03,A10-0105/2026,,"– Siegfried Mureşan, Carla Tavares – § 89/2",483,107,66,0,0
190505,2026-04-28,,,§ 90,,,,0,0
190506,2026-04-28 12:30:38,A10-0105/2026,,"– Siegfried Mureşan, Carla Tavares – § 91 – Am 37",73,492,91,0,0
190507,2026-04-28 12:30:53,A10-0105/2026,,"– Siegfried Mureşan, Carla Tavares – § 100 – Am 38",177,416,61,0,0
190508,2026-04-28 12:31:06,A10-0105/2026,,"– Siegfried Mureşan, Carla Tavares – § 105",451,196,9,0,0
190509,2026-04-28 12:31:17,A10-0105/2026,,"– Siegfried Mureşan, Carla Tavares – § 106",443,196,14,0,0
190510,2026-04-28 12:31:34,A10-0105/2026,,"– Siegfried Mureşan, Carla Tavares – § 107",458,191,11,0,0
190511,2026-04-28 12:31:46,A10-0105/2026,,"– Siegfried Mureşan, Carla Tavares – After § 107 – Am 79",193,454,7,0,0
190512,2026-04-28 12:31:59,A10-0105/2026,,"– Siegfried Mureşan, Carla Tavares – § 108",490,125,43,0,0
190514,2026-04-28 12:32:12,A10-0105/2026,,"– Siegfried Mureşan, Carla Tavares – § 109/1",532,87,32,0,0
190515,2026-04-28 12:32:23,A10-0105/2026,,"– Siegfried Mureşan, Carla Tavares – § 109/2",449,194,9,0,0
190516,2026-04-28 12:32:39,A10-0105/2026,,"– Siegfried Mureşan, Carla Tavares – § 115",381,242,28,0,0
190517,2026-04-28 12:32:51,A10-0105/2026,,"– Siegfried Mureşan, Carla Tavares – § 116",377,260,15,0,0
190518,2026-04-28 12:33:11,A10-0105/2026,,"– Siegfried Mureşan, Carla Tavares – § 117",383,256,12,0,0
190519,2026-04-28 12:33:24,A10-0105/2026,,"– Siegfried Mureşan, Carla Tavares – § 120",376,264,10,0,0
190520,2026-04-28 12:33:35,A10-0105/2026,,"– Siegfried Mureşan, Carla Tavares – After § 120 – Am 39",103,499,50,0,0
190521,2026-04-28 12:33:48,A10-0105/2026,,"– Siegfried Mureşan, Carla Tavares – After § 121 – Am 40",98,508,48,0,0
190522,2026-04-28 12:34:00,A10-0105/2026,,"– Siegfried Mureşan, Carla Tavares – After § 121 – Am 41",72,533,47,0,0
190523,2026-04-28 12:34:11,A10-0105/2026,,"– Siegfried Mureşan, Carla Tavares – After § 121 – Am 42",80,529,42,0,0
190524,2026-04-28 12:34:22,A10-0105/2026,,"– Siegfried Mureşan, Carla Tavares – After § 121 – Am 43",69,546,39,0,0
190525,2026-04-28 12:34:33,A10-0105/2026,,"– Siegfried Mureşan, Carla Tavares – After § 121 – Am 44",82,527,44,0,0
190526,2026-04-28 12:34:43,A10-0105/2026,,"– Siegfried Mureşan, Carla Tavares – After § 121 – Am 45",55,548,49,0,0
190527,2026-04-28 12:35:07,A10-0105/2026,,"– Siegfried Mureşan, Carla Tavares – § 122",369,262,23,0,0
190528,2026-04-28 12:35:18,A10-0105/2026,,"– Siegfried Mureşan, Carla Tavares – § 123",373,248,25,0,0
190529,2026-04-28 12:35:31,A10-0105/2026,,"– Siegfried Mureşan, Carla Tavares – § 124",359,256,37,0,0
190530,2026-04-28 12:35:47,A10-0105/2026,,"– Siegfried Mureşan, Carla Tavares – § 125",387,218,42,0,0
190531,2026-04-28 12:35:59,A10-0105/2026,,"– Siegfried Mureşan, Carla Tavares – § 126",366,233,57,0,0
190532,2026-04-28 12:36:12,A10-0105/2026,,"– Siegfried Mureşan, Carla Tavares – Recital A – Am 48",210,437,5,0,0
190533,2026-04-28 12:36:28,A10-0105/2026,,"– Siegfried Mureşan, Carla Tavares – Recital C – Am 49",144,442,67,0,0
190534,2026-04-28,,,Recital C,,,,0,0
190535,2026-04-28,,,Recital J,,,,0,0
190536,2026-04-28 12:37:13,A10-0105/2026,,"– Siegfried Mureşan, Carla Tavares – After Recital O – Am 1",89,421,151,0,0
190537,2026-04-28,,,Recital P,,,,0,0
190538,2026-04-28 12:37:32,A10-0105/2026,,"– Siegfried Mureşan, Carla Tavares – After Recital P – Am 2",115,427,116,0,0
190539,2026-04-28,,,Proposal for a decision,,,,0,0
190540,2026-04-28,,,Proposal for a decision,,,,0,0
190541,2026-04-28,,,Proposal for a decision,444,194,8,0,0
190542,2026-04-28,,,Proposal for a decision,,,,0,0
190543,2026-04-28,,,Proposal for a decision,484,150,7,0,0
190564,2026-04-29 13:58:28,A10-0091/2026,,– Konstantinos Arvanitis – Motion for a resolution (as a whole),387,191,46,0,0
190565,2026-04-29,,,After § 1,,,,0,0
190566,2026-04-29,,,§ 2,,,,0,0
190567,2026-04-29,,,§ 2,,,,0,0
190568,2026-04-29,,,After § 2,,,,0,0
190569,2026-04-29,,,After § 2,,,,0,0
190570,2026-04-29,,,After § 2,,,,0,0
190571,2026-04-29,,,§ 3,,,,0,0
190573,2026-04-29,,,After § 9,,,,0,0
190577,2026-04-29,,,§ 18,,,,0,0
190579,2026-04-29,,,After § 20,,,,0,0
190580,2026-04-29,,,§ 21,,,,0,0
190582,2026-04-29,,,§ 23,,,,0,0
190583,2026-04-29,,,§ 23,,,,0,0
190585,2026-04-29,,,§ 36,,,,0,0
190587,2026-04-29,,,§ 36,,,,0,0
190590,2026-04-29,,,§ 47,,,,0,0
190593,2026-04-29,,,After recital F,,,,0,0
190594,2026-04-29 14:02:10,A10-0037/2026,,– Dainius Žalimas – Motion for a resolution (as a whole),416,190,15,0,0
190599,2026-04-29,,,§ 6,,,,0,0
190601,2026-04-29,,,§ 10,,,,0,0
190604,2026-04-29,,,§ 19,,,,0,0
190605,2026-04-29,,,After § 23,,,,0,0
190607,2026-04-29,,,§ 30,,,,0,0
190609,2026-04-29,,,§ 34,,,,0,0
190610,2026-04-29,,,After § 39,,,,0,0
190611,2026-04-29,,,After § 39,,,,0,0
190614,2026-04-29,,,§ 44,296,292,66,0,0
190617,2026-04-29,,,After § 54,,,,0,0
190620,2026-04-29,,,§ 59,,,,0,0
190621,2026-04-29,,,After § 67,330,293,26,0,0
190622,2026-04-29,,,After § 67,,,,0,0
190623,2026-04-29,,,After § 71,,,,0,0
190624,2026-04-29,,,After § 72,,,,0,0
190625,2026-04-29,,,§ 73,,,,0,0
190626,2026-04-29,,,§ 73,,,,0,0
190628,2026-04-29,,,After § 77,,,,0,0
190630,2026-04-29,,,After § 80,,,,0,0
190631,2026-04-29,,,After § 80,,,,0,0
190634,2026-04-29,,,After § 85,,,,0,0
190635,2026-04-29,,,After § 86,,,,0,0
190636,2026-04-29,,,After § 87,,,,0,0
190637,2026-04-29,,,§ 94,,,,0,0
190639,2026-04-29,,,After § 103,234,335,62,0,0
190640,2026-04-29,,,§ 105,,,,0,0
190641,2026-04-29,,,After § 105,,,,0,0
190642,2026-04-29,,,After § 106,,,,0,0
190643,2026-04-29,,,§ 118,339,291,19,0,0
190644,2026-04-29,,,After § 121,388,214,48,0,0
190647,2026-04-29,,,§ 133,,,,0,0
190649,2026-04-29,,,§ 138,,,,0,0
190650,2026-04-29,,,§ 140,,,,0,0
190651,2026-04-29,,,After § 140,,,,0,0
190653,2026-04-29,,,After § 147,287,329,32,0,0
190655,2026-04-29,,,After § 149,,,,0,0
190656,2026-04-29 12:44:54,A10-0081/2026,,– Gerben-Jan Gerbrandy – Motion for a resolution (as a whole),441,131,81,0,0
190657,2026-04-30,,,§ 71,,,,0,0
190658,2026-04-30,A10-0058/2026,,A10-0058/2026 – Elżbieta Katarzyna Łukacijewska – Motion for a resolution (as a whole),404,102,67,0,0
190667,2026-04-30,,,After § 107,,,,0,0
190668,2026-04-30,A10-0088/2026,,A10-0088/2026 – Carlo Fidanza – Motion for a resolution (as a whole),426,119,40,0,0
190670,2026-04-29,,,Proposals for decisions,389,255,3,0,0
190672,2026-04-29,,,After § 2,,,,0,0
190673,2026-04-29,,,After § 2,,,,0,0
190676,2026-04-29,,,§ 7,,,,0,0
190682,2026-04-29,,,§ 13,,,,0,0
190685,2026-04-29,,,After § 13,,,,0,0
190686,2026-04-29,,,After § 13,,,,0,0
190696,2026-04-29,,,§ 30,,,,0,0
190703,2026-04-29,,,"§ 120, point vii",,,,0,0
190705,2026-04-29,,,§ 157,,,,0,0
190706,2026-04-29,,,After § 157,,,,0,0
190707,2026-04-29,,,§ 158,,,,0,0
190709,2026-04-29,,,"§ 160, point xvi",,,,0,0
190710,2026-04-29,,,§ 170,,,,0,0
190714,2026-04-29,,,"§ 177, point iii",,,,0,0
190715,2026-04-29,,,§ 200,,,,0,0
190716,2026-04-29,,,§ 201,,,,0,0
190718,2026-04-29,,,After § 212,,,,0,0
190719,2026-04-29,,,After § 216,,,,0,0
190722,2026-04-29,,,After § 237,,,,0,0
190723,2026-04-29,,,"After § 247, point iii",114,516,11,0,0
190724,2026-04-29,,,"§ 247, point iv",,,,0,0
190726,2026-04-29,,,"§ 247, after point iv",,,,0,0
190729,2026-04-29 12:29:53,A10-0085/2026,,– Daniel Freund – Motion for a resolution (as a whole),418,207,14,0,0
190731,2026-04-29,,,Motion for a resolution,,,,0,0
190735,2026-04-29,,,Proposals for decisions,,,,0,0
190737,2026-04-29,,,Proposals for decisions,,,,0,0
190739,2026-04-29,,,Proposals for decisions,,,,0,0
190741,2026-04-29,,,Proposals for decisions,319,311,9,0,0
190743,2026-04-29,,,Proposals for decisions,,,,0,0
190745,2026-04-29,,,Proposals for decisions,,,,0,0
190747,2026-04-29,,,Proposals for decisions,,,,0,0
190749,2026-04-29,,,Proposals for decisions,,,,0,0
190751,2026-04-29,,,Proposals for decisions,,,,0,0
190753,2026-04-29,,,Proposals for decisions,,,,0,0
190755,2026-04-29,,,Proposals for decisions,,,,0,0
190757,2026-04-29,,,Proposals for decisions,,,,0,0
190759,2026-04-29,,,Proposals for decisions,431,179,18,0,0
190761,2026-04-29,,,Proposals for decisions,,,,0,0
190763,2026-04-29,,,Proposals for decisions,,,,0,0
190765,2026-04-29,,,Proposals for decisions,,,,0,0
190767,2026-04-29,,,Proposals for decisions,,,,0,0
190769,2026-04-29,,,Proposals for decisions,,,,0,0
190771,2026-04-29,,,Proposals for decisions,,,,0,0
190773,2026-04-29,,,Proposals for decisions,,,,0,0
190775,2026-04-29,,,Proposals for decisions,,,,0,0
190777,2026-04-29,,,Proposals for decisions,,,,0,0
190779,2026-04-29,,,Proposals for decisions,,,,0,0
190781,2026-04-29,,,Proposals for decisions,,,,0,0
190783,2026-04-29,,,Proposals for decisions,,,,0,0
190785,2026-04-29,,,Proposals for decisions,,,,0,0
190787,2026-04-29,,,Proposals for decisions,,,,0,0
190789,2026-04-29,,,Proposals for decisions,,,,0,0
190791,2026-04-29,,,Proposals for decisions,,,,0,0
190793,2026-04-29,,,Proposals for decisions,,,,0,0
190795,2026-04-29,,,Proposals for decisions,,,,0,0
190797,2026-04-29,,,Proposals for decisions,,,,0,0
190799,2026-04-29,,,Proposals for decisions,,,,0,0
190802,2026-04-29,,,§ 2,,,,0,0
190804,2026-04-29,,,§ 3,,,,0,0
190806,2026-04-29,,,After § 11,,,,0,0
190809,2026-04-29,,,After § 12,,,,0,0
190810,2026-04-29,,,§ 13,,,,0,0
190815,2026-04-29,,,§ 20,,,,0,0
190816,2026-04-29,,,§ 21,,,,0,0
190817,2026-04-29,,,After § 21,,,,0,0
190818,2026-04-29,,,After § 21,,,,0,0
190821,2026-04-29,,,After § 25,,,,0,0
190823,2026-04-29,,,§ 33,,,,0,0
190827,2026-04-29,,,After § 43,,,,0,0
190830,2026-04-29,,,§ 78,539,42,49,0,0
190831,2026-04-29,,,§ 80,,,,0,0
190832,2026-04-29,,,§ 82,,,,0,0
190833,2026-04-29,,,"§ 87, after point vi",,,,0,0
190834,2026-04-29,,,§ 94,,,,0,0
190837,2026-04-29,,,"§ 101, after point iii",397,187,61,0,0
190838,2026-04-29,,,§ 108,231,405,9,0,0
190840,2026-04-29,,,"§ 122, after indent 3",,,,0,0
190841,2026-04-29,,,§ 125,,,,0,0
190842,2026-04-29,,,After § 125,,,,0,0
190843,2026-04-29,,,After § 129,,,,0,0
190844,2026-04-29,,,After § 140,198,275,163,0,0
190845,2026-04-29,,,"§ 148, point iii",353,279,11,0,0
190846,2026-04-29,,,"§ 148, after point iii",,,,0,0
190847,2026-04-29 13:11:55,A10-0087/2026,,– Monika Hohlmeier – Motion for a resolution (as a whole),475,107,71,0,0
190917,2026-04-29 13:52:40,A10-0042/2026,,– Anna Strolenberg – Motion for a resolution (as a whole),328,199,98,0,0
190919,2026-04-29,,,Proposal for rejection,,,,0,0
190926,2026-04-29,,,After Article 1,,,,0,0
190927,2026-04-29,,,After Article 1,,,,0,0
190928,2026-04-29,,,Article 2,,,,0,0
190929,2026-04-29,,,After recital 3,,,,0,0
190930,2026-04-29,,,After recital 3,,,,0,0
190931,2026-04-29,,,After recital 4,,,,0,0
190932,2026-04-29,,,After recital 4,,,,0,0
190934,2026-04-29,,,After recital 6,,,,0,0
190935,2026-04-29,,,After recital 6,,,,0,0
190938,2026-04-29 13:26:36,A10-0098/2026,,– Danuše Nerudová – Commission proposal,433,120,91,0,0
190943,2026-04-29,,,Amendments by the committee responsible – put to the vote collectively,,,,0,0
190946,2026-04-29,,,"Article 1, § 1, point 2",,,,0,0
190947,2026-04-29,,,"Article 1, § 1, point 2",,,,0,0
190948,2026-04-29,,,"Article 1, § 1, point 4",,,,0,0
190949,2026-04-29,,,"Article 1, § 1, point 4",,,,0,0
190950,2026-04-29,,,"Article 1, § 1, point 5",,,,0,0
190951,2026-04-29,,,"Article 1, § 1, point 5",,,,0,0
190953,2026-04-29,,,"Article 1, § 1, point 6",,,,0,0
190954,2026-04-29,,,"Article 1, § 1, point 6",,,,0,0
190956,2026-04-29,,,"Article 2, § 1, point 2, point a, point i",,,,0,0
190957,2026-04-29,,,"Article 2, § 1, point 2, point a, point i",,,,0,0
190961,2026-04-29,,,"Article 2, § 1, point 2, point b",,,,0,0
190965,2026-04-29,,,"Article 2, § 1, point 2, point b",,,,0,0
190968,2026-04-29,,,Recital 2,,,,0,0
190972,2026-04-29,,,After recital 15,200,290,149,0,0
190973,2026-04-29,,,Recital 22,,,,0,0
190974,2026-04-29,,,Recital 22,,,,0,0
190976,2026-04-29,,,Recital 22,,,,0,0
190978,2026-04-29,,,After recital 22,237,252,155,0,0
190979,2026-04-29 13:21:09,A10-0104/2026,,"– Dimitris Tsiodras, Piotr Müller – Commission proposal",540,60,45,0,0
191109,2026-04-28,,,Approval without vote,,,,0,0
191134,2026-04-27,,,"Tuesday’s agenda – Request by the PfE Group – ‘One Europe, one market’",132,327,3,0,0
191135,2026-04-27,,,Wednesday’s agenda – Request by the ESN Group – Limiting EU legislation,127,338,5,0,0
191136,2026-04-28,,,§ 10,,,,0,0
191137,2026-04-28 13:05:59,A10-0086/2026,,– Dick Erixon – After § 37 – Am 24,156,405,58,0,0
191138,2026-04-28 12:56:47,A9-0147/2022,,"Bernd Lange-Article 19, after § 1 (corresponds to Article 22 in am 120)-Am 120CP3",502,128,16,0,0
191139,2026-04-28,,,After Article 29 (corresponds to Article 34 in am 120),,,,0,0
191140,2026-04-28,,,Recital 9 (corresponds to recital 10 in am 120),,,,0,0
191141,2026-04-28,,,Recital 11 (corresponds to recital 12 in am 120),,,,0,0
191142,2026-04-28,,,Recital 17 (corresponds to recital 21 in am 120),,,,0,0
191143,2026-04-28,,,Recital 25 (corresponds to recital 30 in am 120),,,,0,0
191144,2026-04-28,,,Recital 28 (corresponds to recital 39 in am 120),432,209,8,0,0
191145,2026-04-28,,,Recital 36 (corresponds to recitals 47 and 49 in am 120),,,,0,0
191147,2026-04-28,,,"Proposal for a decision to waive the immunity in points B, C, D, E, F, G and H",,,,0,0
191148,2026-04-28,,,Proposal for a decision not to waive the immunity in point I,,,,0,0
191149,2026-04-29,,,After § 68,,,,0,0
191150,2026-04-28 12:38:31,A10-0044/2026,,– Nils Ušakovs – § 1 – Am 58,206,438,10,0,0
191151,2026-04-28,,,§ 1,,,,0,0
191152,2026-04-28 12:38:50,A10-0044/2026,,– Nils Ušakovs – After § 1 – Am 45,99,547,11,0,0
191153,2026-04-28 12:39:01,A10-0044/2026,,– Nils Ušakovs – After § 1 – Am 46,116,527,9,0,0
191154,2026-04-28,,,After § 2,,,,0,0
191155,2026-04-28,,,After § 3,,,,0,0
191156,2026-04-28 12:39:25,A10-0044/2026,,– Nils Ušakovs – After § 4 – Am 8,185,439,32,0,0
191157,2026-04-28 12:39:36,A10-0044/2026,,– Nils Ušakovs – After § 4 – Am 60,178,430,38,0,0
191158,2026-04-28 12:39:47,A10-0044/2026,,– Nils Ušakovs – § 7 – Am 55,71,540,48,0,0
191159,2026-04-28 12:39:59,A10-0044/2026,,– Nils Ušakovs – After § 7 – Am 9,147,460,38,0,0
191160,2026-04-28,,,§ 9,,,,0,0
191161,2026-04-28 12:40:16,A10-0044/2026,,– Nils Ušakovs – After § 10 – Am 10,226,412,12,0,0
191162,2026-04-28 12:40:27,A10-0044/2026,,– Nils Ušakovs – After § 10 – Am 47,105,525,23,0,0
191163,2026-04-28 12:40:38,A10-0044/2026,,– Nils Ušakovs – After § 10 – Am 67,218,432,2,0,0
191164,2026-04-28,,,§ 15,,,,0,0
191165,2026-04-28 12:40:59,A10-0044/2026,,– Nils Ušakovs – § 16 – Am 57,119,473,66,0,0
191166,2026-04-28,,,§ 17,,,,0,0
191167,2026-04-28,,,§ 18,,,,0,0
191168,2026-04-28,,,After § 18,,,,0,0
191169,2026-04-28,,,§ 19,,,,0,0
191170,2026-04-28,,,After § 19,,,,0,0
191171,2026-04-28,,,After § 19,,,,0,0
191172,2026-04-28,,,Compromise amendment,435,153,67,0,0
191174,2026-04-28,,,Compromise amendment,,,,0,0
191175,2026-04-28,,,Compromise amendment,,,,0,0
191176,2026-04-28,,,Compromise amendment,,,,0,0
191177,2026-04-28,,,Compromise amendment,,,,0,0
191178,2026-04-28,,,Compromise amendment,,,,0,0
191179,2026-04-28,,,Compromise amendment,,,,0,0
191180,2026-04-28,,,Compromise amendment,,,,0,0
191181,2026-04-28,,,Compromise amendment,,,,0,0
191183,2026-04-28,,,Compromise amendment,,,,0,0
191184,2026-04-28,,,Compromise amendment,,,,0,0
191185,2026-04-28 12:43:01,A10-0044/2026,,– Nils Ušakovs – After § 24 – Am 13,142,441,65,0,0
191186,2026-04-28 12:43:15,A10-0044/2026,,– Nils Ušakovs – After § 24 – Am 14,208,433,8,0,0
191187,2026-04-28,,,After § 24,,,,0,0
191188,2026-04-28 12:43:32,A10-0044/2026,,– Nils Ušakovs – § 26 – Am 61,167,455,29,0,0
191189,2026-04-28 12:43:45,A10-0044/2026,,– Nils Ušakovs – § 26 – Am 70,223,405,17,0,0
191190,2026-04-28 12:43:57,A10-0044/2026,,– Nils Ušakovs – § 26 – Am 1,375,263,12,0,0
191191,2026-04-28 12:44:11,A10-0044/2026,,– Nils Ušakovs – After § 26 – Am 16,214,434,7,0,0
191192,2026-04-28 12:44:23,A10-0044/2026,,– Nils Ušakovs – After § 26 – Am 44,228,404,17,0,0
191193,2026-04-28 12:44:36,A10-0044/2026,,– Nils Ušakovs – § 27 – Am 71,214,411,20,0,0
191194,2026-04-28 12:44:47,A10-0044/2026,,– Nils Ušakovs – After § 27 – Am 17,187,451,12,0,0
191195,2026-04-28,,,After § 27,,,,0,0
191196,2026-04-28,,,§ 28,,,,0,0
191197,2026-04-28,,,After § 28,,,,0,0
191198,2026-04-28,,,After § 28,,,,0,0
191199,2026-04-28,,,After § 28,,,,0,0
191200,2026-04-28,,,§ 29,,,,0,0
191201,2026-04-28,,,After § 29,,,,0,0
191202,2026-04-28 12:45:40,A10-0044/2026,,– Nils Ušakovs – After § 29 – Am 22,188,456,12,0,0
191203,2026-04-28,,,After § 29,,,,0,0
191204,2026-04-28,,,§ 30,,,,0,0
191205,2026-04-28 12:46:03,A10-0044/2026,,– Nils Ušakovs – § 30 – Am 74,194,429,27,0,0
191206,2026-04-28 12:46:16,A10-0044/2026,,– Nils Ušakovs – After § 30 – Am 23,186,443,15,0,0
191207,2026-04-28 12:46:27,A10-0044/2026,,– Nils Ušakovs – After § 30 – Am 41,183,419,44,0,0
191208,2026-04-28,,,After § 30,,,,0,0
191209,2026-04-28 12:46:42,A10-0044/2026,,– Nils Ušakovs – § 34 – Am 3,406,223,22,0,0
191210,2026-04-28,,,After § 34,,,,0,0
191211,2026-04-28 12:47:00,A10-0044/2026,,– Nils Ušakovs – After § 34 – Am 25,182,432,31,0,0
191212,2026-04-28,,,After § 34,,,,0,0
191213,2026-04-28,,,After § 34,,,,0,0
191214,2026-04-28 12:47:25,A10-0044/2026,,– Nils Ušakovs – After § 37 – Am 27,208,443,6,0,0
191215,2026-04-28,,,§ 38,,,,0,0
191216,2026-04-28,,,After § 39,,,,0,0
191217,2026-04-28,,,After § 39,,,,0,0
191218,2026-04-28 12:47:53,A10-0044/2026,,– Nils Ušakovs – § 40 – Am 4,356,278,19,0,0
191219,2026-04-28 12:48:04,A10-0044/2026,,– Nils Ušakovs – § 40 – Am 5,370,266,9,0,0
191220,2026-04-28,,,After § 42,,,,0,0
191221,2026-04-28,,,After § 42,,,,0,0
191222,2026-04-28 12:48:26,A10-0044/2026,,– Nils Ušakovs – After § 43 – Am 51,118,531,9,0,0
191223,2026-04-28,,,After § 45,,,,0,0
191224,2026-04-28 12:48:42,A10-0044/2026,,– Nils Ušakovs – § 46 – Am 63,122,504,14,0,0
191225,2026-04-28,,,After § 46,,,,0,0
191226,2026-04-28 12:48:59,A10-0044/2026,,– Nils Ušakovs – After § 48 – Am 52,149,465,33,0,0
191227,2026-04-28 12:49:10,A10-0044/2026,,– Nils Ušakovs – After § 50 – Am 53,142,471,30,0,0
191228,2026-04-28 12:49:22,A10-0044/2026,,– Nils Ušakovs – After § 50 – Am 54,73,475,103,0,0
191229,2026-04-28,,,After § 52,,,,0,0
191230,2026-04-28 12:49:39,A10-0044/2026,,– Nils Ušakovs – § 56 – Am 76S,224,410,19,0,0
191231,2026-04-28 12:49:50,A10-0044/2026,,– Nils Ušakovs – § 56 – Am 64,185,442,20,0,0
191232,2026-04-28 12:50:04,A10-0044/2026,,– Nils Ušakovs – After § 56 – Am 33,203,439,11,0,0
191233,2026-04-28 12:50:16,A10-0044/2026,,– Nils Ušakovs – After § 56 – Am 65,184,448,17,0,0
191234,2026-04-28 12:50:27,A10-0044/2026,,– Nils Ušakovs – After § 57 – Am 34,203,445,5,0,0
191235,2026-04-28,,,After § 57,,,,0,0
191236,2026-04-28 12:50:43,A10-0044/2026,,– Nils Ušakovs – § 58 – Am 77S,187,447,19,0,0
191237,2026-04-28 12:50:57,A10-0044/2026,,– Nils Ušakovs – § 60 – Am 6,349,264,43,0,0
191238,2026-04-28 12:51:10,A10-0044/2026,,– Nils Ušakovs – § 63 – Am 66,164,466,17,0,0
191239,2026-04-28 12:51:24,A10-0044/2026,,– Nils Ušakovs – Motion for a resolution (as a whole),389,191,75,0,0
191240,2026-04-29 13:16:06,A10-0104/2026,,"– Dimitris Tsiodras, Piotr Müller – Proposal for rejection – Am 90",99,539,6,0,0
191242,2026-04-29,,,"Article 1, § 1, point 5",,,,0,0
191243,2026-04-29 13:17:29,A10-0104/2026,,"– Dimitris Tsiodras, Piotr Müller – Article 2, § 1, point 2, point a, point i – Am 117",250,253,148,0,0
191244,2026-04-29 13:17:43,A10-0104/2026,,"– Dimitris Tsiodras, Piotr Müller – Article 2, § 1, point 2, point a, point i – Am 104",219,276,154,0,0
191245,2026-04-29 13:17:56,A10-0104/2026,,"– Dimitris Tsiodras, Piotr Müller – Article 2, § 1, point 2, point a – Am 95",209,282,153,0,0
191246,2026-04-29,,,"Article 2, § 1, point 2, point b",,,,0,0
191247,2026-04-29 13:18:22,A10-0104/2026,,"– Dimitris Tsiodras, Piotr Müller – Article 2, § 1, point 2, point b – Am 96",166,302,178,0,0
191248,2026-04-29 13:18:33,A10-0104/2026,,"– Dimitris Tsiodras, Piotr Müller – Article 2, § 1, point 2, point b – Am 105",144,384,110,0,0
191249,2026-04-29 13:18:50,A10-0104/2026,,"– Dimitris Tsiodras, Piotr Müller – Article 2, § 1, point 2, point b – Am 97",123,506,17,0,0
191250,2026-04-29 13:19:02,A10-0104/2026,,"– Dimitris Tsiodras, Piotr Müller – Article 2, § 1, after point 2 – Am 101",208,323,112,0,0
191251,2026-04-29 13:19:18,A10-0104/2026,,"– Dimitris Tsiodras, Piotr Müller – After recital 2 – Am 98",211,422,17,0,0
191252,2026-04-29 13:19:29,A10-0104/2026,,"– Dimitris Tsiodras, Piotr Müller – After recital 15 – Am 91",151,415,69,0,0
191253,2026-04-29 13:19:39,A10-0104/2026,,"– Dimitris Tsiodras, Piotr Müller – After recital 15 – Am 92",202,279,160,0,0
191254,2026-04-29 13:20:11,A10-0104/2026,,"– Dimitris Tsiodras, Piotr Müller – Recital 22 – Am 93",124,398,118,0,0
191255,2026-04-29 13:20:36,A10-0104/2026,,"– Dimitris Tsiodras, Piotr Müller – After recital 22 – Am 114= 100=",230,304,113,0,0
191257,2026-04-29,,,§ 2,,,,0,0
191258,2026-04-29 13:59:05,A10-0037/2026,,– Dainius Žalimas – § 2/2,407,190,25,0,0
191259,2026-04-29 13:59:29,A10-0037/2026,,– Dainius Žalimas – After § 6 – Am 7,212,406,7,0,0
191260,2026-04-29 13:59:42,A10-0037/2026,,– Dainius Žalimas – After § 12 – Am 12,193,428,5,0,0
191261,2026-04-29 13:59:52,A10-0037/2026,,– Dainius Žalimas – § 17 – Am 22D,198,417,1,0,0
191262,2026-04-29 14:00:02,A10-0037/2026,,– Dainius Žalimas – After § 17 – Am 8,197,421,4,0,0
191263,2026-04-29 14:00:16,A10-0037/2026,,– Dainius Žalimas – § 19 – Am 24D,189,425,9,0,0
191264,2026-04-29 14:00:33,A10-0037/2026,,– Dainius Žalimas – After § 22 – Am 25,195,420,6,0,0
191265,2026-04-29 14:00:50,A10-0037/2026,,– Dainius Žalimas – After § 31 – Am 13,193,421,8,0,0
191266,2026-04-29 14:01:03,A10-0037/2026,,– Dainius Žalimas – § 36 – Am 14,202,424,1,0,0
191267,2026-04-29 14:01:17,A10-0037/2026,,– Dainius Žalimas – After § 36 – Am 28,205,403,9,0,0
191268,2026-04-29 14:01:27,A10-0037/2026,,– Dainius Žalimas – After § 36 – Am 29,202,423,1,0,0
191269,2026-04-29,,,§ 48,,,,0,0
191270,2026-04-29 14:01:43,A10-0037/2026,,– Dainius Žalimas – After § 48 – Am 11,195,419,12,0,0
191271,2026-04-29 14:01:53,A10-0037/2026,,– Dainius Žalimas – After recital D – Am 6,187,419,16,0,0
191274,2026-04-29 12:45:43,A10-0051/2026,,– Pasquale Tridico – § 30 – Am 2,219,417,9,0,0
191275,2026-04-29 12:45:56,A10-0051/2026,,– Pasquale Tridico – § 30 – Am 6,274,365,8,0,0
191276,2026-04-29 12:46:10,A10-0051/2026,,– Pasquale Tridico – § 30,329,286,29,0,0
191278,2026-04-29,,,§ 39,442,195,7,0,0
191280,2026-04-29,,,§ 55,,,,0,0
191281,2026-04-29,,,§ 55,301,245,104,0,0
191283,2026-04-29,,,§ 58,405,239,5,0,0
191284,2026-04-29,,,§ 58,,,,0,0
191285,2026-04-29,,,§ 58,,,,0,0
191287,2026-04-29 12:48:10,A10-0055/2026,,– Pasquale Tridico – § 5 – Am 2,205,443,4,0,0
191288,2026-04-29 12:48:21,A10-0055/2026,,– Pasquale Tridico – § 41 – Am 3,193,450,6,0,0
191289,2026-04-29 12:48:39,A10-0055/2026,,– Pasquale Tridico – Recital C – Am 1,210,432,11,0,0
191290,2026-04-29 12:48:50,A10-0055/2026,,– Pasquale Tridico – Recital C – Am 4,210,432,3,0,0
191293,2026-04-29,,,§ 10,,,,0,0
191294,2026-04-29,,,§ 10,,,,0,0
191295,2026-04-29 12:53:22,A10-0053/2026,,– Pasquale Tridico – After § 26 – Am 8,164,389,94,0,0
191297,2026-04-29,,,§ 27,,,,0,0
191298,2026-04-29,,,§ 27,285,362,3,0,0
191299,2026-04-29 12:53:54,A10-0053/2026,,– Pasquale Tridico – After § 27 – Am 9,228,264,151,0,0
191300,2026-04-29 12:54:06,A10-0053/2026,,– Pasquale Tridico – After § 27 – Am 10,211,431,6,0,0
191302,2026-04-29,,,§ 29,,,,0,0
191303,2026-04-29,,,§ 29,,,,0,0
191305,2026-04-29,,,§ 30,483,83,74,0,0
191306,2026-04-29,,,§ 30,,,,0,0
191307,2026-04-29 12:55:03,A10-0053/2026,,– Pasquale Tridico – § 33 – Am 1,219,418,11,0,0
191308,2026-04-29,,,§ 52,300,238,108,0,0
191309,2026-04-29,,,§ 53,330,281,35,0,0
191310,2026-04-29 12:56:18,A10-0053/2026,,– Pasquale Tridico – § 71,458,178,15,0,0
191311,2026-04-29,,,§ 73,281,318,57,0,0
191313,2026-04-29 12:59:50,A10-0050/2026,,– Pasquale Tridico – After § 63 – Am 2,206,272,169,0,0
191314,2026-04-29,,,§ 105,,,,0,0
191315,2026-04-29,,,§ 106,,,,0,0
191317,2026-04-29,,,§ 107,,,,0,0
191318,2026-04-29,,,§ 107,,,,0,0
191320,2026-04-29 14:03:55,B10-0186/2026,,– Motion for a resolution,412,145,11,0,0
191322,2026-04-29 12:30:21,A10-0081/2026,,– Gerben-Jan Gerbrandy – After § 1 – Am 27,138,443,71,0,0
191323,2026-04-29 12:30:35,A10-0081/2026,,– Gerben-Jan Gerbrandy – After § 7 – Am 29,199,451,5,0,0
191324,2026-04-29 12:30:47,A10-0081/2026,,– Gerben-Jan Gerbrandy – § 11 – Am 31,130,447,75,0,0
191325,2026-04-29 12:30:57,A10-0081/2026,,– Gerben-Jan Gerbrandy – § 12 – Am 32,133,445,75,0,0
191327,2026-04-29,,,§ 13,,,,0,0
191328,2026-04-29,,,§ 13,,,,0,0
191330,2026-04-29 12:31:27,A10-0081/2026,,– Gerben-Jan Gerbrandy – § 21/1,513,135,7,0,0
191331,2026-04-29 12:31:37,A10-0081/2026,,– Gerben-Jan Gerbrandy – § 21/2,527,115,5,0,0
191332,2026-04-29,,,§ 26,283,352,18,0,0
191333,2026-04-29 12:32:03,A10-0081/2026,,– Gerben-Jan Gerbrandy – § 29 – Am 35,206,438,6,0,0
191335,2026-04-29,,,§ 29,,,,0,0
191336,2026-04-29,,,§ 29,,,,0,0
191337,2026-04-29 12:32:27,A10-0081/2026,,– Gerben-Jan Gerbrandy – After § 31 – Am 38,212,442,4,0,0
191339,2026-04-29,,,§ 39,,,,0,0
191340,2026-04-29,,,§ 39,,,,0,0
191341,2026-04-29,,,§ 39,274,362,15,0,0
191342,2026-04-29,,,§ 39,274,354,16,0,0
191343,2026-04-29 12:33:29,A10-0081/2026,,– Gerben-Jan Gerbrandy – § 43 – Am 39,196,440,14,0,0
191344,2026-04-29 12:33:40,A10-0081/2026,,– Gerben-Jan Gerbrandy – § 44 – Am 15,306,323,23,0,0
191345,2026-04-29 12:34:08,A10-0081/2026,,– Gerben-Jan Gerbrandy – After § 46 – Am 40,205,439,7,0,0
191347,2026-04-29,,,§ 51,,,,0,0
191348,2026-04-29,,,§ 51,,,,0,0
191349,2026-04-29 12:34:32,A10-0081/2026,,– Gerben-Jan Gerbrandy – § 53 – Am 41,201,444,11,0,0
191351,2026-04-29,,,§ 56,,,,0,0
191352,2026-04-29,,,§ 56,,,,0,0
191353,2026-04-29 12:34:58,A10-0081/2026,,– Gerben-Jan Gerbrandy – After § 58 – Am 43,201,419,31,0,0
191355,2026-04-29,,,§ 59,,,,0,0
191356,2026-04-29,,,§ 59,,,,0,0
191357,2026-04-29,,,§ 65,,,,0,0
191359,2026-04-29,,,§ 67,,,,0,0
191360,2026-04-29,,,§ 67,,,,0,0
191362,2026-04-29,,,§ 68,,,,0,0
191363,2026-04-29,,,§ 68,440,151,59,0,0
191364,2026-04-29,,,§ 74,,,,0,0
191365,2026-04-29 12:36:48,A10-0081/2026,,– Gerben-Jan Gerbrandy – § 75 – Am 14,251,304,104,0,0
191366,2026-04-29 12:37:04,A10-0081/2026,,– Gerben-Jan Gerbrandy – § 80 – Am 46,147,494,15,0,0
191367,2026-04-29,,,§ 80,549,59,28,0,0
191368,2026-04-29 12:37:52,A10-0081/2026,,– Gerben-Jan Gerbrandy – After § 81 – Am 47,158,438,47,0,0
191369,2026-04-29 12:38:03,A10-0081/2026,,– Gerben-Jan Gerbrandy – § 82 – Am 48,202,438,4,0,0
191370,2026-04-29 12:38:34,A10-0081/2026,,– Gerben-Jan Gerbrandy – After § 94 – Am 53,202,430,9,0,0
191372,2026-04-29,,,§ 105,,,,0,0
191373,2026-04-29,,,§ 105,240,313,74,0,0
191374,2026-04-29,,,§ 106,274,313,48,0,0
191375,2026-04-29 12:40:47,A10-0081/2026,,– Gerben-Jan Gerbrandy – § 122 – Am 26,215,426,4,0,0
191377,2026-04-29,,,§ 122,,,,0,0
191378,2026-04-29,,,§ 122,,,,0,0
191379,2026-04-29 12:41:09,A10-0081/2026,,– Gerben-Jan Gerbrandy – § 123 – Am 13D,275,374,8,0,0
191380,2026-04-29,,,§ 130,,,,0,0
191382,2026-04-29,,,§ 137,,,,0,0
191383,2026-04-29,,,§ 137,,,,0,0
191384,2026-04-29 12:41:45,A10-0081/2026,,– Gerben-Jan Gerbrandy – § 138 – Am 22,289,349,16,0,0
191386,2026-04-29 12:42:06,A10-0081/2026,,– Gerben-Jan Gerbrandy – § 138/1,462,159,32,0,0
191387,2026-04-29 12:42:17,A10-0081/2026,,– Gerben-Jan Gerbrandy – § 138/2,444,131,77,0,0
191391,2026-04-29 12:43:42,A10-0081/2026,,– Gerben-Jan Gerbrandy – § 146 – Am 57,177,435,37,0,0
191392,2026-04-29 12:44:12,A10-0081/2026,,– Gerben-Jan Gerbrandy – After § 149 – Am 58,203,442,6,0,0
191394,2026-04-29,,,Recital H,,,,0,0
191395,2026-04-29,,,Recital H,448,192,13,0,0
191398,2026-04-29 12:59:05,A10-0057/2026,,– Pasquale Tridico – After § 20 – Am 2,217,425,3,0,0
191401,2026-04-29 13:53:05,A10-0091/2026,,– Konstantinos Arvanitis – § 5/1,522,62,43,0,0
191402,2026-04-29 13:53:15,A10-0091/2026,,– Konstantinos Arvanitis – § 5/2,373,123,114,0,0
191403,2026-04-29 13:53:23,A10-0091/2026,,– Konstantinos Arvanitis – After § 10 – Am 18,193,409,20,0,0
191404,2026-04-29 13:53:32,A10-0091/2026,,– Konstantinos Arvanitis – § 13 – Am 1,317,275,29,0,0
191406,2026-04-29 13:53:43,A10-0091/2026,,– Konstantinos Arvanitis – § 15/1,484,78,66,0,0
191407,2026-04-29 13:53:52,A10-0091/2026,,– Konstantinos Arvanitis – § 15/2,375,130,114,0,0
191408,2026-04-29 13:54:01,A10-0091/2026,,– Konstantinos Arvanitis – After § 34 – Am 19,201,420,8,0,0
191409,2026-04-29 13:54:11,A10-0091/2026,,– Konstantinos Arvanitis – § 38 – Am 15,206,408,10,0,0
191410,2026-04-29 13:54:20,A10-0091/2026,,– Konstantinos Arvanitis – § 44 – Am 16,181,419,22,0,0
191411,2026-04-29 13:54:30,A10-0091/2026,,– Konstantinos Arvanitis – § 55 – Am 17,200,419,7,0,0
191412,2026-04-29 13:54:41,A10-0091/2026,,– Konstantinos Arvanitis – After § 65 – Am 2,194,417,15,0,0
191413,2026-04-29 13:54:51,A10-0091/2026,,– Konstantinos Arvanitis – § 77 – Am 3,196,422,6,0,0
191414,2026-04-29 13:55:01,A10-0091/2026,,– Konstantinos Arvanitis – After § 86 – Am 4,200,411,12,0,0
191415,2026-04-29 13:55:10,A10-0091/2026,,– Konstantinos Arvanitis – § 91 – Am 5,207,406,3,0,0
191416,2026-04-29 13:55:21,A10-0091/2026,,– Konstantinos Arvanitis – § 100,357,203,45,0,0
191417,2026-04-29 13:55:36,A10-0091/2026,,– Konstantinos Arvanitis – § 101,365,168,78,0,0
191418,2026-04-29 13:55:48,A10-0091/2026,,– Konstantinos Arvanitis – § 102,291,240,74,0,0
191419,2026-04-29 13:55:58,A10-0091/2026,,– Konstantinos Arvanitis – § 103 – Am 6,205,419,4,0,0
191420,2026-04-29 13:56:09,A10-0091/2026,,– Konstantinos Arvanitis – § 112 – Am 7,207,410,9,0,0
191422,2026-04-29 13:56:21,A10-0091/2026,,– Konstantinos Arvanitis – § 112/1,498,80,57,0,0
191423,2026-04-29 13:56:31,A10-0091/2026,,– Konstantinos Arvanitis – § 112/2,408,192,22,0,0
191424,2026-04-29 13:56:40,A10-0091/2026,,– Konstantinos Arvanitis – § 112/3,284,335,6,0,0
191425,2026-04-29 13:56:51,A10-0091/2026,,– Konstantinos Arvanitis – After § 113 – Am 8,218,401,8,0,0
191426,2026-04-29 13:57:02,A10-0091/2026,,– Konstantinos Arvanitis – § 116 – Am 9,188,422,14,0,0
191427,2026-04-29 13:57:14,A10-0091/2026,,– Konstantinos Arvanitis – § 117,336,261,29,0,0
191428,2026-04-29 13:57:25,A10-0091/2026,,– Konstantinos Arvanitis – After § 118 – Am 20,197,416,9,0,0
191429,2026-04-29 13:57:36,A10-0091/2026,,– Konstantinos Arvanitis – § 126 – Am 10,192,418,12,0,0
191430,2026-04-29 13:57:45,A10-0091/2026,,– Konstantinos Arvanitis – After § 155 – Am 13,282,334,14,0,0
191431,2026-04-29 13:57:56,A10-0091/2026,,– Konstantinos Arvanitis – § 168 – Am 11,201,419,4,0,0
191432,2026-04-29 13:58:06,A10-0091/2026,,– Konstantinos Arvanitis – § 185 – Am 12,185,426,13,0,0
191433,2026-04-29 13:58:16,A10-0091/2026,,– Konstantinos Arvanitis – Recital R – Am 14,220,399,5,0,0
191436,2026-04-29 12:49:27,A10-0052/2026,,– Pasquale Tridico – After § 15 – Am 7/1,529,105,11,0,0
191437,2026-04-29 12:49:39,A10-0052/2026,,– Pasquale Tridico – After § 15 – Am 7/2,350,269,24,0,0
191439,2026-04-29,,,§ 17,,,,0,0
191440,2026-04-29,,,§ 17,406,195,46,0,0
191442,2026-04-29,,,§ 39,,,,0,0
191443,2026-04-29,,,§ 39,393,189,69,0,0
191445,2026-04-29,,,§ 77,404,223,14,0,0
191446,2026-04-29,,,§ 77,,,,0,0
191448,2026-04-29,,,§ 2,,,,0,0
191449,2026-04-29,,,§ 2,492,141,11,0,0
191450,2026-04-29 12:16:42,A10-0085/2026,,– Daniel Freund – After § 3 – Am 9,194,444,15,0,0
191451,2026-04-29 12:16:53,A10-0085/2026,,– Daniel Freund – § 6 – Am 31,212,437,5,0,0
191452,2026-04-29 12:17:08,A10-0085/2026,,– Daniel Freund – After § 7 – Am 10,200,433,16,0,0
191453,2026-04-29 12:17:19,A10-0085/2026,,– Daniel Freund – After § 7 – Am 30,225,420,0,0,0
191454,2026-04-29 12:17:30,A10-0085/2026,,– Daniel Freund – § 9 – Am 11,204,423,17,0,0
191455,2026-04-29 12:17:40,A10-0085/2026,,– Daniel Freund – § 9 – Am 36,214,378,49,0,0
191456,2026-04-29 12:17:50,A10-0085/2026,,– Daniel Freund – After § 11 – Am 12,175,446,29,0,0
191457,2026-04-29 12:18:04,A10-0085/2026,,– Daniel Freund – § 13 – Am 32,204,444,5,0,0
191458,2026-04-29 12:18:13,A10-0085/2026,,– Daniel Freund – After § 13 – Am 13,211,437,3,0,0
191459,2026-04-29 12:18:34,A10-0085/2026,,– Daniel Freund – § 14 – Am 3,179,464,13,0,0
191461,2026-04-29,,,§ 14,,,,0,0
191462,2026-04-29,,,§ 14,,,,0,0
191463,2026-04-29 12:18:51,A10-0085/2026,,– Daniel Freund – After § 14 – Am 14,200,439,15,0,0
191464,2026-04-29 12:19:02,A10-0085/2026,,– Daniel Freund – After § 14 – Am 15,203,442,6,0,0
191466,2026-04-29,,,§ 15,,,,0,0
191467,2026-04-29,,,§ 15,,,,0,0
191468,2026-04-29 12:19:22,A10-0085/2026,,– Daniel Freund – After § 15 – Am 7,217,433,7,0,0
191469,2026-04-29 12:19:33,A10-0085/2026,,– Daniel Freund – After § 15 – Am 16,194,451,11,0,0
191471,2026-04-29,,,"§ 20, point i",,,,0,0
191472,2026-04-29 12:20:08,A10-0085/2026,,"– Daniel Freund – § 20, point vi – Am 47",199,448,8,0,0
191473,2026-04-29 12:20:17,A10-0085/2026,,"– Daniel Freund – § 20, point vii – Am 48",238,409,4,0,0
191474,2026-04-29 12:20:27,A10-0085/2026,,"– Daniel Freund – § 20, point x – Am 49",209,430,14,0,0
191476,2026-04-29,,,§ 46,,,,0,0
191477,2026-04-29 12:20:47,A10-0085/2026,,– Daniel Freund – § 46/2,364,262,20,0,0
191478,2026-04-29 12:20:57,A10-0085/2026,,– Daniel Freund – After § 47 – Am 25,142,494,16,0,0
191479,2026-04-29 12:21:09,A10-0085/2026,,– Daniel Freund – § 56,367,265,17,0,0
191480,2026-04-29 12:21:21,A10-0085/2026,,– Daniel Freund – § 68 – Am 35,154,455,49,0,0
191481,2026-04-29 12:21:32,A10-0085/2026,,– Daniel Freund – After § 81 – Am 17,190,443,19,0,0
191482,2026-04-29 12:21:42,A10-0085/2026,,– Daniel Freund – After § 86 – Am 18,205,441,7,0,0
191484,2026-04-29,,,§ 103,,,,0,0
191485,2026-04-29,,,§ 103,440,199,9,0,0
191487,2026-04-29,,,§ 104,,,,0,0
191488,2026-04-29,,,§ 104,,,,0,0
191490,2026-04-29,,,§ 105,,,,0,0
191491,2026-04-29,,,§ 105,,,,0,0
191493,2026-04-29,,,§ 106,,,,0,0
191494,2026-04-29,,,§ 106,,,,0,0
191496,2026-04-29,,,§ 107,,,,0,0
191497,2026-04-29,,,§ 107,,,,0,0
191499,2026-04-29,,,§ 108,,,,0,0
191500,2026-04-29,,,§ 108,,,,0,0
191501,2026-04-29 12:23:06,A10-0085/2026,,– Daniel Freund – After § 108 – Am 37,198,440,16,0,0
191503,2026-04-29,,,§ 109,,,,0,0
191504,2026-04-29,,,§ 109,,,,0,0
191505,2026-04-29,,,§ 109,,,,0,0
191506,2026-04-29,,,§ 109,,,,0,0
191507,2026-04-29 12:23:36,A10-0085/2026,,– Daniel Freund – § 117 – Am 50,198,445,11,0,0
191509,2026-04-29,,,§ 117,,,,0,0
191510,2026-04-29,,,§ 117,,,,0,0
191511,2026-04-29 12:24:00,A10-0085/2026,,"– Daniel Freund – § 120, after point vii – Am 39",198,441,17,0,0
191512,2026-04-29,,,"§ 120, point ix",,,,0,0
191513,2026-04-29 12:24:33,A10-0085/2026,,"– Daniel Freund – § 160, after point vii – Am 40",362,269,20,0,0
191514,2026-04-29 12:26:34,A10-0085/2026,,– Daniel Freund – § 171 – Am 51,268,373,11,0,0
191515,2026-04-29 12:26:43,A10-0085/2026,,– Daniel Freund – After § 172 – Am 52,355,263,10,0,0
191516,2026-04-29 12:26:54,A10-0085/2026,,– Daniel Freund – § 173 – Am 53,237,405,7,0,0
191518,2026-04-29,,,"§ 177, point vii",,,,0,0
191519,2026-04-29 12:27:17,A10-0085/2026,,"– Daniel Freund – § 177, point vii/2",446,193,15,0,0
191520,2026-04-29,,,§ 200,,,,0,0
191521,2026-04-29,,,§ 201,,,,0,0
191522,2026-04-29 12:27:49,A10-0085/2026,,– Daniel Freund – § 202 – Am 56,164,409,84,0,0
191523,2026-04-29,,,§ 202,,,,0,0
191525,2026-04-29,,,§ 205,,,,0,0
191526,2026-04-29,,,§ 205,,,,0,0
191528,2026-04-29,,,§ 206,,,,0,0
191529,2026-04-29,,,§ 206,,,,0,0
191530,2026-04-29 12:28:32,A10-0085/2026,,– Daniel Freund – After § 226 – Am 20,199,402,40,0,0
191531,2026-04-29 12:28:44,A10-0085/2026,,– Daniel Freund – After § 237 – Am 21,200,440,9,0,0
191532,2026-04-29 12:29:19,A10-0085/2026,,"– Daniel Freund – § 247, after point iv – Am 28",179,384,89,0,0
191533,2026-04-29 12:29:33,A10-0085/2026,,– Daniel Freund – § 253 – Am 45D,187,453,15,0,0
191534,2026-04-29 12:29:43,A10-0085/2026,,– Daniel Freund – After § 253 – Am 46,196,441,16,0,0
191535,2026-04-29,,,Amendments by the committee responsible – put to the vote collectively,,,,0,0
191536,2026-04-29 13:22:23,A10-0098/2026,,– Danuše Nerudová – Amendments by the committee responsible – separate votes – Am 1,428,186,29,0,0
191537,2026-04-29 13:22:33,A10-0098/2026,,– Danuše Nerudová – Amendments by the committee responsible – separate votes – Am 4,404,202,31,0,0
191538,2026-04-29 13:22:44,A10-0098/2026,,– Danuše Nerudová – Amendments by the committee responsible – separate votes – Am 8,361,242,36,0,0
191540,2026-04-29,,,Amendments by the committee responsible – separate votes,,,,0,0
191541,2026-04-29,,,Amendments by the committee responsible – separate votes,435,190,21,0,0
191542,2026-04-29 13:23:15,A10-0098/2026,,"– Danuše Nerudová – Article 1, § 1, point 4 – Am 25",236,400,4,0,0
191543,2026-04-29 13:23:27,A10-0098/2026,,– Danuše Nerudová – After Article 1 – Am 20,212,418,13,0,0
191544,2026-04-29 13:23:38,A10-0098/2026,,– Danuše Nerudová – After Article 1 – Am 26,242,382,8,0,0
191546,2026-04-29 13:25:48,A10-0098/2026,,– Danuše Nerudová – After recital 6 – Am 17,218,419,9,0,0
191547,2026-04-29 13:26:11,A10-0098/2026,,– Danuše Nerudová – After recital 6 – Am 23,236,397,14,0,0
191548,2026-04-29 13:26:23,A10-0098/2026,,– Danuše Nerudová – After recital 6 – Am 24,236,392,14,0,0
191549,2026-04-29 13:26:59,A10-0098/2026,,– Danuše Nerudová – request for referral back to committee,568,24,42,0,0
191550,2026-04-29 13:05:09,A10-0087/2026,,– Monika Hohlmeier – After § 1 – Am 43,219,412,10,0,0
191552,2026-04-29,,,§ 2,,,,0,0
191553,2026-04-29 13:05:31,A10-0087/2026,,– Monika Hohlmeier – § 2/2,591,8,46,0,0
191554,2026-04-29 13:05:43,A10-0087/2026,,– Monika Hohlmeier – After § 2 – Am 25,186,434,18,0,0
191555,2026-04-29 13:05:56,A10-0087/2026,,– Monika Hohlmeier – § 11 – Am 9,159,426,45,0,0
191557,2026-04-29,,,After § 11,,,,0,0
191558,2026-04-29,,,After § 11,,,,0,0
191559,2026-04-29 13:06:18,A10-0087/2026,,– Monika Hohlmeier – § 12 – Am 10,209,432,4,0,0
191560,2026-04-29 13:06:37,A10-0087/2026,,– Monika Hohlmeier – After § 13 – Am 26,205,436,0,0,0
191561,2026-04-29 13:06:49,A10-0087/2026,,– Monika Hohlmeier – § 19 – Am 12,199,429,2,0,0
191562,2026-04-29 13:07:00,A10-0087/2026,,– Monika Hohlmeier – After § 19 – Am 27,200,432,6,0,0
191563,2026-04-29 13:07:09,A10-0087/2026,,– Monika Hohlmeier – After § 19 – Am 28,203,434,2,0,0
191564,2026-04-29 13:07:39,A10-0087/2026,,– Monika Hohlmeier – § 22 – Am 13,209,433,4,0,0
191565,2026-04-29 13:07:51,A10-0087/2026,,– Monika Hohlmeier – § 24 – Am 44,368,233,42,0,0
191566,2026-04-29 13:08:08,A10-0087/2026,,– Monika Hohlmeier – § 33 – Am 45,238,398,9,0,0
191567,2026-04-29 13:08:23,A10-0087/2026,,– Monika Hohlmeier – After § 33 – Am 46,238,400,10,0,0
191568,2026-04-29 13:08:33,A10-0087/2026,,– Monika Hohlmeier – After § 33 – Am 47,203,425,8,0,0
191569,2026-04-29 13:08:48,A10-0087/2026,,– Monika Hohlmeier – After § 43 – Am 15,198,438,5,0,0
191570,2026-04-29 13:08:59,A10-0087/2026,,– Monika Hohlmeier – § 48 – Am 16,198,417,11,0,0
191572,2026-04-29,,,§ 95,,,,0,0
191573,2026-04-29,,,§ 95,,,,0,0
191575,2026-04-29,,,"§ 101, after point iii",,,,0,0
191576,2026-04-29,,,"§ 101, after point iii",,,,0,0
191577,2026-04-29 13:10:34,A10-0087/2026,,– Monika Hohlmeier – After § 110 – Am 20,107,482,55,0,0
191579,2026-04-29,,,"§ 118, point iv",,,,0,0
191580,2026-04-29,,,"§ 118, point iv",,,,0,0
191581,2026-04-29 12:14:48,A10-0123/2026,,– Juan Fernando López Aguilar – Draft Council decision,616,24,8,0,0
191582,2026-04-29 13:32:53,A10-0042/2026,,– Anna Strolenberg – After § 1 – Am 22,213,415,6,0,0
191583,2026-04-29 13:33:03,A10-0042/2026,,– Anna Strolenberg – After § 2 – Am 23,195,422,10,0,0
191584,2026-04-29 13:33:13,A10-0042/2026,,– Anna Strolenberg – After § 3 – Am 39,196,417,16,0,0
191585,2026-04-29 13:33:23,A10-0042/2026,,– Anna Strolenberg – After § 4 – Am 40,250,363,13,0,0
191587,2026-04-29 13:33:38,A10-0042/2026,,– Anna Strolenberg – After § 5 – Am 50,207,410,11,0,0
191588,2026-04-29 13:33:48,A10-0042/2026,,– Anna Strolenberg – After § 5 – Am 68,178,412,48,0,0
191589,2026-04-29 13:33:58,A10-0042/2026,,– Anna Strolenberg – After § 6 – Am 51,192,441,7,0,0
191591,2026-04-29 13:34:12,A10-0042/2026,,– Anna Strolenberg – § 9,425,182,21,0,0
191592,2026-04-29 13:34:22,A10-0042/2026,,– Anna Strolenberg – After § 10 – Am 52,129,441,65,0,0
191593,2026-04-29 13:34:32,A10-0042/2026,,– Anna Strolenberg – After § 10 – Am 61,270,360,8,0,0
191594,2026-04-29 13:34:45,A10-0042/2026,,– Anna Strolenberg – After § 11 – Am 25,206,407,26,0,0
191595,2026-04-29 13:34:55,A10-0042/2026,,– Anna Strolenberg – After § 12 – Am 62,199,413,25,0,0
191596,2026-04-29 13:35:05,A10-0042/2026,,– Anna Strolenberg – § 15 – § 26,210,417,14,0,0
191599,2026-04-29 13:35:20,A10-0042/2026,,– Anna Strolenberg – After § 15 – Am 16/1,173,375,95,0,0
191600,2026-04-29 13:35:29,A10-0042/2026,,– Anna Strolenberg – After § 15 – Am 16/2,69,552,12,0,0
191601,2026-04-29 13:35:39,A10-0042/2026,,– Anna Strolenberg – After § 20 – Am 27,202,438,6,0,0
191602,2026-04-29 13:35:49,A10-0042/2026,,– Anna Strolenberg – After § 21 – Am 17,91,505,50,0,0
191604,2026-04-29 13:36:01,A10-0042/2026,,– Anna Strolenberg – After § 26 – Am 3,350,264,21,0,0
191606,2026-04-29 13:36:22,A10-0042/2026,,– Anna Strolenberg – § 30 – § 28,194,435,5,0,0
191608,2026-04-29 13:36:35,A10-0042/2026,,– Anna Strolenberg – After § 31 – Am 30,206,428,7,0,0
191611,2026-04-29 13:36:53,A10-0042/2026,,– Anna Strolenberg – After § 33 – Am 20,190,439,14,0,0
191612,2026-04-29 13:37:02,A10-0042/2026,,– Anna Strolenberg – After § 33 – Am 53,194,430,4,0,0
191613,2026-04-29 13:37:11,A10-0042/2026,,– Anna Strolenberg – After § 40 – Am 63,207,418,12,0,0
191614,2026-04-29 13:37:20,A10-0042/2026,,– Anna Strolenberg – After § 40 – Am 64,203,422,3,0,0
191615,2026-04-29 13:37:29,A10-0042/2026,,– Anna Strolenberg – After § 40 – Am 65,230,380,25,0,0
191617,2026-04-29 13:37:40,A10-0042/2026,,– Anna Strolenberg – § 43/1,481,86,78,0,0
191618,2026-04-29 13:37:50,A10-0042/2026,,– Anna Strolenberg – § 43/2,344,281,12,0,0
191619,2026-04-29 13:38:00,A10-0042/2026,,– Anna Strolenberg – § 45 – § 32,204,421,13,0,0
191620,2026-04-29 13:38:09,A10-0042/2026,,– Anna Strolenberg – After § 45 – Am 54,218,398,6,0,0
191621,2026-04-29 13:38:20,A10-0042/2026,,– Anna Strolenberg – § 46 – § 4,182,432,13,0,0
191623,2026-04-29 13:38:31,A10-0042/2026,,– Anna Strolenberg – § 47/1,424,205,5,0,0
191624,2026-04-29 13:38:40,A10-0042/2026,,– Anna Strolenberg – § 47/2,349,244,29,0,0
191625,2026-04-29 13:38:50,A10-0042/2026,,– Anna Strolenberg – After § 46 – Am 55,210,420,9,0,0
191626,2026-04-29 13:38:59,A10-0042/2026,,– Anna Strolenberg – After § 49 – Am 69,220,412,1,0,0
191628,2026-04-29 13:39:11,A10-0042/2026,,– Anna Strolenberg – § 48/1,426,202,8,0,0
191629,2026-04-29 13:39:20,A10-0042/2026,,– Anna Strolenberg – § 48/2,281,350,6,0,0
191630,2026-04-29 13:39:32,A10-0042/2026,,– Anna Strolenberg – § 50 – § 33,190,417,27,0,0
191631,2026-04-29 13:39:42,A10-0042/2026,,– Anna Strolenberg – § 50,272,348,23,0,0
191632,2026-04-29 13:39:52,A10-0042/2026,,– Anna Strolenberg – After § 51 – Am 66,245,386,7,0,0
191633,2026-04-29 13:40:02,A10-0042/2026,,– Anna Strolenberg – After § 53 – Am 43,180,410,44,0,0
191634,2026-04-29 13:40:12,A10-0042/2026,,– Anna Strolenberg – § 54,414,195,28,0,0
191636,2026-04-29 13:40:23,A10-0042/2026,,– Anna Strolenberg – § 56/1,419,173,34,0,0
191637,2026-04-29 13:40:32,A10-0042/2026,,– Anna Strolenberg – § 56/2,271,331,24,0,0
191638,2026-04-29 13:40:43,A10-0042/2026,,– Anna Strolenberg – § 57,405,176,49,0,0
191639,2026-04-29 13:40:52,A10-0042/2026,,– Anna Strolenberg – After § 59 – Am 56,213,384,25,0,0
191640,2026-04-29 13:41:04,A10-0042/2026,,– Anna Strolenberg – § 60,366,190,67,0,0
191641,2026-04-29 13:41:16,A10-0042/2026,,– Anna Strolenberg – § 61,416,187,27,0,0
191643,2026-04-29 13:41:28,A10-0042/2026,,– Anna Strolenberg – § 64/1,445,102,82,0,0
191644,2026-04-29 13:41:39,A10-0042/2026,,– Anna Strolenberg – § 64/2,287,331,14,0,0
191645,2026-04-29 13:41:50,A10-0042/2026,,– Anna Strolenberg – After § 66 – Am 34,209,423,9,0,0
191647,2026-04-29 13:42:01,A10-0042/2026,,– Anna Strolenberg – § 67/1,429,192,15,0,0
191648,2026-04-29 13:42:12,A10-0042/2026,,– Anna Strolenberg – § 67/2,418,197,12,0,0
191649,2026-04-29 13:42:22,A10-0042/2026,,– Anna Strolenberg – After § 67 – Am 57,199,426,12,0,0
191650,2026-04-29 13:42:34,A10-0042/2026,,– Anna Strolenberg – § 69 – § 58,207,407,26,0,0
191651,2026-04-29 13:42:44,A10-0042/2026,,– Anna Strolenberg – § 69,303,328,11,0,0
191653,2026-04-29 13:42:58,A10-0042/2026,,– Anna Strolenberg – § 70/1,401,185,58,0,0
191654,2026-04-29 13:43:08,A10-0042/2026,,– Anna Strolenberg – § 70/2,336,280,17,0,0
191655,2026-04-29 13:43:20,A10-0042/2026,,– Anna Strolenberg – § 71,355,237,43,0,0
191656,2026-04-29 13:43:31,A10-0042/2026,,– Anna Strolenberg – After § 71 – Am 44,221,402,20,0,0
191657,2026-04-29 13:43:42,A10-0042/2026,,– Anna Strolenberg – After § 72 – Am 5,354,188,99,0,0
191659,2026-04-29 13:43:53,A10-0042/2026,,– Anna Strolenberg – § 74/1,622,6,3,0,0
191660,2026-04-29 13:44:03,A10-0042/2026,,– Anna Strolenberg – § 74/2,502,57,66,0,0
191661,2026-04-29 13:44:12,A10-0042/2026,,– Anna Strolenberg – After § 86 – Am 6,167,449,12,0,0
191662,2026-04-29 13:44:21,A10-0042/2026,,– Anna Strolenberg – After § 87 – Am 7,218,389,15,0,0
191663,2026-04-29 13:44:32,A10-0042/2026,,– Anna Strolenberg – After § 87 – Am 8,179,433,12,0,0
191664,2026-04-29 13:44:41,A10-0042/2026,,– Anna Strolenberg – § 92,427,195,15,0,0
191665,2026-04-29 13:44:50,A10-0042/2026,,– Anna Strolenberg – § 96,413,197,10,0,0
191667,2026-04-29 13:45:00,A10-0042/2026,,– Anna Strolenberg – § 101/1,449,141,53,0,0
191668,2026-04-29 13:45:09,A10-0042/2026,,– Anna Strolenberg – § 101/2,293,343,6,0,0
191669,2026-04-29 13:45:21,A10-0042/2026,,– Anna Strolenberg – After § 105 – Am 46,236,382,8,0,0
191676,2026-04-29 13:45:50,A10-0042/2026,,– Anna Strolenberg – § 108/1,613,6,20,0,0
191677,2026-04-29 13:46:00,A10-0042/2026,,– Anna Strolenberg – § 108/2,419,198,7,0,0
191678,2026-04-29 13:46:12,A10-0042/2026,,– Anna Strolenberg – § 122 – § 59,149,430,56,0,0
191679,2026-04-29 13:46:22,A10-0042/2026,,– Anna Strolenberg – After § 122 – Am 60,73,443,118,0,0
191680,2026-04-29 13:46:33,A10-0042/2026,,– Anna Strolenberg – Citation 17,417,189,23,0,0
191681,2026-04-29 13:46:43,A10-0042/2026,,– Anna Strolenberg – Citation 27,458,144,39,0,0
191682,2026-04-29 13:46:54,A10-0042/2026,,– Anna Strolenberg – Citation 28,289,309,41,0,0
191684,2026-04-29 13:47:05,A10-0042/2026,,– Anna Strolenberg – Citation 44/1,433,161,28,0,0
191685,2026-04-29 13:47:14,A10-0042/2026,,– Anna Strolenberg – Citation 44/2,277,342,6,0,0
191686,2026-04-29 13:47:29,A10-0042/2026,,– Anna Strolenberg – Citation 45,421,181,22,0,0
191689,2026-04-29 13:47:48,A10-0042/2026,,– Anna Strolenberg – After recital G – Am 10,320,258,63,0,0
191690,2026-04-29 13:47:58,A10-0042/2026,,– Anna Strolenberg – Recital H – Am 67,160,432,37,0,0
191691,2026-04-29 13:48:09,A10-0042/2026,,– Anna Strolenberg – After recital L – Am 11,76,509,50,0,0
191693,2026-04-29 13:48:22,A10-0042/2026,,– Anna Strolenberg – Recital M – Am 13,96,524,19,0,0
191695,2026-04-29 13:48:35,A10-0042/2026,,– Anna Strolenberg – After recital P – Am 47,202,431,2,0,0
191696,2026-04-29 13:48:45,A10-0042/2026,,– Anna Strolenberg – Recital S – Am 48,171,449,12,0,0
191698,2026-04-29 13:48:56,A10-0042/2026,,– Anna Strolenberg – Recital W/1,511,77,45,0,0
191699,2026-04-29 13:49:05,A10-0042/2026,,– Anna Strolenberg – Recital W/2,290,286,51,0,0
191700,2026-04-29 13:49:19,A10-0042/2026,,– Anna Strolenberg – Recital AC,412,199,16,0,0
191701,2026-04-29 13:49:30,A10-0042/2026,,– Anna Strolenberg – Recital AG – Am 49,196,430,6,0,0
191703,2026-04-29 13:49:40,A10-0042/2026,,– Anna Strolenberg – Recital AJ/1,437,180,13,0,0
191704,2026-04-29 13:49:49,A10-0042/2026,,– Anna Strolenberg – Recital AJ/2,281,324,13,0,0
191705,2026-04-29 13:50:00,A10-0042/2026,,– Anna Strolenberg – Recital AL,378,197,52,0,0
191706,2026-04-29 13:50:11,A10-0042/2026,,– Anna Strolenberg – Recital AO,393,197,37,0,0
191708,2026-04-29 13:50:21,A10-0042/2026,,– Anna Strolenberg – Recital AP/1,424,188,15,0,0
191709,2026-04-29 13:50:31,A10-0042/2026,,– Anna Strolenberg – Recital AP/2,273,337,12,0,0
191710,2026-04-29 13:50:42,A10-0042/2026,,– Anna Strolenberg – Recital AQ,423,185,18,0,0
191712,2026-04-29 13:50:54,A10-0042/2026,,– Anna Strolenberg – Recital AZ/1,351,204,59,0,0
191713,2026-04-29 13:51:05,A10-0042/2026,,– Anna Strolenberg – Recital AZ/2,344,216,49,0,0
191715,2026-04-29 13:51:16,A10-0042/2026,,– Anna Strolenberg – Recital BB/1,439,168,16,0,0
191716,2026-04-29 13:51:26,A10-0042/2026,,– Anna Strolenberg – Recital BB/2,308,279,41,0,0
191718,2026-04-29 13:51:36,A10-0042/2026,,– Anna Strolenberg – Recital BC/1,427,195,7,0,0
191719,2026-04-29 13:51:45,A10-0042/2026,,– Anna Strolenberg – Recital BC/2,593,22,8,0,0
191721,2026-04-29 13:52:01,A10-0042/2026,,– Anna Strolenberg – After recital BE – Am 2,163,402,45,0,0
191722,2026-04-29 13:52:12,A10-0042/2026,,– Anna Strolenberg – Recital BM,391,202,31,0,0
191723,2026-04-29 13:52:24,A10-0042/2026,,– Anna Strolenberg – Recital BV,327,272,18,0,0
191728,2026-04-28 12:08:54,EP error,,Extension of the term of office of the Special Committee on the European Democracy Shield,422,202,9,0,0
191849,2026-04-29,,,§ 31,,,,0,0
191851,2026-04-29,,,§ 140,,,,0,0
191852,2026-04-29,,,§ 140,266,242,140,0,0
191853,2026-04-29,,,§ 29,,,,0,0
191854,2026-04-29 13:17:06,A10-0104/2026,,"– Dimitris Tsiodras, Piotr Müller – Article 2, before § 1 – Am 116",251,269,116,0,0
191855,2026-04-29,,,Request for referral back to committee,,,,0,0
191856,2026-04-29,,,After § 16,153,459,35,0,0
191857,2026-04-30,,,Proposal for a Council decision,465,57,47,0,0
191859,2026-04-30,A10-0079/2026,,A10-0079/2026 – Evelyn Regner – § 4/1,380,154,40,0,0
191860,2026-04-30,A10-0079/2026,,A10-0079/2026 – Evelyn Regner – § 4/2,309,242,14,0,0
191861,2026-04-30,A10-0079/2026,,A10-0079/2026 – Evelyn Regner – § 4/3,263,310,8,0,0
191863,2026-04-30,A10-0079/2026,,A10-0079/2026 – Evelyn Regner – § 17/1,492,50,33,0,0
191864,2026-04-30,A10-0079/2026,,A10-0079/2026 – Evelyn Regner – § 17/2,297,248,22,0,0
191865,2026-04-30,A10-0079/2026,,A10-0079/2026 – Evelyn Regner – § 20 – Am 1,127,309,143,0,0
191866,2026-04-29,,,After § 5,,,,0,0
191867,2026-04-29,,,After § 8,,,,0,0
191868,2026-04-29,,,After § 15,,,,0,0
191869,2026-04-29,,,After § 21,,,,0,0
191870,2026-04-29,,,§ 27,,,,0,0
191871,2026-04-29,,,§ 31,,,,0,0
191872,2026-04-29,,,After § 31,,,,0,0
191873,2026-04-29,,,After § 31,,,,0,0
191874,2026-04-29,,,After § 106,,,,0,0
191875,2026-04-29,,,After § 106,,,,0,0
191876,2026-04-29,,,After § 106,,,,0,0
191877,2026-04-29,,,After § 106,,,,0,0
191878,2026-04-29,,,After § 107,,,,0,0
191879,2026-04-29,,,After citation 51,,,,0,0
191880,2026-04-29,,,After recital G,,,,0,0
191881,2026-04-29,,,After recital L,,,,0,0
191882,2026-04-29,,,Recital O,,,,0,0
191883,2026-04-29,,,Recital BE,,,,0,0
191884,2026-04-29,,,Proposal for a decision,,,,0,0
191885,2026-04-29,,,Proposal for a decision,,,,0,0
191886,2026-04-29,,,Proposal for a decision,,,,0,0
191887,2026-04-29,,,Proposal for a decision,,,,0,0
191888,2026-04-29,,,Proposal for a decision,,,,0,0
191889,2026-04-29,,,Proposal for a decision,,,,0,0
191890,2026-04-29,,,Proposal for a decision,,,,0,0
191891,2026-04-29,,,Proposals for decisions,,,,0,0
191892,2026-04-29,,,Proposal for a decision,,,,0,0
191893,2026-04-29,,,Proposal for a decision,,,,0,0
191895,2026-04-30,,,§ 5,,,,0,0
191896,2026-04-30,,,§ 8,,,,0,0
191897,2026-04-30,,,§ 12,,,,0,0
191898,2026-04-30,,,§ 14,,,,0,0
191902,2026-04-30,B10-0195/2026,,B10-0195/2026,,,,0,0
191903,2026-04-30,B10-0196/2026,,B10-0196/2026,,,,0,0
191904,2026-04-30,B10-0197/2026,,B10-0197/2026,,,,0,0
191905,2026-04-30,B10-0198/2026,,B10-0198/2026,,,,0,0
191906,2026-04-30,B10-0199/2026,,B10-0199/2026,,,,0,0
191907,2026-04-30,B10-0200/2026,,B10-0200/2026,,,,0,0
191911,2026-04-30,B10-0190/2026,,§ 2,,,,0,0
191912,2026-04-30,B10-0190/2026,,After § 2,,,,0,0
191913,2026-04-30,B10-0190/2026,,After § 2,108,437,34,0,0
191915,2026-04-30,B10-0190/2026,,After § 3,,,,0,0
191918,2026-04-30,B10-0190/2026,,§ 29,,,,0,0
191919,2026-04-30,B10-0190/2026,,After § 30,,,,0,0
191922,2026-04-30,B10-0190/2026,,After recital J,,,,0,0
191923,2026-04-30,B10-0190/2026,,After recital N,185,385,12,0,0
191924,2026-04-30,,,Motion for a resolution (as a whole),,,,0,0
191926,2026-04-29 13:23:52,A10-0098/2026,,– Danuše Nerudová – After Article 1 – Am 27,261,379,6,0,0
191930,2026-04-30,,,After § 3,,,,0,0
191932,2026-04-30,,,§ 8,,,,0,0
191936,2026-04-30,,,§ 17,,,,0,0
191937,2026-04-30,,,After § 18,,,,0,0
191944,2026-04-30,A10-0124/2026,,A10-0124/2026 – Michalis Hadjipantela – Motion for a resolution (as a whole),401,116,68,0,0
191946,2026-04-30,,,§ 2,,,,0,0
191947,2026-04-30,,,§ 2,,,,0,0
191948,2026-04-30,,,§ 10,316,253,14,0,0
191950,2026-04-30,,,§ 11,,,,0,0
191951,2026-04-30,,,§ 11,,,,0,0
191952,2026-04-30,A10-0088/2026,,A10-0088/2026 – Carlo Fidanza – After § 11 – Am 1,193,376,12,0,0
191954,2026-04-30,,,§ 12,,,,0,0
191955,2026-04-30,,,§ 12,,,,0,0
191956,2026-04-30,A10-0088/2026,,A10-0088/2026 – Carlo Fidanza – After § 15 – Am 2,149,406,30,0,0
191957,2026-04-30,A10-0088/2026,,A10-0088/2026 – Carlo Fidanza – After § 18 – Am 3,226,325,28,0,0
191958,2026-04-30,A10-0088/2026,,A10-0088/2026 – Carlo Fidanza – After § 27 – Am 4,330,218,35,0,0
191959,2026-04-30,A10-0088/2026,,A10-0088/2026 – Carlo Fidanza – After § 37 – Am 5,175,375,33,0,0
191960,2026-04-30,A10-0088/2026,,A10-0088/2026 – Carlo Fidanza – After § 37 – Am 6,131,418,34,0,0
191961,2026-04-30,A10-0088/2026,,A10-0088/2026 – Carlo Fidanza – After § 39 – Am 7,195,334,52,0,0
191963,2026-04-30,,,§ 43,,,,0,0
191964,2026-04-30,,,§ 43,,,,0,0
191965,2026-04-30,A10-0088/2026,,A10-0088/2026 – Carlo Fidanza – After § 46 – Am 8,244,297,41,0,0
191967,2026-04-30,,,§ 52,,,,0,0
191968,2026-04-30,,,§ 52,,,,0,0
191970,2026-04-30,,,§ 63,,,,0,0
191971,2026-04-30,,,§ 63,,,,0,0
191972,2026-04-30,,,§ 63,,,,0,0
191974,2026-04-30,,,§ 65,393,170,17,0,0
191975,2026-04-30,,,§ 65,,,,0,0
191977,2026-04-30,,,§ 66,,,,0,0
191978,2026-04-30,,,§ 66,,,,0,0
191979,2026-04-30,,,§ 66,,,,0,0
191981,2026-04-30,,,§ 68,,,,0,0
191982,2026-04-30,,,§ 68,,,,0,0
191983,2026-04-30,,,§ 68,,,,0,0
191985,2026-04-30,,,§ 70,438,136,5,0,0
191986,2026-04-30,,,§ 70,,,,0,0
191987,2026-04-30,,,§ 70,,,,0,0
191989,2026-04-30,,,§ 71,,,,0,0
191990,2026-04-30,,,§ 71,,,,0,0
191991,2026-04-30,,,§ 99,,,,0,0
191993,2026-04-30,,,§ 10,,,,0,0
191994,2026-04-30,,,§ 10,262,291,25,0,0
191996,2026-04-30,,,§ 34,,,,0,0
191997,2026-04-30,,,§ 34,278,289,18,0,0
191999,2026-04-30,,,§ 70,,,,0,0
192000,2026-04-30,,,§ 70,,,,0,0
192001,2026-04-30,,,§ 87,253,322,8,0,0
192003,2026-04-30,,,Recital C,,,,0,0
192004,2026-04-30,,,Recital C,,,,0,0
192005,2026-04-30,,,Recital C,,,,0,0
192007,2026-04-30,,,§ 7,,,,0,0
192008,2026-04-30,,,After § 15,,,,0,0
192011,2026-04-30,B10-0205/2026,,B10-0205/2026,,,,0,0
192012,2026-04-30,B10-0206/2026,,B10-0206/2026,,,,0,0
192013,2026-04-30,B10-0207/2026,,B10-0207/2026,,,,0,0
192014,2026-04-30,B10-0208/2026,,B10-0208/2026,,,,0,0
192015,2026-04-30,B10-0212/2026,,B10-0212/2026,,,,0,0
192016,2026-04-30,B10-0213/2026,,B10-0213/2026,,,,0,0
192017,2026-04-30,B10-0235/2026,,B10-0235/2026,,,,0,0
192175,2026-04-29,,,Proposals for decisions,,,,0,0
192188,2026-04-30,B10-0201/2026,,B10-0201/2026,,,,0,0
192189,2026-04-30,B10-0202/2026,,B10-0202/2026,,,,0,0
192190,2026-04-30,B10-0204/2026,,B10-0204/2026,,,,0,0
192191,2026-04-30,B10-0211/2026,,B10-0211/2026,,,,0,0
192192,2026-04-30,B10-0215/2026,,B10-0215/2026,,,,0,0
192193,2026-04-30,B10-0227/2026,,B10-0227/2026,,,,0,0
192210,2026-04-30,,,§ 1,,,,0,0
192211,2026-04-30,,,§ 1,,,,0,0
192212,2026-04-30,A10-0124/2026,,A10-0124/2026 – Michalis Hadjipantela – After § 3 – Am 3,162,407,18,0,0
192213,2026-04-30,A10-0124/2026,,A10-0124/2026 – Michalis Hadjipantela – After § 3 – Am 4,73,443,63,0,0
192215,2026-04-30,,,§ 4,,,,0,0
192216,2026-04-30,,,§ 4,,,,0,0
192218,2026-04-30,A10-0124/2026,,A10-0124/2026 – Michalis Hadjipantela – After § 8 – Am 9,185,378,17,0,0
192222,2026-04-30,A10-0124/2026,,A10-0124/2026 – Michalis Hadjipantela – § 16 – Am 10,168,378,33,0,0
192223,2026-04-30,,,§ 16,,,,0,0
192224,2026-04-30,,,§ 17,,,,0,0
192225,2026-04-30,,,§ 18,,,,0,0
192226,2026-04-30,,,§ 20,,,,0,0
192227,2026-04-30,,,§ 21,451,75,48,0,0
192228,2026-04-30,,,§ 22,,,,0,0
192229,2026-04-30,,,§ 23,,,,0,0
192230,2026-04-30,A10-0124/2026,,A10-0124/2026 – Michalis Hadjipantela – § 25 – Am 13,148,388,37,0,0
192231,2026-04-30,,,§ 27,,,,0,0
192233,2026-04-30,A10-0124/2026,,A10-0124/2026 – Michalis Hadjipantela – After § 27 - Am 15/1,410,146,28,0,0
192234,2026-04-30,A10-0124/2026,,A10-0124/2026 – Michalis Hadjipantela – After § 27 - Am 15/2,308,256,13,0,0
192236,2026-04-30,A10-0124/2026,,A10-0124/2026 – Michalis Hadjipantela – § 28 – Am 1/1,267,197,116,0,0
192237,2026-04-30,A10-0124/2026,,A10-0124/2026 – Michalis Hadjipantela – § 28 – Am 1/2,141,361,69,0,0
192239,2026-04-30,,,§ 30,,,,0,0
192240,2026-04-30,,,§ 30,,,,0,0
192241,2026-04-30,A10-0124/2026,,A10-0124/2026 – Michalis Hadjipantela – After § 28 – Am 2,218,262,108,0,0
192242,2026-04-30,A10-0124/2026,,A10-0124/2026 – Michalis Hadjipantela – After § 32 – Am 7,100,430,49,0,0
192249,2026-04-30,B10-0214/2026,,B10-0214/2026,,,,0,0
192250,2026-04-30,B10-0216/2026,,B10-0216/2026,,,,0,0
192251,2026-04-30,B10-0223/2026,,B10-0223/2026,,,,0,0
192252,2026-04-30,B10-0232/2026,,B10-0232/2026,,,,0,0
192253,2026-04-30,B10-0233/2026,,B10-0233/2026,,,,0,0
192254,2026-04-30,B10-0234/2026,,B10-0234/2026,,,,0,0
192256,2026-04-30,,,After § 3,,,,0,0
192258,2026-04-30,,,§ 6,259,296,6,0,0
192262,2026-04-30,,,After recital D,,,,0,0
192263,2026-04-30,,,After recital F,,,,0,0
192264,2026-04-30,,,After recital F,,,,0,0
192267,2026-04-30,B10-0209/2026,,B10-0209/2026,,,,0,0
192268,2026-04-30,B10-0210/2026,,B10-0210/2026,,,,0,0
192269,2026-04-30,B10-0220/2026,,B10-0220/2026,,,,0,0
192270,2026-04-30,B10-0222/2026,,B10-0222/2026,,,,0,0
192271,2026-04-30,B10-0225/2026,,B10-0225/2026,,,,0,0
192272,2026-04-30,B10-0228/2026,,B10-0228/2026,,,,0,0
192273,2026-04-30,B10-0230/2026,,B10-0230/2026,,,,0,0
192275,2026-04-30,,,After § 1,,,,0,0
192279,2026-04-30,,,§ 4,,,,0,0
192280,2026-04-30,,,§ 4,220,335,19,0,0
192282,2026-04-30,,,After § 5,,,,0,0
192283,2026-04-30,,,Recital A,,,,0,0
192284,2026-04-30,,,Recital A,,,,0,0
192287,2026-04-30,B10-0217/2026,,B10-0217/2026,,,,0,0
192288,2026-04-30,B10-0218/2026,,B10-0218/2026,,,,0,0
192289,2026-04-30,B10-0219/2026,,B10-0219/2026,,,,0,0
192290,2026-04-30,B10-0221/2026,,B10-0221/2026,,,,0,0
192291,2026-04-30,B10-0224/2026,,B10-0224/2026,,,,0,0
192292,2026-04-30,B10-0226/2026,,B10-0226/2026,,,,0,0
192293,2026-04-30,B10-0229/2026,,B10-0229/2026,,,,0,0
192294,2026-04-30,B10-0231/2026,,B10-0231/2026,,,,0,0
192295,2026-04-30,,,§ 6,,,,0,0
192297,2026-04-30,,,§ 7,,,,0,0
192298,2026-04-30,B10-0206/2026,,RC-B10-0206/2026 – § 7/2,380,173,7,0,0
192300,2026-04-30,,,§ 12,,,,0,0
192301,2026-04-30,,,§ 12,,,,0,0
192302,2026-04-30,B10-0206/2026,,RC-B10-0206/2026 – § 16,330,111,117,0,0
192304,2026-04-30,,,Recital I,,,,0,0
192305,2026-04-30,B10-0206/2026,,RC-B10-0206/2026 – Recital I/2,378,161,12,0,0
192307,2026-04-30,,,Recital K,,,,0,0
192308,2026-04-30,,,Recital K,,,,0,0
192311,2026-04-30,,,§ 6,,,,0,0
192312,2026-04-30,B10-0195/2026,,RC-B10-0195/2026 – § 6/2,458,88,22,0,0
192314,2026-04-30,,,§ 7,,,,0,0
192315,2026-04-30,,,§ 7,,,,0,0
192316,2026-04-30,B10-0195/2026,,RC-B10-0195/2026 – § 8,454,90,27,0,0
192318,2026-04-30,B10-0195/2026,,RC-B10-0195/2026 – § 14/1,522,18,29,0,0
192319,2026-04-30,B10-0195/2026,,RC-B10-0195/2026 – § 14/2,445,98,19,0,0
192320,2026-04-30,B10-0195/2026,,RC-B10-0195/2026 – After § 15 – Am 5,109,446,11,0,0
192321,2026-04-30,B10-0195/2026,,RC-B10-0195/2026 – Motion for a resolution (as a whole),476,47,48,0,0
192322,2026-04-30,B10-0201/2026,,RC-B10-0201/2026 – After § 4 – Am 5,262,216,91,0,0
192323,2026-04-30,B10-0201/2026,,RC-B10-0201/2026 – After § 5 – Am 1,116,419,38,0,0
192325,2026-04-30,B10-0201/2026,,RC-B10-0201/2026 – After § 5 – Am 3,74,489,15,0,0
192328,2026-04-30,,,§ 11,,,,0,0
192329,2026-04-30,B10-0201/2026,,RC-B10-0201/2026 – § 11/2,397,117,54,0,0
192330,2026-04-30,B10-0201/2026,,RC-B10-0201/2026 – After § 11 – Am 4,458,22,86,0,0
192332,2026-04-30,B10-0201/2026,,RC-B10-0201/2026 – § 12/1,439,95,36,0,0
192333,2026-04-30,,,§ 12,,,,0,0
192335,2026-04-30,B10-0201/2026,,RC-B10-0201/2026 – § 15/1,418,129,20,0,0
192336,2026-04-30,,,§ 15,,,,0,0
192337,2026-04-30,B10-0201/2026,,RC-B10-0201/2026 – § 15/3,394,124,48,0,0
192339,2026-04-30,,,§ 22,,,,0,0
192340,2026-04-30,B10-0201/2026,,RC-B10-0201/2026 – § 22/2,402,112,47,0,0
192341,2026-04-30,B10-0201/2026,,RC-B10-0201/2026 – Motion for a resolution (as a whole),446,63,52,0,0
192342,2026-04-30,B10-0190/2026,,B10-0190/2026 – § 2 – Am 9,136,401,42,0,0
192343,2026-04-30,B10-0190/2026,,B10-0190/2026 – After § 3 – Am 3,186,326,56,0,0
192344,2026-04-30,B10-0190/2026,,B10-0190/2026 – After § 10 – Am 7,186,383,6,0,0
192346,2026-04-30,,,§ 13,,,,0,0
192347,2026-04-30,,,§ 13,,,,0,0
192348,2026-04-30,B10-0190/2026,,B10-0190/2026 – After § 14 – Am 6,399,104,75,0,0
192350,2026-04-30,,,§ 28,,,,0,0
192351,2026-04-30,,,§ 28,,,,0,0
192352,2026-04-30,B10-0190/2026,,B10-0190/2026 – After § 30 – Am 13,188,394,3,0,0
192353,2026-04-30,B10-0190/2026,,B10-0190/2026 – After § 30 – Am 14,167,375,28,0,0
192354,2026-04-30,B10-0209/2026,,RC-B10-0209/2026 – After § 5 – Am 8,84,464,11,0,0
192355,2026-04-30,B10-0209/2026,,RC-B10-0209/2026 – § 6 – Am 3,99,427,40,0,0
192358,2026-04-30,,,§ 6,,,,0,0
192359,2026-04-30,B10-0209/2026,,RC-B10-0209/2026 – § 6/2,370,180,19,0,0
192360,2026-04-30,B10-0209/2026,,RC-B10-0209/2026 – After recital B – Am 4,86,415,66,0,0
192361,2026-04-30,B10-0209/2026,,RC-B10-0209/2026 – Motion for a resolution (as a whole),511,21,42,0,0
192363,2026-04-30,B10-0216/2026,,RC-B10-0216/2026 – § 4 – Am 1,104,377,86,0,0
192365,2026-04-30,B10-0216/2026,,RC-B10-0216/2026 – Motion for a resolution (as a whole),439,52,71,0,0
192366,2026-04-30,B10-0217/2026,,RC-B10-0217/2026 – § 2 – Am 6,49,504,20,0,0
192368,2026-04-30,B10-0217/2026,,RC-B10-0217/2026 – § 4 – Am 8,83,465,24,0,0
192369,2026-04-30,B10-0217/2026,,RC-B10-0217/2026 – § 5 – Am 2,157,329,69,0,0
192371,2026-04-30,,,Recital A,,,,0,0
192372,2026-04-30,,,Recital A,,,,0,0
192373,2026-04-30,B10-0217/2026,,RC-B10-0217/2026 – Motion for a resolution (as a whole),507,31,35,0,0
192374,2026-04-30,,,After § 4,,,,0,0
192375,2026-04-30,A10-0124/2026,,A10-0124/2026 – Michalis Hadjipantela – After § 10 – Am 14/rev,402,135,46,0,0
192376,2026-04-30,,,After § 2,,,,0,0
192377,2026-04-30,,,After § 5,,,,0,0
192378,2026-04-30,,,After § 5,,,,0,0
192379,2026-04-30,,,§ 6,,,,0,0
192380,2026-04-30,,,After § 2,,,,0,0
192381,2026-04-30,,,Motion for a resolution (as a whole),,,,0,0
192430,2026-05-19,A10-0012/2026,,A10-0012/2026 – Karin Karlsbro – Provisional agreement – Am 60,606,16,39,0,0
192432,2026-05-19,,,"Joint statement by Parliament, the Council and the Commission",,,,0,0
192434,2026-05-21,,,"A9-0157/2024 – Javier Zarzalejos, Lucia Yar – Provisional agreement – Am 136",440,49,84,0,0
192436,2026-05-19,A10-0061/2025,,A10-0061/2025 – Raphaël Glucksmann – Provisional agreement – Am 299,508,64,90,0,0
192438,2026-05-19,,,Joint statement by Parliament and the Commission,,,,0,0
192439,2026-05-19,,,Proposal for a decision,,,,0,0
192440,2026-05-19,,,Proposal for a decision,309,283,53,0,0
192441,2026-05-19,,,Proposal for a decision,,,,0,0
192442,2026-05-19,,,Proposal for a decision,,,,0,0
192443,2026-05-20,A10-0102/2026,,A10-0102/2026 – Ilhan Kyuchyuk – Draft Council decision,493,104,45,0,0
192444,2026-05-20,A10-0101/2026,,A10-0101/2026 – Bernd Lange – Draft Council decision,644,1,2,0,0
192445,2026-05-20,A10-0132/2026,,A10-0132/2026 – Jaroslav Bžoch – Draft Council decision,581,12,45,0,0
192446,2026-05-20,A10-0090/2026,,A10-0090/2026 – Moritz Körner – Draft Council decision,497,91,46,0,0
192447,2026-05-20,A10-0096/2026,,A10-0096/2026 – Nora Junco García – Draft Council decision,545,89,15,0,0
192448,2026-05-20,A10-0092/2026,,A10-0092/2026 – Oihane Agirregoitia Martínez – Draft Council decision,476,101,74,0,0
192450,2026-05-20,A10-0122/2026,,A10-0122/2026 – Brando Benifei – Motion for a resolution,527,62,59,0,0
192452,2026-05-19,,,Proposal for rejection,,,,0,0
192454,2026-05-19,,,Recital 3,,,,0,0
192455,2026-05-19,,,Recital 5,,,,0,0
192458,2026-05-20,,,After § 6,,,,0,0
192459,2026-05-20,,,After § 21,,,,0,0
192460,2026-05-20,,,§ 32,313,301,35,0,0
192461,2026-05-20,,,§ 37,,,,0,0
192463,2026-05-20,,,§ 47,,,,0,0
192467,2026-05-20,,,Recital H,,,,0,0
192468,2026-05-20,,,Recital I,,,,0,0
192471,2026-05-20,,,After recital N,,,,0,0
192472,2026-05-20,,,After recital T,,,,0,0
192473,2026-05-20,A10-0107/2026,,A10-0107/2026 – Ilhan Kyuchyuk – Motion for a resolution (as a whole),423,16,208,0,0
192474,2026-05-19,,,"Article 2, § 4, point a",,,,0,0
192475,2026-05-19,,,Recital 1,,,,0,0
192483,2026-05-20,A10-0120/2026,,A10-0120/2026 – Stéphanie Yon-Courtin – Motion for a resolution (as a whole),518,31,102,0,0
192484,2026-05-19,A10-0130/2026,,A10-0130/2026 – Borys Budka – Council draft,537,17,83,0,0
192485,2026-05-21,,,§ 2,,,,0,0
192487,2026-05-21,,,§ 4,290,165,112,0,0
192489,2026-05-21,,,§ 7,314,202,50,0,0
192492,2026-05-21,,,§ 10,,,,0,0
192493,2026-05-21,,,§ 13,321,228,12,0,0
192494,2026-05-21,,,§ 14,,,,0,0
192496,2026-05-21,,,After § 18,,,,0,0
192499,2026-05-21,,,§ 23,,,,0,0
192500,2026-05-21,,,§ 26,,,,0,0
192501,2026-05-21,,,§ 36,,,,0,0
192502,2026-05-21,,,After § 36,,,,0,0
192509,2026-05-21,,,§ 52,,,,0,0
192510,2026-05-21,,,§ 54,,,,0,0
192515,2026-05-21,,,Recital N,287,255,17,0,0
192517,2026-05-21,,,Recital T,,,,0,0
192518,2026-05-21,,,Recital V,229,259,71,0,0
192520,2026-05-21,,,Recital AB,,,,0,0
192521,2026-05-21,,,Recital AF,,,,0,0
192522,2026-05-21,,,Recital AI,,,,0,0
192523,2026-05-21,,,Recital AJ,295,253,7,0,0
192524,2026-05-21,,,Recital AM,,,,0,0
192526,2026-05-21,,,Recital AZ,,,,0,0
192527,2026-05-21,,,Recital AZ,,,,0,0
192528,2026-05-21,A10-0121/2026,,A10-0121/2026 – Isabella Lövin – Motion for a resolution (as a whole),337,178,44,0,0
192529,2026-05-20,A10-0144/2026,,"A10-0144/2026 – Marie-Agnes Strack-Zimmermann, Borys Budka – Draft Council decision",466,169,14,0,0
192530,2026-05-21,,,After § 14,,,,0,0
192533,2026-05-21,,,§ 56,259,229,32,0,0
192534,2026-05-21,,,After § 65,195,257,53,0,0
192535,2026-05-21,,,§ 81,,,,0,0
192536,2026-05-21,A10-0083/2026,,"A10-0083/2026 – Eleonora Meleti, Rosa Estaràs Ferragut – Motion for a resolution (as a whole)",263,83,154,0,0
192541,2026-05-20,,,"§ 1, after point i",,,,0,0
192542,2026-05-20,,,"§ 1, after point i",,,,0,0
192543,2026-05-20,,,"§ 1, after point i",,,,0,0
192544,2026-05-20,,,"§ 1, after point i",,,,0,0
192550,2026-05-20,,,"§ 1, point o",,,,0,0
192552,2026-05-20,,,"§ 1, after point o",,,,0,0
192553,2026-05-20,,,"§ 1, point q",290,286,66,0,0
192555,2026-05-20,,,"§ 1, point s",,,,0,0
192557,2026-05-20,,,"§ 1, point x",,,,0,0
192558,2026-05-20,,,"§ 1, point y",,,,0,0
192559,2026-05-20,,,"§ 1, point aa",,,,0,0
192564,2026-05-20,,,"§ 1, point ab",338,274,33,0,0
192569,2026-05-20,,,"§ 1, after point ab",,,,0,0
192571,2026-05-20,,,"§ 1, point ac",298,263,84,0,0
192576,2026-05-20,,,"§ 1, point ad",311,312,17,0,0
192578,2026-05-20,,,"§ 1, point ae",411,161,76,0,0
192584,2026-05-20,,,"§ 1, after point ai",,,,0,0
192585,2026-05-20,,,"§ 1, after point aj",219,379,38,0,0
192586,2026-05-20,,,"§ 1, after point aj",,,,0,0
192587,2026-05-20,,,"§ 1, after point aj",,,,0,0
192589,2026-05-20,,,"§ 1, point am",,,,0,0
192592,2026-05-20,,,"§ 1, point ap",,,,0,0
192593,2026-05-20,,,"§ 1, after point at",,,,0,0
192594,2026-05-20,,,"§ 1, after point at",,,,0,0
192595,2026-05-20,,,"§ 1, point ax",,,,0,0
192596,2026-05-20,,,"§ 1, point ay",,,,0,0
192598,2026-05-20,,,Recital E,,,,0,0
192602,2026-05-20,A10-0103/2026,,A10-0103/2026 – Andrey Kovatchev – Motion for a resolution (as a whole),369,160,112,0,0
192713,2026-05-18,,,Tuesday’s agenda – Request by the PfE Group – Terrorist attack in Modena,134,309,3,0,0
192714,2026-05-18,,,Tuesday’s agenda – Request by the ECR Group – Attack against citizens in Modena,355,86,7,0,0
192715,2026-05-18,,,Tuesday’s agenda – Request by the Renew Group – Reduced US military deployment in Europe,342,65,41,0,0
192716,2026-05-18,,,Tuesday’s agenda – Request by The Left Group – Israel’s air strikes in Lebanon,181,259,6,0,0
192717,2026-05-20,A10-0107/2026,,A10-0107/2026 – Ilhan Kyuchyuk – § 3 – Am 8,98,532,12,0,0
192719,2026-05-20,,,§ 4,,,,0,0
192720,2026-05-20,,,§ 4,288,343,19,0,0
192721,2026-05-20,A10-0107/2026,,A10-0107/2026 – Ilhan Kyuchyuk – After § 6 – Am 9,110,450,84,0,0
192722,2026-05-20,A10-0107/2026,,A10-0107/2026 – Ilhan Kyuchyuk – After § 37 – Am 1,296,223,126,0,0
192723,2026-05-20,A10-0107/2026,,A10-0107/2026 – Ilhan Kyuchyuk – After § 47 – Am 14,185,446,18,0,0
192724,2026-05-20,A10-0107/2026,,A10-0107/2026 – Ilhan Kyuchyuk – § 49 – Am 15,111,454,83,0,0
192725,2026-05-20,A10-0107/2026,,A10-0107/2026 – Ilhan Kyuchyuk – § 54 – Am 16,156,447,42,0,0
192726,2026-05-20,A10-0107/2026,,A10-0107/2026 – Ilhan Kyuchyuk – After recital I – Am 4,122,454,75,0,0
192728,2026-05-20,,,Recital K,,,,0,0
192729,2026-05-20,,,Recital K,300,325,21,0,0
192731,2026-05-20,,,Recital L,,,,0,0
192732,2026-05-20,,,Recital L,299,330,20,0,0
192733,2026-05-20,A10-0107/2026,,A10-0107/2026 – Ilhan Kyuchyuk – Recital N – Am 5,191,448,10,0,0
192734,2026-05-20,A10-0120/2026,,A10-0120/2026 – Stéphanie Yon-Courtin – § 16 – Am 4,197,444,5,0,0
192735,2026-05-20,A10-0120/2026,,A10-0120/2026 – Stéphanie Yon-Courtin – § 31 – Am 2,185,434,11,0,0
192736,2026-05-20,A10-0120/2026,,A10-0120/2026 – Stéphanie Yon-Courtin – § 41 – Am 5,186,441,10,0,0
192737,2026-05-20,A10-0120/2026,,A10-0120/2026 – Stéphanie Yon-Courtin – After § 42 – Am 7,114,447,81,0,0
192738,2026-05-20,A10-0120/2026,,A10-0120/2026 – Stéphanie Yon-Courtin – § 69 – Am 6,188,449,11,0,0
192739,2026-05-20,A10-0120/2026,,A10-0120/2026 – Stéphanie Yon-Courtin – After recital C – Am 1,198,445,8,0,0
192740,2026-05-20,A10-0120/2026,,A10-0120/2026 – Stéphanie Yon-Courtin – Recital F – Am 3,198,440,7,0,0
192741,2026-05-20,A10-0103/2026,,"A10-0103/2026 – Andrey Kovatchev – § 1, point c – Am 4",189,447,12,0,0
192743,2026-05-20,,,"§ 1, point c",,,,0,0
192744,2026-05-20,,,"§ 1, point c",,,,0,0
192745,2026-05-20,,,"§ 1, point c",,,,0,0
192746,2026-05-20,A10-0103/2026,,"A10-0103/2026 – Andrey Kovatchev – § 1, after point d – Am 42",126,406,116,0,0
192747,2026-05-20,A10-0103/2026,,"A10-0103/2026 – Andrey Kovatchev – § 1, point f – Am 10",299,336,9,0,0
192748,2026-05-20,A10-0103/2026,,"A10-0103/2026 – Andrey Kovatchev – § 1, point i – Am 5",151,447,50,0,0
192749,2026-05-20,A10-0103/2026,,"A10-0103/2026 – Andrey Kovatchev – § 1, after point i – Am 47",250,321,75,0,0
192750,2026-05-20,A10-0103/2026,,"A10-0103/2026 – Andrey Kovatchev – § 1, point l – Am 30",320,300,19,0,0
192752,2026-05-20,,,"§ 1, point l",,,,0,0
192753,2026-05-20,,,"§ 1, point l",,,,0,0
192754,2026-05-20,A10-0103/2026,,"A10-0103/2026 – Andrey Kovatchev – § 1, after point l – Am 6",173,447,27,0,0
192756,2026-05-20,,,"§ 1, point m",,,,0,0
192757,2026-05-20,A10-0103/2026,,"A10-0103/2026 – Andrey Kovatchev – § 1, point m/2",463,141,46,0,0
192758,2026-05-20,A10-0103/2026,,"A10-0103/2026 – Andrey Kovatchev – § 1, point m/3",457,153,36,0,0
192760,2026-05-20,,,"§ 1, point n",,,,0,0
192761,2026-05-20,A10-0103/2026,,"A10-0103/2026 – Andrey Kovatchev – § 1, point n/2",450,171,14,0,0
192762,2026-05-20,A10-0103/2026,,"A10-0103/2026 – Andrey Kovatchev – § 1, point n/3",452,159,18,0,0
192763,2026-05-20,A10-0103/2026,,"A10-0103/2026 – Andrey Kovatchev – § 1, point n/4",432,178,21,0,0
192764,2026-05-20,A10-0103/2026,,"A10-0103/2026 – Andrey Kovatchev – § 1, point o – Am 1",202,432,10,0,0
192765,2026-05-20,A10-0103/2026,,"A10-0103/2026 – Andrey Kovatchev – § 1, point o – Am 16",148,475,22,0,0
192766,2026-05-20,A10-0103/2026,,"A10-0103/2026 – Andrey Kovatchev – § 1, point o",409,227,11,0,0
192767,2026-05-20,A10-0103/2026,,"A10-0103/2026 – Andrey Kovatchev – § 1, after point o – Am 17",205,437,4,0,0
192769,2026-05-20,,,"§ 1, point p",,,,0,0
192770,2026-05-20,,,"§ 1, point p",,,,0,0
192771,2026-05-20,A10-0103/2026,,"A10-0103/2026 – Andrey Kovatchev – § 1, after point r – Am 7",184,448,15,0,0
192772,2026-05-20,A10-0103/2026,,"A10-0103/2026 – Andrey Kovatchev – § 1, point v – Am 2",189,444,10,0,0
192774,2026-05-20,,,"§ 1, point v",,,,0,0
192775,2026-05-20,A10-0103/2026,,"A10-0103/2026 – Andrey Kovatchev – § 1, point v/2",417,177,51,0,0
192776,2026-05-20,,,"§ 1, point w",,,,0,0
192777,2026-05-20,A10-0103/2026,,"A10-0103/2026 – Andrey Kovatchev – § 1, point aa – Am 31",284,288,70,0,0
192778,2026-05-20,A10-0103/2026,,"A10-0103/2026 – Andrey Kovatchev – § 1, point aa – Am 52",138,391,107,0,0
192779,2026-05-20,A10-0103/2026,,"A10-0103/2026 – Andrey Kovatchev – § 1, after point aa – Am 32",347,205,86,0,0
192780,2026-05-20,A10-0103/2026,,"A10-0103/2026 – Andrey Kovatchev – § 1, after point aa – Am 53",379,181,78,0,0
192781,2026-05-20,A10-0103/2026,,"A10-0103/2026 – Andrey Kovatchev – § 1, point ab – Am 54",199,399,22,0,0
192782,2026-05-20,A10-0103/2026,,"A10-0103/2026 – Andrey Kovatchev – § 1, after point ab – Am 55",206,391,21,0,0
192783,2026-05-20,A10-0103/2026,,"A10-0103/2026 – Andrey Kovatchev – § 1, after point ab – Am 56",148,466,22,0,0
192784,2026-05-20,A10-0103/2026,,"A10-0103/2026 – Andrey Kovatchev – § 1, after point ab – Am 57",200,388,41,0,0
192785,2026-05-20,A10-0103/2026,,"A10-0103/2026 – Andrey Kovatchev – § 1, after point ab – Am 59",156,474,15,0,0
192786,2026-05-20,A10-0103/2026,,"A10-0103/2026 – Andrey Kovatchev – § 1, point ac – Am 33",461,94,77,0,0
192788,2026-05-20,A10-0103/2026,,"A10-0103/2026 – Andrey Kovatchev – § 1, point ad – Am 34",308,313,23,0,0
192789,2026-05-20,A10-0103/2026,,"A10-0103/2026 – Andrey Kovatchev – § 1, after point ad – Am 23= 37=",235,398,10,0,0
192790,2026-05-20,A10-0103/2026,,"A10-0103/2026 – Andrey Kovatchev – § 1, point ae – Am 35",415,206,20,0,0
192792,2026-05-20,A10-0103/2026,,"A10-0103/2026 – Andrey Kovatchev – § 1, point af/1",622,5,6,0,0
192793,2026-05-20,A10-0103/2026,,"A10-0103/2026 – Andrey Kovatchev – § 1, point af/2",482,132,9,0,0
192794,2026-05-20,A10-0103/2026,,"A10-0103/2026 – Andrey Kovatchev – § 1, after point af – Am 25= 38=",342,279,14,0,0
192795,2026-05-20,A10-0103/2026,,"A10-0103/2026 – Andrey Kovatchev – § 1, after point ag – Am 27= 39=",338,285,18,0,0
192796,2026-05-20,A10-0103/2026,,"A10-0103/2026 – Andrey Kovatchev – § 1, after point aj – Am 63",201,411,29,0,0
192798,2026-05-20,,,"§ 1, point al",,,,0,0
192799,2026-05-20,A10-0103/2026,,"A10-0103/2026 – Andrey Kovatchev – § 1, point al/2",515,112,19,0,0
192800,2026-05-20,A10-0103/2026,,"A10-0103/2026 – Andrey Kovatchev – § 1, point al/3",474,136,27,0,0
192801,2026-05-20,,,"§ 1, point al",489,124,31,0,0
192802,2026-05-20,A10-0103/2026,,"A10-0103/2026 – Andrey Kovatchev – § 1, point al/5",465,139,27,0,0
192803,2026-05-20,A10-0103/2026,,"A10-0103/2026 – Andrey Kovatchev – § 1, point ap – Am 65",327,264,55,0,0
192805,2026-05-20,,,"§ 1, point aq",,,,0,0
192806,2026-05-20,A10-0103/2026,,"A10-0103/2026 – Andrey Kovatchev – § 1, point aq/2",455,152,39,0,0
192807,2026-05-20,,,"§ 1, point bc",,,,0,0
192809,2026-05-20,,,"§ 1, point bd",,,,0,0
192810,2026-05-20,,,"§ 1, point bd",,,,0,0
192812,2026-05-20,,,Citation 5,,,,0,0
192813,2026-05-20,A10-0103/2026,,A10-0103/2026 – Andrey Kovatchev – Citation 5/2,467,151,32,0,0
192814,2026-05-20,,,Citation 26,,,,0,0
192815,2026-05-20,,,Recital B,,,,0,0
192816,2026-05-20,A10-0103/2026,,A10-0103/2026 – Andrey Kovatchev – Recital C – Am 9,143,452,55,0,0
192818,2026-05-20,,,Recital C,,,,0,0
192819,2026-05-20,,,Recital C,,,,0,0
192821,2026-05-20,,,Recital F,,,,0,0
192822,2026-05-20,,,Recital F,,,,0,0
192823,2026-05-20,A10-0103/2026,,A10-0103/2026 – Andrey Kovatchev – After recital F – Am 29,291,303,50,0,0
192825,2026-05-20,,,Recital G,,,,0,0
192826,2026-05-20,A10-0103/2026,,A10-0103/2026 – Andrey Kovatchev – Recital G/2,470,112,63,0,0
192828,2026-05-20,,,Recital K,,,,0,0
192829,2026-05-20,,,Recital K,,,,0,0
192830,2026-05-20,A10-0103/2026,,A10-0103/2026 – Andrey Kovatchev – Recital M – Am 3,114,494,40,0,0
192832,2026-05-20,,,Recital N,,,,0,0
192833,2026-05-20,,,Recital N,,,,0,0
192834,2026-05-20,A10-0103/2026,,A10-0103/2026 – Andrey Kovatchev – After recital P – Am 41,225,396,17,0,0
192838,2026-05-20,B10-0245/2026,,§ 2,278,357,6,0,0
192840,2026-05-20,B10-0245/2026,,§ 4,302,328,16,0,0
192843,2026-05-20,B10-0245/2026,,§ 19,313,321,11,0,0
192844,2026-05-20,B10-0245/2026,,§ 20,394,203,38,0,0
192845,2026-05-20,B10-0245/2026,,After § 23,,,,0,0
192846,2026-05-20,B10-0245/2026,,After § 24,,,,0,0
192849,2026-05-20,B10-0245/2026,,Recital S,299,306,30,0,0
192850,2026-05-20,B10-0245/2026,,Recital W,,,,0,0
192851,2026-05-20,B10-0245/2026,,After recital W,,,,0,0
192978,2026-05-20,A10-0103/2026,,"A10-0103/2026 – Andrey Kovatchev – § 1, point af – Am 24",185,441,12,0,0
192979,2026-05-20,A10-0103/2026,,"A10-0103/2026 – Andrey Kovatchev – § 1, point ag – Am 26",199,404,31,0,0
192980,2026-05-20,A10-0103/2026,,"A10-0103/2026 – Andrey Kovatchev – § 1, point ap – Am 28",320,293,19,0,0
192989,2026-05-20,A10-0103/2026,,"A10-0103/2026 – Andrey Kovatchev – § 1, point ad – Am 22= 36=",210,417,21,0,0
192990,2026-05-20,B10-0245/2026,,B10-0245/2026 – § 1 – Am 2,192,451,4,0,0
192991,2026-05-20,B10-0245/2026,,B10-0245/2026 – After § 1 – Am 12,193,431,8,0,0
192992,2026-05-20,B10-0245/2026,,B10-0245/2026 – § 2,435,190,16,0,0
192993,2026-05-20,B10-0245/2026,,B10-0245/2026 – § 4 – Am 3,189,440,10,0,0
192994,2026-05-20,,,§ 4,,,,0,0
192995,2026-05-20,B10-0245/2026,,B10-0245/2026 – § 6,418,210,9,0,0
192997,2026-05-20,B10-0245/2026,,B10-0245/2026 – § 11/1,474,73,91,0,0
192998,2026-05-20,,,§ 11,,,,0,0
192999,2026-05-20,B10-0245/2026,,B10-0245/2026 – After § 14 – Am 13,204,432,8,0,0
193000,2026-05-20,B10-0245/2026,,B10-0245/2026 – § 15 – Am 4,184,454,6,0,0
193002,2026-05-20,,,§ 15,,,,0,0
193003,2026-05-20,B10-0245/2026,,B10-0245/2026 – § 15/2,635,4,3,0,0
193005,2026-05-20,B10-0245/2026,,B10-0245/2026 – § 19/1,572,37,37,0,0
193006,2026-05-20,B10-0245/2026,,B10-0245/2026 – § 19/2,463,151,28,0,0
193008,2026-05-20,,,§ 20,,,,0,0
193009,2026-05-20,,,§ 20,,,,0,0
193010,2026-05-20,B10-0245/2026,,B10-0245/2026 – § 21,465,122,42,0,0
193011,2026-05-20,,,§ 23,,,,0,0
193012,2026-05-20,B10-0245/2026,,B10-0245/2026 – Citation 7,426,192,17,0,0
193013,2026-05-20,B10-0245/2026,,B10-0245/2026 – Citation 11,464,134,30,0,0
193014,2026-05-20,,,Citation 21,,,,0,0
193015,2026-05-20,B10-0245/2026,,B10-0245/2026 – Citation 25,451,145,52,0,0
193016,2026-05-20,B10-0245/2026,,B10-0245/2026 – After recital C – Am 1,201,438,4,0,0
193017,2026-05-20,B10-0245/2026,,B10-0245/2026 – After recital D – Am 10,187,440,18,0,0
193022,2026-05-20,,,Recital F,,,,0,0
193023,2026-05-20,,,Recital F,,,,0,0
193024,2026-05-20,,,Recital S,,,,0,0
193025,2026-05-20,,,Recital W,,,,0,0
193026,2026-05-20,B10-0245/2026,,B10-0245/2026 – Motion for a resolution (as a whole),347,165,25,0,0
193029,2026-05-20,,,Recital D,,,,0,0
193030,2026-05-20,,,Recital D,,,,0,0
193031,2026-05-21,A10-0121/2026,,A10-0121/2026 – Isabella Lövin – § 3 – Am 25,198,366,6,0,0
193032,2026-05-21,A10-0121/2026,,A10-0121/2026 – Isabella Lövin – § 6 – Am 27,187,380,3,0,0
193033,2026-05-21,A10-0121/2026,,A10-0121/2026 – Isabella Lövin – § 8 – Am 29D,191,371,8,0,0
193034,2026-05-21,A10-0121/2026,,A10-0121/2026 – Isabella Lövin – § 9 – Am 30D,158,374,36,0,0
193036,2026-05-21,A10-0121/2026,,A10-0121/2026 – Isabella Lövin – § 9/1,422,83,66,0,0
193037,2026-05-21,A10-0121/2026,,A10-0121/2026 – Isabella Lövin – § 9/2,306,225,38,0,0
193038,2026-05-21,A10-0121/2026,,A10-0121/2026 – Isabella Lövin – § 18 – Am 34D,198,354,14,0,0
193039,2026-05-21,A10-0121/2026,,A10-0121/2026 – Isabella Lövin – § 21 – Am 35,205,262,96,0,0
193040,2026-05-21,A10-0121/2026,,A10-0121/2026 – Isabella Lövin – § 22 – Am 36,208,264,94,0,0
193041,2026-05-21,A10-0121/2026,,A10-0121/2026 – Isabella Lövin – § 35,551,12,5,0,0
193042,2026-05-21,A10-0121/2026,,A10-0121/2026 – Isabella Lövin – After § 36 – Am 1,158,398,11,0,0
193043,2026-05-21,A10-0121/2026,,A10-0121/2026 – Isabella Lövin – After § 36 – Am 2,202,346,19,0,0
193044,2026-05-21,A10-0121/2026,,A10-0121/2026 – Isabella Lövin – After § 36 – Am 3,205,344,17,0,0
193045,2026-05-21,A10-0121/2026,,A10-0121/2026 – Isabella Lövin – After § 36 – Am 4,279,121,167,0,0
193047,2026-05-21,A10-0121/2026,,A10-0121/2026 – Isabella Lövin – After § 36 – Am 5/1,388,120,62,0,0
193048,2026-05-21,A10-0121/2026,,A10-0121/2026 – Isabella Lövin – After § 36 – Am 5/2,226,296,46,0,0
193049,2026-05-21,A10-0121/2026,,A10-0121/2026 – Isabella Lövin – § 37,391,90,84,0,0
193050,2026-05-21,A10-0121/2026,,A10-0121/2026 – Isabella Lövin – § 40,531,24,13,0,0
193051,2026-05-21,A10-0121/2026,,A10-0121/2026 – Isabella Lövin – § 43 – Am 12,501,49,15,0,0
193052,2026-05-21,A10-0121/2026,,A10-0121/2026 – Isabella Lövin – § 55 – Am 42D,166,356,40,0,0
193053,2026-05-21,A10-0121/2026,,A10-0121/2026 – Isabella Lövin – § 56 – Am 43,162,384,20,0,0
193055,2026-05-21,A10-0121/2026,,A10-0121/2026 – Isabella Lövin – § 56/1,378,171,16,0,0
193056,2026-05-21,A10-0121/2026,,A10-0121/2026 – Isabella Lövin – § 56/2,537,26,3,0,0
193057,2026-05-21,A10-0121/2026,,A10-0121/2026 – Isabella Lövin – Recital A – Am 13,293,263,10,0,0
193059,2026-05-21,,,After recital D,,,,0,0
193060,2026-05-21,,,After recital D,,,,0,0
193062,2026-05-21,,,Recital S,287,264,8,0,0
193063,2026-05-21,,,Recital S,,,,0,0
193064,2026-05-21,A10-0121/2026,,A10-0121/2026 – Isabella Lövin – Recital Y – Am 6,122,432,4,0,0
193065,2026-05-21,A10-0121/2026,,A10-0121/2026 – Isabella Lövin – Recital AY – Am 7,175,378,2,0,0
193068,2026-05-21,B10-0244/2026,,After § 7,,,,0,0
193069,2026-05-21,B10-0244/2026,,After § 8,,,,0,0
193079,2026-05-21,B10-0244/2026,,After recital R,,,,0,0
193081,2026-05-21,A10-0083/2026,,"A10-0083/2026 – Eleonora Meleti, Rosa Estaràs Ferragut – § 14",496,7,35,0,0
193082,2026-05-21,A10-0083/2026,,"A10-0083/2026 – Eleonora Meleti, Rosa Estaràs Ferragut – After § 14 – Am 2",181,342,20,0,0
193083,2026-05-21,A10-0083/2026,,"A10-0083/2026 – Eleonora Meleti, Rosa Estaràs Ferragut – § 15",460,14,64,0,0
193084,2026-05-21,A10-0083/2026,,"A10-0083/2026 – Eleonora Meleti, Rosa Estaràs Ferragut – § 19",505,29,9,0,0
193085,2026-05-21,A10-0083/2026,,"A10-0083/2026 – Eleonora Meleti, Rosa Estaràs Ferragut – § 22",321,118,102,0,0
193086,2026-05-21,,,§ 27,,,,0,0
193087,2026-05-21,A10-0083/2026,,"A10-0083/2026 – Eleonora Meleti, Rosa Estaràs Ferragut – After § 28 – Am 3",190,311,39,0,0
193089,2026-05-21,A10-0083/2026,,"A10-0083/2026 – Eleonora Meleti, Rosa Estaràs Ferragut – § 36/1",472,33,33,0,0
193090,2026-05-21,A10-0083/2026,,"A10-0083/2026 – Eleonora Meleti, Rosa Estaràs Ferragut – § 36/2",299,134,103,0,0
193092,2026-05-21,A10-0083/2026,,"A10-0083/2026 – Eleonora Meleti, Rosa Estaràs Ferragut – § 37/1",286,182,65,0,0
193093,2026-05-21,A10-0083/2026,,"A10-0083/2026 – Eleonora Meleti, Rosa Estaràs Ferragut – § 37/2",245,275,20,0,0
193094,2026-05-21,,,§ 38,334,135,70,0,0
193095,2026-05-21,A10-0083/2026,,"A10-0083/2026 – Eleonora Meleti, Rosa Estaràs Ferragut – § 43",261,105,174,0,0
193097,2026-05-21,A10-0083/2026,,"A10-0083/2026 – Eleonora Meleti, Rosa Estaràs Ferragut – § 49/1",421,77,33,0,0
193098,2026-05-21,A10-0083/2026,,"A10-0083/2026 – Eleonora Meleti, Rosa Estaràs Ferragut – § 49/2",358,134,30,0,0
193099,2026-05-21,A10-0083/2026,,"A10-0083/2026 – Eleonora Meleti, Rosa Estaràs Ferragut – § 53",248,158,114,0,0
193100,2026-05-21,A10-0083/2026,,"A10-0083/2026 – Eleonora Meleti, Rosa Estaràs Ferragut – § 55",373,76,79,0,0
193101,2026-05-21,A10-0083/2026,,"A10-0083/2026 – Eleonora Meleti, Rosa Estaràs Ferragut – § 58",507,3,16,0,0
193102,2026-05-21,A10-0083/2026,,"A10-0083/2026 – Eleonora Meleti, Rosa Estaràs Ferragut – § 64",266,234,25,0,0
193103,2026-05-21,A10-0083/2026,,"A10-0083/2026 – Eleonora Meleti, Rosa Estaràs Ferragut – § 79",327,154,31,0,0
193104,2026-05-21,A10-0083/2026,,"A10-0083/2026 – Eleonora Meleti, Rosa Estaràs Ferragut – § 81",307,146,58,0,0
193105,2026-05-21,A10-0083/2026,,"A10-0083/2026 – Eleonora Meleti, Rosa Estaràs Ferragut – § 83",427,42,42,0,0
193107,2026-05-21,A10-0083/2026,,"A10-0083/2026 – Eleonora Meleti, Rosa Estaràs Ferragut – Recital A/1",437,28,48,0,0
193108,2026-05-21,A10-0083/2026,,"A10-0083/2026 – Eleonora Meleti, Rosa Estaràs Ferragut – Recital A/2",303,178,27,0,0
193109,2026-05-21,A10-0083/2026,,"A10-0083/2026 – Eleonora Meleti, Rosa Estaràs Ferragut – Recital F",473,12,26,0,0
193111,2026-05-21,A10-0083/2026,,"A10-0083/2026 – Eleonora Meleti, Rosa Estaràs Ferragut – Recital R/1",384,113,13,0,0
193112,2026-05-21,A10-0083/2026,,"A10-0083/2026 – Eleonora Meleti, Rosa Estaràs Ferragut – Recital R/2",320,152,34,0,0
193114,2026-05-21,A10-0083/2026,,"A10-0083/2026 – Eleonora Meleti, Rosa Estaràs Ferragut – Recital S/1",344,111,50,0,0
193115,2026-05-21,A10-0083/2026,,"A10-0083/2026 – Eleonora Meleti, Rosa Estaràs Ferragut – Recital S/2",273,160,79,0,0
193116,2026-05-21,A10-0083/2026,,"A10-0083/2026 – Eleonora Meleti, Rosa Estaràs Ferragut – Recital AC",238,217,57,0,0
193117,2026-05-21,A10-0083/2026,,"A10-0083/2026 – Eleonora Meleti, Rosa Estaràs Ferragut – Recital AF",285,198,30,0,0
193118,2026-05-21,A10-0083/2026,,"A10-0083/2026 – Eleonora Meleti, Rosa Estaràs Ferragut – Recital AH",294,144,70,0,0
193313,2026-05-21,A10-0137/2026,,A10-0137/2026 – Ralf Seekatz – Decision to enter into interinstitutional negotiations,294,192,90,0,0
193314,2026-05-21,A10-0138/2026,,A10-0138/2026 – Ralf Seekatz – Decision to enter into interinstitutional negotiations,294,194,86,0,0
193315,2026-05-21,A10-0139/2026,,A10-0139/2026 – Jens Gieseke – Decision to enter into interinstitutional negotiations,369,126,84,0,0
193316,2026-05-20,,,"§ 1, point ab",,,,0,0
193330,2026-05-21,B10-0244/2026,,B10-0244/2026 – § 1 – Am 3= 5=,181,267,25,0,0
193331,2026-05-21,B10-0244/2026,,B10-0244/2026 – After § 12 – Am 15,146,316,6,0,0
193332,2026-05-21,B10-0244/2026,,B10-0244/2026 – After § 15 – Am 11,75,330,65,0,0
193333,2026-05-21,B10-0244/2026,,B10-0244/2026 – § 17 – Am 6,168,300,6,0,0
193334,2026-05-21,B10-0244/2026,,B10-0244/2026 – After § 17 – Am 7,160,296,14,0,0
193336,2026-05-21,B10-0244/2026,,B10-0244/2026 – § 18/1,323,97,55,0,0
193337,2026-05-21,B10-0244/2026,,B10-0244/2026 – § 18/2,303,165,5,0,0
193338,2026-05-21,B10-0244/2026,,B10-0244/2026 – § 18/3,313,94,58,0,0
193339,2026-05-21,B10-0244/2026,,B10-0244/2026 – After § 21 – Am 8,167,294,11,0,0
193340,2026-05-21,B10-0244/2026,,B10-0244/2026 – After § 21 – Am 9,160,300,13,0,0
193341,2026-05-21,B10-0244/2026,,B10-0244/2026 – After recital B – Am 4,164,288,19,0,0
193342,2026-05-21,B10-0244/2026,,B10-0244/2026 – After recital E – Am 10,87,353,32,0,0
193343,2026-05-21,B10-0244/2026,,B10-0244/2026 – Recital F – Am 1= 2=,243,211,19,0,0
193344,2026-05-21,,,Recital F,,,,0,0
193345,2026-05-21,B10-0244/2026,,B10-0244/2026 – Motion for a resolution (as a whole),395,12,41,0,0
193350,2026-05-21,B10-0248/2026,,B10-0248/2026,,,,0,0
193351,2026-05-21,B10-0250/2026,,B10-0250/2026,,,,0,0
193352,2026-05-21,B10-0253/2026,,B10-0253/2026,,,,0,0
193353,2026-05-21,B10-0256/2026,,B10-0256/2026,,,,0,0
193354,2026-05-21,B10-0257/2026,,B10-0257/2026,,,,0,0
193355,2026-05-21,B10-0264/2026,,B10-0264/2026,,,,0,0
193360,2026-05-21,,,After § 4,,,,0,0
193370,2026-05-21,B10-0259/2026,,B10-0259/2026,,,,0,0
193371,2026-05-21,B10-0260/2026,,B10-0260/2026,,,,0,0
193372,2026-05-21,B10-0261/2026,,B10-0261/2026,,,,0,0
193373,2026-05-21,B10-0262/2026,,B10-0262/2026,,,,0,0
193374,2026-05-21,B10-0263/2026,,B10-0263/2026,,,,0,0
193375,2026-05-21,B10-0265/2026,,B10-0265/2026,,,,0,0
193376,2026-05-21,B10-0266/2026,,B10-0266/2026,,,,0,0
193379,2026-05-21,,,§ 4,,,,0,0
193386,2026-05-21,B10-0246/2026,,B10-0246/2026,,,,0,0
193387,2026-05-21,B10-0247/2026,,B10-0247/2026,,,,0,0
193388,2026-05-21,B10-0249/2026,,B10-0249/2026,,,,0,0
193389,2026-05-21,B10-0251/2026,,B10-0251/2026,,,,0,0
193390,2026-05-21,B10-0252/2026,,B10-0252/2026,,,,0,0
193391,2026-05-21,B10-0254/2026,,B10-0254/2026,,,,0,0
193392,2026-05-21,B10-0255/2026,,B10-0255/2026,,,,0,0
193393,2026-05-21,B10-0258/2026,,B10-0258/2026,,,,0,0
193394,2026-05-21,B10-0248/2026,,RC-B10-0248/2026 – § 6 – Am 1,87,415,65,0,0
193395,2026-05-21,B10-0248/2026,,RC-B10-0248/2026 – Motion for a resolution (as a whole),469,38,62,0,0
193396,2026-05-21,B10-0260/2026,,RC-B10-0260/2026 – After § 1 – Am 9,240,312,20,0,0
193397,2026-05-21,B10-0260/2026,,RC-B10-0260/2026 – After § 2 – Am 10,72,459,37,0,0
193398,2026-05-21,B10-0260/2026,,RC-B10-0260/2026 – § 4 – Am 3,178,379,12,0,0
193399,2026-05-21,B10-0260/2026,,RC-B10-0260/2026 – After § 5 – Am 4,201,347,19,0,0
193400,2026-05-21,B10-0260/2026,,RC-B10-0260/2026 – After § 5 – Am 5,195,355,15,0,0
193401,2026-05-21,B10-0260/2026,,RC-B10-0260/2026 – § 7 – Am 6,180,383,5,0,0
193403,2026-05-21,,,§ 9,,,,0,0
193404,2026-05-21,,,§ 9,,,,0,0
193406,2026-05-21,B10-0260/2026,,RC-B10-0260/2026 – § 11/1,502,41,28,0,0
193407,2026-05-21,B10-0260/2026,,RC-B10-0260/2026 – § 11/2,435,113,23,0,0
193408,2026-05-21,B10-0260/2026,,RC-B10-0260/2026 – § 12 – Am 7,165,386,18,0,0
193409,2026-05-21,B10-0260/2026,,RC-B10-0260/2026 – § 12 – Am 8,106,386,77,0,0
193410,2026-05-21,B10-0260/2026,,RC-B10-0260/2026 – After recital D – Am 1,184,368,14,0,0
193411,2026-05-21,B10-0260/2026,,RC-B10-0260/2026 – After recital D – Am 2,185,371,13,0,0
193412,2026-05-21,B10-0260/2026,,RC-B10-0260/2026 – Motion for a resolution (as a whole),516,14,39,0,0
193413,2026-05-21,B10-0247/2026,,RC-B10-0247/2026 – After § 2 – Am 1,181,338,36,0,0
193414,2026-05-21,B10-0247/2026,,RC-B10-0247/2026 – § 4 – Am 5,295,189,73,0,0
193416,2026-05-21,B10-0247/2026,,RC-B10-0247/2026 – After § 4 – Am 4/1,155,382,26,0,0
193417,2026-05-21,B10-0247/2026,,RC-B10-0247/2026 – After § 4 – Am 4/2,142,380,36,0,0
193418,2026-05-21,B10-0247/2026,,RC-B10-0247/2026 – After § 4 – Am 2,184,348,28,0,0
193419,2026-05-21,B10-0247/2026,,RC-B10-0247/2026 – § 7 – Am 3,296,252,19,0,0
193420,2026-05-21,B10-0247/2026,,RC-B10-0247/2026 – Motion for a resolution (as a whole),480,5,83,0,0
193437,2026-05-21,,,§ 2,334,173,23,0,0
193470,2026-06-16,,,Proposal for rejection,,,,0,0
193474,2026-06-16,A10-0069/2026,,A10-0069/2026 – Bernd Lange – Provisional agreement – Am 62,440,151,50,0,0
193476,2026-06-16,,,Joint statement by Parliament and the Commission,,,,0,0
193477,2026-06-16,,,Commission statement,,,,0,0
193479,2026-06-16,,,Text as a whole,,,,0,0
193480,2026-06-16,,,"Article 3, § 1, sub§ 1, point d",,,,0,0
193481,2026-06-16,,,After recital 1,,,,0,0
193482,2026-06-16,,,After recital 2,,,,0,0
193483,2026-06-16,,,After recital 2,,,,0,0
193484,2026-06-16,,,After recital 2,,,,0,0
193485,2026-06-16,,,After recital 4,,,,0,0
193486,2026-06-16,,,Commission proposal,,,,0,0
193487,2026-06-16,,,Proposal for a decision,,,,0,0
193488,2026-06-16,,,Proposal for a decision,,,,0,0
193489,2026-06-16,,,Proposal for a decision,344,234,25,0,0
193490,2026-06-16,,,Proposal for a decision,,,,0,0
193492,2026-06-16,A10-0161/2025,,A10-0161/2025 – Céline Imart – Provisional agreement – Am 149,560,75,25,0,0
193493,2026-06-16,A10-0158/2026,,A10-0158/2026 – Johan Van Overtveldt – Draft Council decision,563,44,56,0,0
193500,2026-06-17,,,After § 21,,,,0,0
193502,2026-06-17,,,§ 37,,,,0,0
193511,2026-06-17,A10-0141/2026,,A10-0141/2026 – Andreas Schieder – Motion for a resolution (as a whole),483,103,70,0,0
193513,2026-06-16,,,Proposal for rejection,,,,0,0
193515,2026-06-16,A10-0070/2026,,A10-0070/2026 – Bernd Lange – Provisional agreement – Am 18,444,152,54,0,0
193516,2026-06-16,A10-0148/2026,,A10-0148/2026 – Juan Ignacio Zoido Álvarez – Motion for a resolution,415,105,142,0,0
193517,2026-06-17,A10-0133/2026,,A10-0133/2026 – Karin Karlsbro – Draft Council decision,608,38,15,0,0
193518,2026-06-17,A10-0146/2026,,A10-0146/2026 – Karin Karlsbro – Motion for a resolution,542,52,70,0,0
193519,2026-06-16,,,Alternative motion for a resolution,,,,0,0
193526,2026-06-17,,,After § 54,,,,0,0
193527,2026-06-17,A10-0143/2026,,A10-0143/2026 – Marjan Šarec – Motion for a resolution (as a whole),486,101,75,0,0
193531,2026-06-16,,,§ 6,,,,0,0
193532,2026-06-16,,,After § 16,,,,0,0
193533,2026-06-16,,,After § 16,,,,0,0
193536,2026-06-16,,,After § 20,,,,0,0
193539,2026-06-16,,,Recital A,,,,0,0
193542,2026-06-16,A10-0145/2026,,"A10-0145/2026 – Loránt Vincze, Charles Goerens – Motion for a resolution (as a whole)",426,140,107,0,0
193543,2026-06-17,A10-0157/2026,,A10-0157/2026 – Ilhan Kyuchyuk – Proposal for a Council decision,659,1,1,0,0
193545,2026-06-17,,,"§ 1, point n",,,,0,0
193551,2026-06-17,A10-0150/2026,,A10-0150/2026 – Leoluca Orlando – Motion for a resolution (as a whole),431,111,103,0,0
193552,2026-06-16,,,§ 8,218,340,106,0,0
193553,2026-06-16,A10-0149/2026,,A10-0149/2026 – Bogdan Rzońca – Motion for a resolution (as a whole),602,47,11,0,0
193554,2026-06-17,,,Amendments by the committee responsible – put to the vote collectively,318,291,49,0,0
193556,2026-06-17,,,"Article 1, § 1, after point 1; Directive (EU) 2020/262 - Article 32 – § 3 – point a",288,316,56,0,0
193557,2026-06-17,A10-0160/2026,,A10-0160/2026 – Tomáš Kubín – Commission proposal to the Council,325,304,29,0,0
193559,2026-06-17,,,After § 3,,,,0,0
193560,2026-06-17,,,§ 4,,,,0,0
193561,2026-06-17,,,§ 11,,,,0,0
193562,2026-06-17,,,§ 12,,,,0,0
193564,2026-06-17,,,§ 22,,,,0,0
193565,2026-06-17,,,After § 39,,,,0,0
193566,2026-06-17,,,§ 46,,,,0,0
193567,2026-06-17,,,§ 55,,,,0,0
193568,2026-06-17,,,After recital F,,,,0,0
193569,2026-06-17,,,After recital AD,,,,0,0
193570,2026-06-17,,,After recital AD,,,,0,0
193571,2026-06-17,,,After recital AD,,,,0,0
193572,2026-06-17,A10-0140/2026,,A10-0140/2026 – Rasa Juknevičienė – Motion for a resolution (as a whole),436,145,47,0,0
193573,2026-06-17,A10-0134/2026,,A10-0134/2026 – Saskia Bricmont – Draft Council decision,276,13,9,0,0
193587,2026-06-17,A10-0159/2026,,A10-0159/2026 – Michalis Hadjipantela – Commission proposal to the Council,549,33,84,0,0
193588,2026-06-16,,,Request for an urgent decision,,,,0,0
193593,2026-06-17,,,§ 10,,,,0,0
193594,2026-06-17,,,After § 11,,,,0,0
193596,2026-06-17,,,§ 12,,,,0,0
193597,2026-06-17,,,§ 13,,,,0,0
193599,2026-06-17,,,§ 18,,,,0,0
193600,2026-06-17,,,§ 19,,,,0,0
193601,2026-06-17,,,§ 20,,,,0,0
193603,2026-06-17,,,§ 22,,,,0,0
193604,2026-06-17,,,After § 22,,,,0,0
193605,2026-06-17,,,§ 26,,,,0,0
193606,2026-06-17,,,§ 26,,,,0,0
193608,2026-06-17,,,§ 31,,,,0,0
193609,2026-06-17,,,§ 35,,,,0,0
193614,2026-06-17,,,§ 37,,,,0,0
193615,2026-06-17,,,§ 37,,,,0,0
193618,2026-06-17,,,§ 39,,,,0,0
193623,2026-06-17,,,§ 40,260,357,44,0,0
193624,2026-06-17,,,After § 40,,,,0,0
193625,2026-06-17,,,After § 41,,,,0,0
193627,2026-06-17,,,After § 42,,,,0,0
193630,2026-06-17,,,§ 44,,,,0,0
193631,2026-06-17,,,§ 44,,,,0,0
193632,2026-06-17,,,§ 45,,,,0,0
193638,2026-06-17,,,§ 62,,,,0,0
193640,2026-06-17,,,Recital B,,,,0,0
193641,2026-06-17,,,Recital F,,,,0,0
193642,2026-06-17,,,After recital F,,,,0,0
193643,2026-06-17,,,After recital S,,,,0,0
193644,2026-06-17,A10-0106/2026,,A10-0106/2026 – Nacho Sánchez Amor – Motion for a resolution (as a whole),381,107,171,0,0
193648,2026-06-18,A10-0158/2025,,"A10-0158/2025 – Jens Gieseke, Paulius Saudargas – Provisional agreement – Am 428",437,112,20,0,0
193650,2026-06-18,,,Text as a whole,,,,0,0
193656,2026-06-18,,,Article 9 – paragraph 1,,,,0,0
193658,2026-06-18,,,Recital 6,,,,0,0
193659,2026-06-18,,,Commission proposal,,,,0,0
193661,2026-06-18,,,"Article 6 – paragraph 3 – § 1 (corresponds to Article 6, paragraph 7, § 2 in Amendment 428)",,,,0,0
193665,2026-06-16,A10-0073/2026,,"A10-0073/2026 – Arba Kokalari, Michael McNamara – Provisional agreement – Am 118",423,57,174,0,0
193667,2026-06-16,,,Text as a whole,,,,0,0
193669,2026-06-16,,,Article 1 – § 1 – after point 2; Regulation (EU) 2024/1689 – Article 2 – § 8,,,,0,0
193670,2026-06-16,,,Article 1 – § 1 – after point 2; Regulation (EU) 2024/1689 – Article 2 – after § 10,,,,0,0
193671,2026-06-16,,,Article 1 – § 1 – after point 2; Regulation (EU) 2024/1689 – after Article 2,,,,0,0
193672,2026-06-16,,,Article 1 – § 1 – after point 5; Regulation (EU) 2024/1689 – Article 6 – § 1,,,,0,0
193673,2026-06-16,,,Article 1 – § 1 – after point 5; Regulation (EU) 2024/1689 – Article 6 – § 1,,,,0,0
193674,2026-06-16,,,Article 1 – § 1 – point 21; Regulation (EU) 2024/1689 – Article 63 – § 1,,,,0,0
193676,2026-06-16,,,Article 1 – § 1 – point 25; Regulation (EU) 2024/1689 – Article 75,,,,0,0
193677,2026-06-16,,,Article 1 – § 1 – after point 26; Regulation (EU) 2024/1689 – after Article 88,,,,0,0
193678,2026-06-16,,,Article 1 – § 1 – point 30 – after point a; Regulation (EU) 2024/1689 – Article 111 – § 2 – after sub§ 1,,,,0,0
193679,2026-06-16,,,Article 1 – § 1 – point 30 – point b; Regulation (EU) 2024/1689 – Article 111 – § 4,,,,0,0
193680,2026-06-16,,,Article 1 – § 1 – point 31 – point a; Regulation (EU) 2024/1689 – Article 113 – § 3 – point d,,,,0,0
193681,2026-06-16,,,Article 1 – § 1 – point 31 – point a; Regulation (EU) 2024/1689 – Article 113 – § 3 – point d,,,,0,0
193683,2026-06-16,,,Article 1 – § 1 – after point 31; Regulation (EU) 2024/1689 – Annex I – Parts A and B,,,,0,0
193684,2026-06-16,,,Article 1 – § 1 – after point 31; Regulation (EU) 2024/1689 – Annex I – Parts A and B,,,,0,0
193685,2026-06-16,,,Commission proposal,,,,0,0
193813,2026-06-17,,,"Article 12, after § 4",328,281,49,0,0
193821,2026-06-17,,,Recital 18,326,287,46,0,0
193822,2026-06-17,A10-0161/2026,,A10-0161/2026 – Tomáš Kubín – Commission proposal to the Council,181,439,38,0,0
193848,2026-06-16,A10-0073/2026,,"A10-0073/2026 – Arba Kokalari, Michael McNamara – Proposal to vote on amendments",135,468,51,0,0
193849,2026-06-16,,,Article 1 – § 1 – point 25; Regulation (EU) 2024/1689 – Article 75,,,,0,0
193850,2026-06-16,,,Article 1 – § 1 – after point 31; Regulation (EU) 2024/1689 – Annex I – Parts A and B,,,,0,0
193851,2026-06-17,,,After § 7,216,391,42,0,0
193852,2026-06-17,,,After § 7,,,,0,0
193853,2026-06-17,,,§ 20,,,,0,0
193855,2026-06-17,,,After § 54,,,,0,0
193856,2026-06-17,,,After § 63,,,,0,0
193857,2026-06-17,A10-0165/2026,,A10-0165/2026 – Ondřej Kolář – Motion for a resolution (as a whole),478,116,54,0,0
193858,2026-06-16,A10-0145/2026,,"A10-0145/2026 – Loránt Vincze, Charles Goerens – After § 4 – Am 10",211,440,2,0,0
193859,2026-06-16,A10-0145/2026,,"A10-0145/2026 – Loránt Vincze, Charles Goerens – After § 4 – Am 11",211,453,2,0,0
193860,2026-06-16,A10-0145/2026,,"A10-0145/2026 – Loránt Vincze, Charles Goerens – After § 5 – Am 1",79,557,26,0,0
193861,2026-06-16,A10-0145/2026,,"A10-0145/2026 – Loránt Vincze, Charles Goerens – § 20 – Am 14",145,519,7,0,0
193862,2026-06-16,A10-0145/2026,,"A10-0145/2026 – Loránt Vincze, Charles Goerens – § 20",480,152,34,0,0
193863,2026-06-16,A10-0145/2026,,"A10-0145/2026 – Loránt Vincze, Charles Goerens – After § 20 – Am 5",202,465,2,0,0
193864,2026-06-16,A10-0145/2026,,"A10-0145/2026 – Loránt Vincze, Charles Goerens – After § 20 – Am 7",202,463,3,0,0
193865,2026-06-16,A10-0145/2026,,"A10-0145/2026 – Loránt Vincze, Charles Goerens – § 21",510,148,13,0,0
193866,2026-06-16,A10-0145/2026,,"A10-0145/2026 – Loránt Vincze, Charles Goerens – § 22 – Am 8",160,464,46,0,0
193867,2026-06-16,A10-0145/2026,,"A10-0145/2026 – Loránt Vincze, Charles Goerens – § 22",462,128,82,0,0
193868,2026-06-16,A10-0145/2026,,"A10-0145/2026 – Loránt Vincze, Charles Goerens – Recital A – Am 2",191,467,13,0,0
193869,2026-06-16,A10-0145/2026,,"A10-0145/2026 – Loránt Vincze, Charles Goerens – After recital A – Am 3",202,461,6,0,0
193871,2026-06-18,,,Motion for a resolution,,,,0,0
193873,2026-06-18,B10-0275/2026,,§ 8,,,,0,0
193875,2026-06-18,B10-0275/2026,,§ 14,,,,0,0
193880,2026-06-18,B10-0275/2026,,§ 20,,,,0,0
193881,2026-06-18,B10-0275/2026,,After § 21,,,,0,0
193882,2026-06-18,B10-0275/2026,,Recital G,,,,0,0
193883,2026-06-18,,,Motion for a resolution (as a whole),,,,0,0
193885,2026-06-18,,,Motion for a resolution,,,,0,0
193887,2026-06-18,,,Motion for a resolution,,,,0,0
193890,2026-06-17,,,§ 52,272,300,69,0,0
193892,2026-06-17,A10-0166/2026,,A10-0166/2026 – Riho Terras – Motion for a resolution (as a whole),412,174,58,0,0
193893,2026-06-16,A10-0142/2026,,A10-0142/2026 – Hannah Neumann – § 7 – Am 2,201,462,7,0,0
193895,2026-06-16,,,§ 25,,,,0,0
193896,2026-06-16,,,§ 25,345,288,36,0,0
193898,2026-06-16,,,§ 26,,,,0,0
193899,2026-06-16,,,§ 26,331,305,34,0,0
193901,2026-06-16,,,§ 38,,,,0,0
193902,2026-06-16,,,§ 38,386,254,30,0,0
193903,2026-06-16,A10-0142/2026,,A10-0142/2026 – Hannah Neumann – § 41,336,288,43,0,0
193905,2026-06-16,,,§ 45,,,,0,0
193906,2026-06-16,,,§ 45,305,356,8,0,0
193908,2026-06-16,,,§ 60,,,,0,0
193909,2026-06-16,,,§ 60,295,364,11,0,0
193911,2026-06-16,,,§ 61,,,,0,0
193912,2026-06-16,,,§ 61,300,354,18,0,0
193913,2026-06-16,A10-0142/2026,,A10-0142/2026 – Hannah Neumann – Motion for a resolution (as a whole),434,128,104,0,0
193915,2026-06-17,,,Motion for a resolution,223,327,24,0,0
193920,2026-06-18,,,After § 6,,,,0,0
193922,2026-06-18,,,§ 10,,,,0,0
193929,2026-06-18,B10-0238/2026,,After § 6,,,,0,0
193933,2026-06-18,B10-0240/2026,,B10-0240/2026,,,,0,0
193934,2026-06-18,B10-0241/2026,,B10-0241/2026,,,,0,0
193938,2026-06-18,B10-0281/2026,,B10-0281/2026,,,,0,0
193940,2026-06-18,B10-0282/2026,,§ 15,,,,0,0
193944,2026-06-17,,,§ 11,354,249,50,0,0
193946,2026-06-17,,,§ 52,,,,0,0
193947,2026-06-17,,,§ 59,,,,0,0
193952,2026-06-17,A10-0162/2026,,A10-0162/2026 – Thomas Waitz – Motion for a resolution (as a whole),411,120,120,0,0
193973,2026-06-16,A10-0069/2026,,A10-0069/2026 – Bernd Lange – Proposal to vote on amendments,120,509,5,0,0
193974,2026-06-15,,,Tuesday’s agenda – Request by the S&D Group – AI,244,179,15,0,0
193975,2026-06-15,,,Tuesday’s agenda – Request by the Renew Group – Middle East,336,86,11,0,0
194000,2026-06-16,,,Request for an urgent decision,,,,0,0
194001,2026-06-17,A10-0140/2026,,A10-0140/2026 – Rasa Juknevičienė – After § 1 – Am 1,159,396,90,0,0
194002,2026-06-17,A10-0140/2026,,A10-0140/2026 – Rasa Juknevičienė – After § 12 – Am 2,88,514,38,0,0
194003,2026-06-17,A10-0143/2026,,A10-0143/2026 – Marjan Šarec – § 1 – Am 3,510,103,41,0,0
194004,2026-06-17,A10-0143/2026,,A10-0143/2026 – Marjan Šarec – After § 10 – Am 5,412,114,120,0,0
194005,2026-06-17,A10-0143/2026,,A10-0143/2026 – Marjan Šarec – After § 27 – Am 1,101,534,18,0,0
194006,2026-06-17,,,§ 30,,,,0,0
194007,2026-06-17,A10-0143/2026,,A10-0143/2026 – Marjan Šarec – § 31,454,143,56,0,0
194008,2026-06-17,A10-0143/2026,,A10-0143/2026 – Marjan Šarec – § 53 – Am 4,554,63,38,0,0
194009,2026-06-17,A10-0150/2026,,"A10-0150/2026 – Leoluca Orlando – § 1, after point k – Am 4",220,389,27,0,0
194010,2026-06-17,A10-0150/2026,,"A10-0150/2026 – Leoluca Orlando – § 1, point u – Am 7",284,333,32,0,0
194011,2026-06-17,A10-0150/2026,,A10-0150/2026 – Leoluca Orlando – After Recital J – Am 1,123,448,64,0,0
194012,2026-06-17,A10-0150/2026,,A10-0150/2026 – Leoluca Orlando – Recital R – Am 5,279,328,30,0,0
194013,2026-06-17,A10-0150/2026,,A10-0150/2026 – Leoluca Orlando – Recital S – Am 2,152,445,50,0,0
194014,2026-06-17,A10-0150/2026,,A10-0150/2026 – Leoluca Orlando – Recital T – Am 3,197,403,28,0,0
194015,2026-06-17,A10-0160/2026,,"A10-0160/2026 – Tomáš Kubín – Article 1, § 1, after point 1; Directive (EU) 2020/262 – Article 32 – § 3 – point a – Am 4",287,352,20,0,0
194016,2026-06-17,A10-0141/2026,,A10-0141/2026 – Andreas Schieder – § 11 – Am 8,196,424,26,0,0
194017,2026-06-17,A10-0141/2026,,A10-0141/2026 – Andreas Schieder – After § 17 – Am 9,203,424,29,0,0
194018,2026-06-17,A10-0141/2026,,A10-0141/2026 – Andreas Schieder – After § 18 – Am 10,183,432,37,0,0
194019,2026-06-17,A10-0141/2026,,A10-0141/2026 – Andreas Schieder – After § 18 – Am 11,184,424,39,0,0
194021,2026-06-17,,,§ 19,,,,0,0
194022,2026-06-17,,,§ 19,,,,0,0
194023,2026-06-17,A10-0141/2026,,A10-0141/2026 – Andreas Schieder – After § 21 – Am 12,201,425,25,0,0
194024,2026-06-17,A10-0141/2026,,A10-0141/2026 – Andreas Schieder – After § 21 – Am 13,188,416,30,0,0
194026,2026-06-17,,,§ 24,,,,0,0
194027,2026-06-17,,,§ 24,,,,0,0
194028,2026-06-17,A10-0141/2026,,A10-0141/2026 – Andreas Schieder – After § 33 – Am 1,114,532,9,0,0
194030,2026-06-17,A10-0141/2026,,A10-0141/2026 – Andreas Schieder – § 46 – Am 4,148,433,78,0,0
194032,2026-06-17,A10-0141/2026,,A10-0141/2026 – Andreas Schieder – After § 46 – Am 17/1,462,46,143,0,0
194033,2026-06-17,A10-0141/2026,,A10-0141/2026 – Andreas Schieder – After § 46 – Am 17/2,301,273,77,0,0
194034,2026-06-17,A10-0141/2026,,A10-0141/2026 – Andreas Schieder – After § 46 – Am 17/3,483,50,132,0,0
194036,2026-06-17,,,§ 49,,,,0,0
194037,2026-06-17,,,§ 49,,,,0,0
194038,2026-06-17,A10-0141/2026,,A10-0141/2026 – Andreas Schieder – After § 49 – Am 14,195,429,21,0,0
194040,2026-06-17,A10-0165/2026,,A10-0165/2026 – Ondřej Kolář – After § 35 – Am 6,156,435,63,0,0
194042,2026-06-17,,,§ 58,,,,0,0
194043,2026-06-17,,,§ 58,,,,0,0
194044,2026-06-17,A10-0106/2026,,A10-0106/2026 – Nacho Sánchez Amor – § 1 – Am 33,179,445,27,0,0
194045,2026-06-17,A10-0106/2026,,A10-0106/2026 – Nacho Sánchez Amor – § 1 – Am 8,123,512,21,0,0
194046,2026-06-17,A10-0106/2026,,A10-0106/2026 – Nacho Sánchez Amor – After § 5 – Am 34,173,448,20,0,0
194047,2026-06-17,A10-0106/2026,,A10-0106/2026 – Nacho Sánchez Amor – § 6 – Am 1,236,377,42,0,0
194048,2026-06-17,A10-0106/2026,,A10-0106/2026 – Nacho Sánchez Amor – § 12 – Am 2,327,291,40,0,0
194049,2026-06-17,A10-0106/2026,,A10-0106/2026 – Nacho Sánchez Amor – § 15 – Am 3,555,56,50,0,0
194050,2026-06-17,A10-0106/2026,,A10-0106/2026 – Nacho Sánchez Amor – § 22 – Am 4,342,260,61,0,0
194051,2026-06-17,A10-0106/2026,,A10-0106/2026 – Nacho Sánchez Amor – After § 26 – Am 35,256,373,17,0,0
194052,2026-06-17,A10-0106/2026,,A10-0106/2026 – Nacho Sánchez Amor – After § 35 – Am 36,213,433,13,0,0
194053,2026-06-17,A10-0106/2026,,A10-0106/2026 – Nacho Sánchez Amor – After § 35 – Am 42,135,502,13,0,0
194054,2026-06-17,A10-0106/2026,,A10-0106/2026 – Nacho Sánchez Amor – § 36 – Am 13,196,457,5,0,0
194055,2026-06-17,A10-0106/2026,,A10-0106/2026 – Nacho Sánchez Amor – After § 36 – Am 14,185,458,10,0,0
194056,2026-06-17,A10-0106/2026,,A10-0106/2026 – Nacho Sánchez Amor – After § 37 – Am 37,204,436,6,0,0
194057,2026-06-17,A10-0106/2026,,A10-0106/2026 – Nacho Sánchez Amor – After § 37 – Am 39,229,401,12,0,0
194058,2026-06-17,A10-0106/2026,,A10-0106/2026 – Nacho Sánchez Amor – § 39 – Am 29,193,431,28,0,0
194059,2026-06-17,A10-0106/2026,,A10-0106/2026 – Nacho Sánchez Amor – § 40 – Am 30,224,408,9,0,0
194060,2026-06-17,A10-0106/2026,,A10-0106/2026 – Nacho Sánchez Amor – § 40 – Am 31,241,345,31,0,0
194061,2026-06-17,A10-0106/2026,,A10-0106/2026 – Nacho Sánchez Amor – § 40 – Am 32,207,428,4,0,0
194063,2026-06-17,,,After § 41,,,,0,0
194064,2026-06-17,,,After § 41,,,,0,0
194065,2026-06-17,A10-0106/2026,,A10-0106/2026 – Nacho Sánchez Amor – § 42,470,125,60,0,0
194067,2026-06-17,,,§ 43,,,,0,0
194068,2026-06-17,,,§ 43,,,,0,0
194069,2026-06-17,A10-0106/2026,,A10-0106/2026 – Nacho Sánchez Amor – After § 43 – Am 48,186,403,69,0,0
194070,2026-06-17,A10-0106/2026,,A10-0106/2026 – Nacho Sánchez Amor – After § 43 – Am 49,89,447,116,0,0
194071,2026-06-17,A10-0106/2026,,A10-0106/2026 – Nacho Sánchez Amor – § 46 – Am 5,307,294,53,0,0
194072,2026-06-17,A10-0106/2026,,A10-0106/2026 – Nacho Sánchez Amor – After § 46 – Am 40,224,401,17,0,0
194073,2026-06-17,A10-0106/2026,,A10-0106/2026 – Nacho Sánchez Amor – After § 48 – Am 17,144,430,58,0,0
194074,2026-06-17,A10-0106/2026,,A10-0106/2026 – Nacho Sánchez Amor – After § 49 – Am 38,207,412,24,0,0
194075,2026-06-17,A10-0106/2026,,A10-0106/2026 – Nacho Sánchez Amor – § 57 – Am 6,202,348,107,0,0
194076,2026-06-17,A10-0106/2026,,A10-0106/2026 – Nacho Sánchez Amor – After § 64 – Am 18,202,433,16,0,0
194077,2026-06-17,A10-0166/2026,,A10-0166/2026 – Riho Terras – § 2 – Am 3,134,488,18,0,0
194078,2026-06-17,A10-0166/2026,,A10-0166/2026 – Riho Terras – § 6 – Am 4,126,443,43,0,0
194079,2026-06-17,A10-0166/2026,,A10-0166/2026 – Riho Terras – After § 63 – Am 2,252,305,89,0,0
194081,2026-06-17,,,§ 1,,,,0,0
194082,2026-06-17,,,§ 1,,,,0,0
194083,2026-06-17,A10-0162/2026,,A10-0162/2026 – Thomas Waitz – § 2 – Am 7,106,340,200,0,0
194085,2026-06-17,A10-0162/2026,,A10-0162/2026 – Thomas Waitz – § 2/1,494,74,88,0,0
194086,2026-06-17,,,§ 2,,,,0,0
194087,2026-06-17,A10-0162/2026,,A10-0162/2026 – Thomas Waitz – § 7 – Am 8,269,371,18,0,0
194089,2026-06-17,,,§ 7,,,,0,0
194090,2026-06-17,A10-0162/2026,,A10-0162/2026 – Thomas Waitz – § 7/2,345,295,9,0,0
194092,2026-06-17,A10-0162/2026,,A10-0162/2026 – Thomas Waitz – § 8/1,595,24,35,0,0
194093,2026-06-17,A10-0162/2026,,A10-0162/2026 – Thomas Waitz – § 8/2,423,153,61,0,0
194095,2026-06-17,,,§ 9,,,,0,0
194096,2026-06-17,A10-0162/2026,,A10-0162/2026 – Thomas Waitz – § 9/2,504,91,64,0,0
194098,2026-06-17,A10-0162/2026,,A10-0162/2026 – Thomas Waitz – § 27/1,517,93,38,0,0
194099,2026-06-17,A10-0162/2026,,A10-0162/2026 – Thomas Waitz – § 27/2,458,174,12,0,0
194101,2026-06-17,A10-0162/2026,,A10-0162/2026 – Thomas Waitz – After § 38 – Am 9/1,316,161,175,0,0
194102,2026-06-17,A10-0162/2026,,A10-0162/2026 – Thomas Waitz – After § 38 – Am 9/2,206,317,124,0,0
194104,2026-06-17,A10-0162/2026,,A10-0162/2026 – Thomas Waitz – § 71/1,545,90,13,0,0
194105,2026-06-17,A10-0162/2026,,A10-0162/2026 – Thomas Waitz – § 71/2,545,22,79,0,0
194106,2026-06-17,A10-0162/2026,,A10-0162/2026 – Thomas Waitz – § 73 – Am 3D,126,338,188,0,0
194108,2026-06-17,,,§ 76,,,,0,0
194109,2026-06-17,,,§ 76,,,,0,0
194110,2026-06-17,A10-0162/2026,,A10-0162/2026 – Thomas Waitz – After § 76 – Am 10,101,466,90,0,0
194111,2026-06-17,A10-0162/2026,,A10-0162/2026 – Thomas Waitz – Citation 4 – Am 5,145,489,23,0,0
194113,2026-06-17,A10-0162/2026,,A10-0162/2026 – Thomas Waitz – Recital C/1,563,82,11,0,0
194114,2026-06-17,A10-0162/2026,,A10-0162/2026 – Thomas Waitz – Recital C/2,439,133,75,0,0
194115,2026-06-17,A10-0162/2026,,A10-0162/2026 – Thomas Waitz – Recital G,482,95,61,0,0
194116,2026-06-17,A10-0162/2026,,A10-0162/2026 – Thomas Waitz – Recital J,547,57,53,0,0
194117,2026-06-17,A10-0162/2026,,A10-0162/2026 – Thomas Waitz – After Recital J – Am 6,329,257,59,0,0
194119,2026-06-17,A10-0161/2026,,"A10-0161/2026 – Tomáš Kubín – Article 12, after § 3 – Am 94",269,353,37,0,0
194120,2026-06-17,A10-0161/2026,,"A10-0161/2026 – Tomáš Kubín – Article 12, § 4 – Am 95",273,352,32,0,0
194121,2026-06-17,A10-0161/2026,,"A10-0161/2026 – Tomáš Kubín – Article 12, after § 4 – Am 96",266,363,32,0,0
194123,2026-06-17,,,Article 16,,,,0,0
194125,2026-06-17,,,Article 20,,,,0,0
194126,2026-06-17,A10-0161/2026,,A10-0161/2026 – Tomáš Kubín – Recital 3 – Am 89,287,304,69,0,0
194127,2026-06-17,A10-0161/2026,,A10-0161/2026 – Tomáš Kubín – After Recital 3 – Am 90,284,293,70,0,0
194128,2026-06-17,A10-0161/2026,,A10-0161/2026 – Tomáš Kubín – After Recital 4 – Am 91,297,267,87,0,0
194129,2026-06-17,A10-0161/2026,,A10-0161/2026 – Tomáš Kubín – Recital 15 – Am 92,281,315,62,0,0
194130,2026-06-17,A10-0161/2026,,A10-0161/2026 – Tomáš Kubín – Recital 18 – Am 93,300,331,31,0,0
194134,2026-06-17,A10-0048/2026,,A10-0048/2026 – Malik Azmani – Provisional agreement – Am 4,418,218,30,0,0
194135,2026-06-17,A10-0161/2026,,A10-0161/2026 – Tomáš Kubín – Article 16 – Am 60-61,328,294,32,0,0
194136,2026-06-17,A10-0161/2026,,A10-0161/2026 – Tomáš Kubín – Article 20 – Am 67-70,289,316,51,0,0
194308,2026-06-16,A10-0147/2026,,A10-0147/2026 – Lukas Mandl – Alternative motion for a resolution – Am 1,150,474,47,0,0
194309,2026-06-16,A10-0147/2026,,A10-0147/2026 – Lukas Mandl – After § 1 – Am 9,224,404,31,0,0
194311,2026-06-16,,,§ 11,,,,0,0
194312,2026-06-16,A10-0147/2026,,A10-0147/2026 – Lukas Mandl – § 11/2,455,211,7,0,0
194313,2026-06-16,A10-0147/2026,,A10-0147/2026 – Lukas Mandl – § 15 – Am 10,234,423,14,0,0
194315,2026-06-16,,,§ 15,,,,0,0
194316,2026-06-16,A10-0147/2026,,A10-0147/2026 – Lukas Mandl – § 15/2,253,165,214,0,0
194319,2026-06-16,,,§ 17,,,,0,0
194320,2026-06-16,A10-0147/2026,,A10-0147/2026 – Lukas Mandl – After § 18 – Am 4,431,223,10,0,0
194322,2026-06-16,A10-0147/2026,,A10-0147/2026 – Lukas Mandl – After § 25 – Am 11,222,429,14,0,0
194326,2026-06-16,A10-0147/2026,,A10-0147/2026 – Lukas Mandl – After § 33 – Am 12,244,410,12,0,0
194328,2026-06-16,,,Recital B,,,,0,0
194329,2026-06-16,,,Recital B,,,,0,0
194331,2026-06-16,,,Recital G,,,,0,0
194332,2026-06-16,A10-0147/2026,,A10-0147/2026 – Lukas Mandl – Recital G/2,438,182,50,0,0
194334,2026-06-16,,,Recital I,,,,0,0
194335,2026-06-16,,,Recital I,348,304,16,0,0
194336,2026-06-16,,,Recital J,408,200,63,0,0
194338,2026-06-16,,,Recital K,,,,0,0
194339,2026-06-16,,,Recital K,341,234,91,0,0
194341,2026-06-16,A10-0147/2026,,A10-0147/2026 – Lukas Mandl – Recital Q – Am 6,236,425,7,0,0
194343,2026-06-16,,,Recital S,,,,0,0
194344,2026-06-16,,,Recital S,293,205,168,0,0
194345,2026-06-16,A10-0147/2026,,A10-0147/2026 – Lukas Mandl – Recital U,419,226,20,0,0
194350,2026-06-16,,,Recital AC,,,,0,0
194351,2026-06-16,A10-0147/2026,,A10-0147/2026 – Lukas Mandl – Recital AC/2,442,178,46,0,0
194355,2026-06-16,A10-0147/2026,,A10-0147/2026 – Lukas Mandl – After recital AI – Am 7,218,419,30,0,0
194356,2026-06-16,A10-0147/2026,,A10-0147/2026 – Lukas Mandl – Recital AJ – Am 8,221,426,21,0,0
194357,2026-06-16,A10-0147/2026,,A10-0147/2026 – Lukas Mandl – Motion for a resolution (as a whole),344,237,66,0,0
194359,2026-06-17,,,After Article 4,,,,0,0
194361,2026-06-17,,,"Article 5, § 1",,,,0,0
194365,2026-06-17,,,"Article 10, title",,,,0,0
194368,2026-06-17,,,"Article 10, after § 1",,,,0,0
194369,2026-06-17,,,"Article 10, after § 1",,,,0,0
194370,2026-06-17,,,"Article 10, after § 1",,,,0,0
194371,2026-06-17,,,"Article 10, after § 1",,,,0,0
194375,2026-06-17,,,"Article 30, § 1",,,,0,0
194376,2026-06-17,,,"Article 30, § 3, introductory part",,,,0,0
194377,2026-06-17,,,"Article 30, § 3, point b",,,,0,0
194378,2026-06-17,,,"Article 30, § 4, introductory part",,,,0,0
194379,2026-06-17,,,After Article 30,,,,0,0
194387,2026-06-17,,,After recital 57,,,,0,0
194388,2026-06-17,,,Recital 60,,,,0,0
194389,2026-06-17,,,Recital 65,,,,0,0
194390,2026-06-17,,,After recital 65,,,,0,0
194392,2026-06-17,,,§ 39,,,,0,0
194393,2026-06-17,A10-0141/2026,,A10-0141/2026 – Andreas Schieder – After § 46 – Am 5,358,211,86,0,0
194394,2026-06-17,A10-0141/2026,,A10-0141/2026 – Andreas Schieder – § 49 – Am 6,261,379,21,0,0
194395,2026-06-17,A10-0141/2026,,A10-0141/2026 – Andreas Schieder – After § 49 – Am 7,254,389,14,0,0
194396,2026-06-17,,,After § 50,,,,0,0
194397,2026-06-18,B10-0275/2026,,B10-0275/2026 – § 3,431,58,78,0,0
194398,2026-06-18,B10-0275/2026,,B10-0275/2026 – § 14 – Am 6,181,379,10,0,0
194400,2026-06-18,B10-0275/2026,,B10-0275/2026 – § 14/1,509,48,9,0,0
194401,2026-06-18,B10-0275/2026,,B10-0275/2026 – § 14/2,262,291,15,0,0
194403,2026-06-18,,,§ 15,,,,0,0
194404,2026-06-18,B10-0275/2026,,B10-0275/2026 – § 15/2,409,144,11,0,0
194405,2026-06-18,,,§ 15,,,,0,0
194406,2026-06-18,B10-0275/2026,,B10-0275/2026 – After § 15 – Am 7,176,249,140,0,0
194407,2026-06-18,B10-0275/2026,,B10-0275/2026 – After § 15 – Am 8,167,363,36,0,0
194408,2026-06-18,B10-0275/2026,,B10-0275/2026 – § 19 – Am 9,169,389,6,0,0
194410,2026-06-18,,,§ 19,,,,0,0
194411,2026-06-18,,,§ 19,,,,0,0
194413,2026-06-18,,,§ 20,,,,0,0
194414,2026-06-18,,,§ 20,,,,0,0
194415,2026-06-18,,,§ 20,,,,0,0
194416,2026-06-18,,,Recital L,,,,0,0
194417,2026-06-18,A10-0158/2025,,"A10-0158/2025 – Jens Gieseke, Paulius Saudargas – Proposal for rejection – Am 422",108,436,24,0,0
194418,2026-06-18,,,Article 2 – after paragraph 1,,,,0,0
194419,2026-06-18,,,Article 6 – paragraph 1 – § 1,,,,0,0
194420,2026-06-18,,,"Article 6 – paragraph 3 – § 1 (corresponds to Article 6, paragraph 7, § 2 in Amendment 428)",,,,0,0
194421,2026-06-18,,,Article 9 – paragraph 1,,,,0,0
194422,2026-06-18,,,Recital 6,,,,0,0
194423,2026-06-17,,,Amendments by the committee responsible – put to the vote collectively,308,320,25,0,0
194424,2026-06-17,A10-0175/2026,,A10-0175/2026 – Jessica Polfjärd – Proposal to reject the Council position – Am 17= 25=,201,431,29,0,0
194425,2026-06-17,A10-0175/2026,,A10-0175/2026 – Jessica Polfjärd – After Article 4 – Am 21= 31=,202,428,33,0,0
194426,2026-06-17,A10-0175/2026,,"A10-0175/2026 – Jessica Polfjärd – Article 6, § 3, after point d – Am 6",269,357,39,0,0
194427,2026-06-17,A10-0175/2026,,"A10-0175/2026 – Jessica Polfjärd – Article 7, § 2, after point d – Am 7",257,354,44,0,0
194428,2026-06-17,A10-0175/2026,,"A10-0175/2026 – Jessica Polfjärd – Article 9, § 1, sub§ 2, after point d – Am 8",269,355,33,0,0
194429,2026-06-17,A10-0175/2026,,"A10-0175/2026 – Jessica Polfjärd – Article 10, § 1 – Am 32",264,372,25,0,0
194430,2026-06-17,A10-0175/2026,,"A10-0175/2026 – Jessica Polfjärd – Article 10, after § 1 – Am 22= 33=",258,376,29,0,0
194431,2026-06-17,A10-0175/2026,,A10-0175/2026 – Jessica Polfjärd – After Article 11 – Am 34,264,372,29,0,0
194432,2026-06-17,A10-0175/2026,,A10-0175/2026 – Jessica Polfjärd – After Article 24 – Am 23= 35=,262,369,29,0,0
194433,2026-06-17,A10-0175/2026,,"A10-0175/2026 – Jessica Polfjärd – Article 27, § 1, point c – Am 9",257,353,45,0,0
194434,2026-06-17,A10-0175/2026,,"A10-0175/2026 – Jessica Polfjärd – After Article 37 – Am 15,16= 24= 36=",280,343,40,0,0
194435,2026-06-17,A10-0175/2026,,"A10-0175/2026 – Jessica Polfjärd – Annex II, after point 2 – Am 37",205,425,24,0,0
194436,2026-06-17,A10-0175/2026,,A10-0175/2026 – Jessica Polfjärd – After Recital 1 – Am 18= 26=,209,433,19,0,0
194437,2026-06-17,A10-0175/2026,,A10-0175/2026 – Jessica Polfjärd – After Recital 15 – Am 27,212,424,29,0,0
194438,2026-06-17,A10-0175/2026,,A10-0175/2026 – Jessica Polfjärd – After Recital 18 – Am 19,185,450,21,0,0
194439,2026-06-17,A10-0175/2026,,A10-0175/2026 – Jessica Polfjärd – After Recital 25 – Am 20= 28=,258,370,25,0,0
194440,2026-06-17,A10-0175/2026,,A10-0175/2026 – Jessica Polfjärd – Recital 34 – Am 1,270,349,38,0,0
194441,2026-06-17,A10-0175/2026,,A10-0175/2026 – Jessica Polfjärd – After Recital 68 – Am 30,261,365,30,0,0
194442,2026-06-17,A10-0048/2026,,A10-0048/2026 – Malik Azmani – Proposal for rejection – Am 2 = 3 =,198,453,5,0,0
194444,2026-06-17,A10-0048/2026,,A10-0048/2026 – Malik Azmani – Proposal to vote on amendments,258,394,6,0,0
194446,2026-06-17,,,Text as a whole,,,,0,0
194448,2026-06-17,,,"Article 17, § 4",,,,0,0
194449,2026-06-17,,,"Article 17, § 4",,,,0,0
194450,2026-06-18,B10-0238/2026,,B10-0238/2026 – § 1 – Am 9,263,271,33,0,0
194452,2026-06-18,,,§ 6,,,,0,0
194453,2026-06-18,,,§ 6,320,239,9,0,0
194454,2026-06-18,B10-0238/2026,,B10-0238/2026 – § 6 – Am 1/3,305,238,21,0,0
194455,2026-06-18,B10-0238/2026,,B10-0238/2026 – § 6 – Am 7,298,264,7,0,0
194456,2026-06-18,B10-0238/2026,,B10-0238/2026 – § 8 – Am 8,282,274,13,0,0
194457,2026-06-18,B10-0238/2026,,B10-0238/2026 – § 13 – Am 10,282,276,7,0,0
194458,2026-06-18,B10-0238/2026,,B10-0238/2026 – After recital M – Am 4,291,269,7,0,0
194459,2026-06-18,B10-0238/2026,,B10-0238/2026 – After recital M – Am 5,302,256,11,0,0
194460,2026-06-18,B10-0238/2026,,B10-0238/2026 – After recital Q – Am 6,288,263,14,0,0
194461,2026-06-18,B10-0238/2026,,B10-0238/2026 – Motion for a resolution (as a whole),294,245,28,0,0
194462,2026-06-18,B10-0238/2026,,After § 6,,,,0,0
194463,2026-06-18,,,Motion for a resolution (as a whole),,,,0,0
194464,2026-06-18,B10-0278/2026,,B10-0278/2026,,,,0,0
194465,2026-06-18,B10-0279/2026,,B10-0279/2026,,,,0,0
194466,2026-06-18,B10-0280/2026,,B10-0280/2026,,,,0,0
194467,2026-06-18,,,§ 15,,,,0,0
194468,2026-06-18,,,Motion for a resolution (as a whole),,,,0,0
194501,2026-06-18,,,After § 1,,,,0,0
194502,2026-06-18,,,After § 1,,,,0,0
194504,2026-06-18,,,After § 1,,,,0,0
194510,2026-06-18,,,After § 4,,,,0,0
194511,2026-06-18,,,After § 4,,,,0,0
194513,2026-06-18,,,After citation 9,,,,0,0
194515,2026-06-18,,,After recital C,,,,0,0
194516,2026-06-18,,,After recital C,,,,0,0
194520,2026-06-18,B10-0285/2026,,B10-0285/2026,,,,0,0
194521,2026-06-18,B10-0286/2026,,B10-0286/2026,,,,0,0
194522,2026-06-18,B10-0287/2026,,B10-0287/2026,,,,0,0
194523,2026-06-18,B10-0288/2026,,B10-0288/2026,,,,0,0
194524,2026-06-18,B10-0289/2026,,B10-0289/2026,,,,0,0
194525,2026-06-18,B10-0290/2026,,B10-0290/2026,,,,0,0
194526,2026-06-18,B10-0291/2026,,B10-0291/2026,,,,0,0
194528,2026-06-18,,,After § 6,,,,0,0
194529,2026-06-18,,,After § 6,,,,0,0
194537,2026-06-18,B10-0295/2026,,B10-0295/2026,,,,0,0
194538,2026-06-18,B10-0296/2026,,B10-0296/2026,,,,0,0
194539,2026-06-18,B10-0304/2026,,B10-0304/2026,,,,0,0
194540,2026-06-18,B10-0307/2026,,B10-0307/2026,,,,0,0
194541,2026-06-18,B10-0308/2026,,B10-0308/2026,,,,0,0
194542,2026-06-18,B10-0309/2026,,B10-0309/2026,,,,0,0
194543,2026-06-18,B10-0311/2026,,B10-0311/2026,,,,0,0
194544,2026-06-18,B10-0275/2026,,B10-0275/2026 – § 14/3,402,135,31,0,0
194545,2026-06-18,B10-0275/2026,,B10-0275/2026 – After § 14 – Am 1,372,139,58,0,0
194546,2026-06-18,C10-0108/2026,,C10-0108/2026 – Commission proposal,559,7,5,0,0
194547,2026-06-18,B10-0285/2026,,B10-0285/2026 – § 1 – Am 22,177,381,8,0,0
194548,2026-06-18,B10-0285/2026,,B10-0285/2026 – After § 1 – Am 3,185,334,44,0,0
194549,2026-06-18,B10-0285/2026,,B10-0285/2026 – After § 1 – Am 4,112,330,124,0,0
194550,2026-06-18,B10-0285/2026,,B10-0285/2026 – After § 1 – Am 5,202,329,34,0,0
194551,2026-06-18,B10-0285/2026,,B10-0285/2026 – After § 1 – Am 6,195,353,15,0,0
194552,2026-06-18,B10-0285/2026,,B10-0285/2026 – After § 1 – Am 7,206,319,28,0,0
194553,2026-06-18,B10-0285/2026,,B10-0285/2026 – After § 1 – Am 10,202,330,36,0,0
194554,2026-06-18,B10-0285/2026,,B10-0285/2026 – After § 4 – Am 15,213,324,27,0,0
194555,2026-06-18,B10-0285/2026,,B10-0285/2026 – After § 4 – Am 16,264,289,12,0,0
194556,2026-06-18,B10-0285/2026,,B10-0285/2026 – After § 4 – Am 17,267,245,47,0,0
194557,2026-06-18,B10-0285/2026,,B10-0285/2026 – After § 4 – Am 18,248,279,38,0,0
194558,2026-06-18,B10-0285/2026,,B10-0285/2026 – After § 4 – Am 19,215,313,38,0,0
194559,2026-06-18,B10-0285/2026,,B10-0285/2026 – § 5 – Am 23,166,394,7,0,0
194560,2026-06-18,B10-0285/2026,,B10-0285/2026 – After recital A – Am 13,238,315,9,0,0
194561,2026-06-18,B10-0285/2026,,B10-0285/2026 – After recital F – Am 14,217,319,31,0,0
194562,2026-06-18,B10-0285/2026,,B10-0285/2026 – Motion for a resolution (as a whole),283,199,85,0,0
194569,2026-06-18,B10-0294/2026,,B10-0294/2026,,,,0,0
194570,2026-06-18,B10-0324/2026,,B10-0324/2026,,,,0,0
194571,2026-06-18,B10-0325/2026,,B10-0325/2026,,,,0,0
194572,2026-06-18,B10-0326/2026,,B10-0326/2026,,,,0,0
194573,2026-06-18,B10-0327/2026,,B10-0327/2026,,,,0,0
194574,2026-06-18,B10-0328/2026,,B10-0328/2026,,,,0,0
194577,2026-06-18,,,Motion for a resolution (as a whole),,,,0,0
194579,2026-06-18,B10-0292/2026,,B10-0292/2026,,,,0,0
194580,2026-06-18,B10-0293/2026,,B10-0293/2026,,,,0,0
194581,2026-06-18,B10-0313/2026,,B10-0313/2026,,,,0,0
194582,2026-06-18,B10-0314/2026,,B10-0314/2026,,,,0,0
194583,2026-06-18,B10-0315/2026,,B10-0315/2026,,,,0,0
194584,2026-06-18,B10-0316/2026,,B10-0316/2026,,,,0,0
194585,2026-06-18,B10-0317/2026,,B10-0317/2026,,,,0,0
194586,2026-06-18,B10-0295/2026,,B10-0295/2026 – § 1,522,4,26,0,0
194587,2026-06-18,B10-0295/2026,,B10-0295/2026 – § 2,503,12,37,0,0
194589,2026-06-18,B10-0295/2026,,B10-0295/2026 – § 9/1,319,190,38,0,0
194590,2026-06-18,B10-0295/2026,,B10-0295/2026 – § 9/2,357,144,49,0,0
194591,2026-06-18,B10-0295/2026,,B10-0295/2026 – § 9/3,408,96,38,0,0
194592,2026-06-18,B10-0295/2026,,B10-0295/2026 – After § 25 – Am 4,84,416,42,0,0
194593,2026-06-18,B10-0295/2026,,B10-0295/2026 – After § 25 – Am 5,85,413,47,0,0
194594,2026-06-18,B10-0295/2026,,B10-0295/2026 – After § 25 – Am 6,62,418,68,0,0
194595,2026-06-18,B10-0295/2026,,B10-0295/2026 – After § 25 – Am 7,81,397,69,0,0
194596,2026-06-18,B10-0295/2026,,B10-0295/2026 – Recital A,491,28,28,0,0
194598,2026-06-18,B10-0295/2026,,B10-0295/2026 – Recital B/1,484,34,25,0,0
194599,2026-06-18,B10-0295/2026,,B10-0295/2026 – Recital B/2,341,180,21,0,0
194600,2026-06-18,B10-0295/2026,,B10-0295/2026 – Recital C,497,30,18,0,0
194601,2026-06-18,B10-0295/2026,,B10-0295/2026 – Recital D,510,7,25,0,0
194602,2026-06-18,B10-0295/2026,,B10-0295/2026 – Recital E,489,28,19,0,0
194603,2026-06-18,B10-0295/2026,,B10-0295/2026 – Recital F,517,10,20,0,0
194605,2026-06-18,B10-0295/2026,,B10-0295/2026 – Recital G/1,495,23,23,0,0
194606,2026-06-18,B10-0295/2026,,B10-0295/2026 – Recital G/2,149,331,60,0,0
194607,2026-06-18,B10-0295/2026,,B10-0295/2026 – Recital I,517,10,20,0,0
194608,2026-06-18,B10-0295/2026,,B10-0295/2026 – Recital J,500,6,34,0,0
194609,2026-06-18,B10-0295/2026,,B10-0295/2026 – Recital M,498,20,24,0,0
194610,2026-06-18,B10-0295/2026,,B10-0295/2026 – After recital N – Am 1,136,394,8,0,0
194611,2026-06-18,B10-0295/2026,,B10-0295/2026 – Motion for a resolution (as a whole),412,63,53,0,0
194622,2026-06-18,B10-0303/2026,,B10-0303/2026,,,,0,0
194623,2026-06-18,B10-0318/2026,,B10-0318/2026,,,,0,0
194624,2026-06-18,B10-0319/2026,,B10-0319/2026,,,,0,0
194625,2026-06-18,B10-0320/2026,,B10-0320/2026,,,,0,0
194626,2026-06-18,B10-0321/2026,,B10-0321/2026,,,,0,0
194627,2026-06-18,B10-0329/2026,,B10-0329/2026,,,,0,0
194628,2026-06-18,B10-0292/2026,,B10-0292/2026 – After § 3 – Am 1,186,336,37,0,0
194629,2026-06-18,B10-0303/2026,,B10-0303/2026 – After § 6 – Am 3,99,407,47,0,0
194630,2026-06-18,B10-0303/2026,,B10-0303/2026 – After § 6 – Am 4,263,269,25,0,0
194631,2026-06-18,B10-0303/2026,,B10-0303/2026 – After § 6 – Am 5,143,375,39,0,0
194632,2026-06-18,B10-0303/2026,,B10-0303/2026 – After § 6 – Am 6,51,439,72,0,0
194633,2026-06-18,B10-0303/2026,,B10-0303/2026 – After § 6 – Am 7,153,315,92,0,0
194634,2026-06-18,B10-0303/2026,,B10-0303/2026 – After recital C – Am 1,94,397,69,0,0
194635,2026-06-18,B10-0303/2026,,B10-0303/2026 – After recital D – Am 2,119,407,33,0,0
194636,2026-06-18,B10-0303/2026,,B10-0303/2026 – Motion for a resolution (as a whole),476,11,75,0,0
194637,2026-06-18,B10-0294/2026,,B10-0294/2026 – After § 3 – Am 2,488,39,28,0,0
194639,2026-06-18,B10-0294/2026,,B10-0294/2026 – After § 4 – Am 3/1,177,369,17,0,0
194640,2026-06-18,B10-0294/2026,,B10-0294/2026 – After § 4 – Am 3/2,135,366,60,0,0
194641,2026-06-18,B10-0294/2026,,B10-0294/2026 – After § 4 – Am 3/3,93,437,22,0,0
194642,2026-06-18,B10-0294/2026,,B10-0294/2026 – After recital C,366,43,148,0,0
194643,2026-06-18,B10-0294/2026,,B10-0294/2026 – After recital D – Am 1,488,37,30,0,0
194644,2026-06-18,B10-0294/2026,,B10-0294/2026 – Motion for a resolution (as a whole),504,4,55,0,0
194810,2026-06-18,,,§ 19,,,,0,0
194869,2026-07-09,A10-0167/2026,,A10-0167/2026 – Ľudovít Ódor – Motion for a resolution,366,192,39,0,0
194870,2026-07-07,A10-0187/2026,,"A10-0187/2026 – Lukas Mandl, Pierfrancesco Maran – Motion for a resolution (as a whole)",374,185,74,0,0
194876,2026-07-07,,,§ 36,,,,0,0
194877,2026-07-07,A10-0173/2026,,A10-0173/2026 – Marcos Ros Sempere – Motion for a resolution (as a whole),447,128,78,0,0
194878,2026-07-07,,,After § 11,,,,0,0
194879,2026-07-07,A10-0178/2026,,A10-0178/2026 – Bogdan Rzońca – Motion for a resolution (as a whole),642,13,1,0,0
194881,2026-07-07,,,A8-0386/2018 – Gabriele Bischoff – Provisional agreement – Am 209,511,87,61,0,0
194883,2026-07-07,,,Commission statements,,,,0,0
194884,2026-07-07,,,§ 3,,,,0,0
194885,2026-07-07,,,§ 4,,,,0,0
194886,2026-07-07,,,§ 7,,,,0,0
194890,2026-07-07,A10-0180/2026,,A10-0180/2026 – Andrzej Halicki – Motion for a resolution (as a whole),492,101,60,0,0
194891,2026-07-07,,,§ 3,,,,0,0
194896,2026-07-07,,,§ 23,,,,0,0
194898,2026-07-07,,,§ 42,,,,0,0
194903,2026-07-07,A10-0171/2026,,A10-0171/2026 – Stéphanie Yon-Courtin – Motion for a resolution (as a whole),501,61,95,0,0
194904,2026-07-08,A10-0156/2026,,A10-0156/2026 – Ilhan Kyuchyuk – Draft Council decision,499,99,69,0,0
194905,2026-07-08,,,After § 1,,,,0,0
194906,2026-07-08,,,§ 2,502,100,37,0,0
194907,2026-07-08,,,§ 17,,,,0,0
194908,2026-07-08,,,After § 42,,,,0,0
194912,2026-07-08,,,After citation 1,,,,0,0
194913,2026-07-08,,,Citation 7,,,,0,0
194914,2026-07-08,,,Recital A,,,,0,0
194915,2026-07-08,,,After recital A,,,,0,0
194917,2026-07-08,A10-0164/2026,,A10-0164/2026 – Sven Mikser – Motion for a resolution (as a whole),505,115,45,0,0
194918,2026-07-08,A10-0151/2026,,A10-0151/2026 – Paolo Borchia – Draft Council decision,573,35,37,0,0
194919,2026-07-08,A10-0177/2026,,A10-0177/2026 – Tomas Tobé – Draft Council decision,625,16,20,0,0
194920,2026-07-07,A10-0179/2026,,A10-0179/2026 – Lucia Yar – Motion for a resolution,532,64,62,0,0
194921,2026-07-07,,,§ 1,322,295,38,0,0
194922,2026-07-07,,,§ 8,364,286,3,0,0
194927,2026-07-07,A10-0169/2026,,A10-0169/2026 – Matthias Ecke – Motion for a resolution (as a whole),418,152,85,0,0
194928,2026-07-08,,,After § 4,,,,0,0
194929,2026-07-08,,,§ 9,,,,0,0
194930,2026-07-08,,,After § 18,,,,0,0
194932,2026-07-08,,,§ 43,,,,0,0
194933,2026-07-08,,,§ 45,,,,0,0
194934,2026-07-08,,,§ 55,,,,0,0
194935,2026-07-08,A10-0163/2026,,A10-0163/2026 – Tonino Picula – Motion for a resolution (as a whole),468,116,79,0,0
194941,2026-07-07,,,§ 12,,,,0,0
194945,2026-07-07,,,§ 20,,,,0,0
194950,2026-07-07,,,After § 34,385,241,19,0,0
194951,2026-07-07,A10-0170/2026,,A10-0170/2026 – Joachim Streit – Motion for a resolution (as a whole),316,281,39,0,0
194952,2026-07-08,,,§ 1,,,,0,0
194953,2026-07-08,,,§ 2,,,,0,0
194956,2026-07-08,,,§ 11,,,,0,0
194976,2026-07-08,,,§ 49,,,,0,0
194985,2026-07-08,,,Recital A,,,,0,0
194988,2026-07-08,,,Recital G,,,,0,0
194991,2026-07-08,A10-0182/2026,,"A10-0182/2026 – Javi López, Borja Giménez Larraz – Motion for a resolution (as a whole)",388,161,120,0,0
194993,2026-07-07,C10-0139/2026,,C10-0139/2026 – Commission proposal,576,62,15,0,0
194998,2026-07-07,,,"§ 1, point s",282,343,28,0,0
194999,2026-07-07,,,Citation 17,,,,0,0
195000,2026-07-07,,,Citation 18,,,,0,0
195001,2026-07-07,,,After recital C,290,194,166,0,0
195002,2026-07-07,,,Recital M,,,,0,0
195006,2026-07-07,A10-0189/2026,,A10-0189/2026 – Adam Bielan – Motion for a resolution (as a whole),542,37,79,0,0
195007,2026-07-07,A10-0191/2026,,A10-0191/2026 – Andrey Novakov – Joint text,646,12,3,0,0
195008,2026-07-08,A10-0181/2026,,"A10-0181/2026 – Javi López, Borja Giménez Larraz – Proposal for a Council decision",479,119,65,0,0
195009,2026-07-07,,,Proposal for a decision,,,,0,0
195010,2026-07-07,A10-0174/2026,,A10-0174/2026 – Elissavet Vozemberg-Vrionidi – Commission proposal and amendments,654,4,1,0,0
195011,2026-07-08,,,After § 3,,,,0,0
195013,2026-07-08,,,After § 3,,,,0,0
195015,2026-07-08,,,§ 11,,,,0,0
195016,2026-07-08,,,After § 17,,,,0,0
195017,2026-07-08,,,§ 19,,,,0,0
195020,2026-07-08,,,§ 22,,,,0,0
195031,2026-07-08,,,§ 32,,,,0,0
195037,2026-07-08,,,After § 38,,,,0,0
195038,2026-07-08,,,§ 43,507,78,79,0,0
195039,2026-07-08,,,After § 51,,,,0,0
195040,2026-07-08,,,After § 52,,,,0,0
195041,2026-07-08,,,After § 52,,,,0,0
195051,2026-07-08,,,After citation 2,,,,0,0
195052,2026-07-08,,,Recital D,,,,0,0
195053,2026-07-08,,,After recital K,,,,0,0
195062,2026-07-08,,,After recital W,,,,0,0
195063,2026-07-08,,,After recital AB,,,,0,0
195064,2026-07-08,,,After recital AB,,,,0,0
195065,2026-07-08,,,After recital AB,,,,0,0
195066,2026-07-08,,,After recital AB,,,,0,0
195067,2026-07-08,A10-0172/2026,,A10-0172/2026 – Michael Gahler – Motion for a resolution (as a whole),460,136,59,0,0
195190,2026-07-07,A10-0170/2026,,A10-0170/2026 – Joachim Streit – Before § 1 – Am 3/1,215,346,98,0,0
195191,2026-07-07,A10-0170/2026,,A10-0170/2026 – Joachim Streit – Before § 1 – Am 3/2,78,544,32,0,0
195192,2026-07-07,A10-0170/2026,,A10-0170/2026 – Joachim Streit – After § 5 – Am 11,116,502,38,0,0
195193,2026-07-07,A10-0170/2026,,A10-0170/2026 – Joachim Streit – After § 6 – Am 12,139,498,18,0,0
195194,2026-07-07,A10-0170/2026,,A10-0170/2026 – Joachim Streit – § 8 – Am 4,170,450,38,0,0
195195,2026-07-07,A10-0170/2026,,A10-0170/2026 – Joachim Streit – § 12 – Am 6,396,242,15,0,0
195196,2026-07-07,A10-0170/2026,,A10-0170/2026 – Joachim Streit – After § 13 – Am 7,202,426,26,0,0
195197,2026-07-07,A10-0170/2026,,A10-0170/2026 – Joachim Streit – § 15 – Am 8,372,274,15,0,0
195198,2026-07-07,A10-0170/2026,,A10-0170/2026 – Joachim Streit – After § 19 – Am 5,82,542,33,0,0
195199,2026-07-07,A10-0170/2026,,A10-0170/2026 – Joachim Streit – § 21 – Am 9,248,398,12,0,0
195200,2026-07-07,A10-0170/2026,,A10-0170/2026 – Joachim Streit – After § 21 – Am 13,139,462,48,0,0
195201,2026-07-07,A10-0170/2026,,A10-0170/2026 – Joachim Streit – After § 25 – Am 1,341,252,54,0,0
195202,2026-07-07,A10-0170/2026,,A10-0170/2026 – Joachim Streit – After § 25 – Am 10,357,265,15,0,0
195203,2026-07-07,,,§ 2,289,351,14,0,0
195205,2026-07-07,,,§ 7,,,,0,0
195206,2026-07-07,,,§ 7,302,279,72,0,0
195207,2026-07-07,A10-0169/2026,,A10-0169/2026 – Matthias Ecke – § 27 – Am 3,283,341,34,0,0
195209,2026-07-07,,,§ 27,,,,0,0
195210,2026-07-07,,,§ 27,257,351,41,0,0
195211,2026-07-07,,,§ 27,378,245,28,0,0
195213,2026-07-07,,,§ 31,,,,0,0
195214,2026-07-07,,,§ 31,285,342,24,0,0
195215,2026-07-07,A10-0169/2026,,A10-0169/2026 – Matthias Ecke – § 33 – Am 4,214,389,54,0,0
195216,2026-07-07,A10-0169/2026,,A10-0169/2026 – Matthias Ecke – § 34 – Am 5,210,393,45,0,0
195217,2026-07-07,A10-0169/2026,,A10-0169/2026 – Matthias Ecke – § 35 – Am 6,279,333,41,0,0
195218,2026-07-07,A10-0189/2026,,"A10-0189/2026 – Adam Bielan – § 1, before point a – Am 1",67,546,22,0,0
195219,2026-07-07,A10-0189/2026,,"A10-0189/2026 – Adam Bielan – § 1, after point d – Am 6",210,415,22,0,0
195220,2026-07-07,A10-0189/2026,,"A10-0189/2026 – Adam Bielan – § 1, after point d – Am 7",141,496,16,0,0
195221,2026-07-07,A10-0189/2026,,"A10-0189/2026 – Adam Bielan – § 1, after point h – Am 2",69,534,32,0,0
195222,2026-07-07,A10-0189/2026,,A10-0189/2026 – Adam Bielan – After recital Y – Am 3,136,485,32,0,0
195223,2026-07-07,A10-0189/2026,,A10-0189/2026 – Adam Bielan – After recital Y – Am 4,135,499,19,0,0
195224,2026-07-07,A10-0189/2026,,A10-0189/2026 – Adam Bielan – After recital Y – Am 5,121,486,47,0,0
195225,2026-07-07,C10-0139/2026,,C10-0139/2026 – After recital 2 – Am 1,187,448,21,0,0
195226,2026-07-07,A10-0171/2026,,A10-0171/2026 – Stéphanie Yon-Courtin – After § 3 – Am 1,76,402,175,0,0
195227,2026-07-07,A10-0171/2026,,A10-0171/2026 – Stéphanie Yon-Courtin – After § 3 – Am 2,48,541,63,0,0
195228,2026-07-07,A10-0171/2026,,A10-0171/2026 – Stéphanie Yon-Courtin – After § 9 – Am 10,118,492,40,0,0
195229,2026-07-07,A10-0171/2026,,A10-0171/2026 – Stéphanie Yon-Courtin – After § 13 – Am 3,118,510,25,0,0
195230,2026-07-07,A10-0171/2026,,A10-0171/2026 – Stéphanie Yon-Courtin – After § 41 – Am 4,110,435,109,0,0
195231,2026-07-07,A10-0171/2026,,A10-0171/2026 – Stéphanie Yon-Courtin – After § 45 – Am 5,136,463,56,0,0
195232,2026-07-07,A10-0171/2026,,A10-0171/2026 – Stéphanie Yon-Courtin – After § 46 – Am 6,139,369,144,0,0
195233,2026-07-07,A10-0171/2026,,A10-0171/2026 – Stéphanie Yon-Courtin – After § 50 – Am 7,108,468,77,0,0
195234,2026-07-07,A10-0171/2026,,A10-0171/2026 – Stéphanie Yon-Courtin – After § 50 – Am 12,169,456,29,0,0
195235,2026-07-07,A10-0171/2026,,A10-0171/2026 – Stéphanie Yon-Courtin – § 54,600,27,29,0,0
195237,2026-07-07,,,§ 3,,,,0,0
195238,2026-07-07,,,§ 3,,,,0,0
195239,2026-07-07,A10-0180/2026,,A10-0180/2026 – Andrzej Halicki – § 7,379,244,27,0,0
195240,2026-07-07,A10-0180/2026,,A10-0180/2026 – Andrzej Halicki – After § 7 – Am 4,196,443,8,0,0
195241,2026-07-07,A10-0180/2026,,A10-0180/2026 – Andrzej Halicki – After § 7 – Am 5,207,442,4,0,0
195242,2026-07-07,A10-0180/2026,,A10-0180/2026 – Andrzej Halicki – After § 7 – Am 6,194,441,11,0,0
195243,2026-07-07,,,Citation 7,,,,0,0
195244,2026-07-07,,,Citation 8,,,,0,0
195245,2026-07-07,A10-0173/2026,,A10-0173/2026 – Marcos Ros Sempere – § 3 – Am 1,192,454,6,0,0
195246,2026-07-07,A10-0173/2026,,A10-0173/2026 – Marcos Ros Sempere – § 3,448,188,16,0,0
195247,2026-07-07,A10-0173/2026,,A10-0173/2026 – Marcos Ros Sempere – § 6 – Am 2,184,464,4,0,0
195248,2026-07-07,A10-0173/2026,,A10-0173/2026 – Marcos Ros Sempere – After § 6 – Am 3,164,461,29,0,0
195249,2026-07-07,A10-0173/2026,,A10-0173/2026 – Marcos Ros Sempere – § 9,461,121,74,0,0
195250,2026-07-07,A10-0173/2026,,A10-0173/2026 – Marcos Ros Sempere – § 10 – Am 4,191,455,4,0,0
195251,2026-07-07,A10-0173/2026,,A10-0173/2026 – Marcos Ros Sempere – § 14,455,151,41,0,0
195253,2026-07-07,,,§ 16,,,,0,0
195254,2026-07-07,A10-0173/2026,,A10-0173/2026 – Marcos Ros Sempere – § 16/2,465,143,35,0,0
195256,2026-07-07,,,§ 27,,,,0,0
195257,2026-07-07,A10-0173/2026,,A10-0173/2026 – Marcos Ros Sempere – § 27/2,497,138,17,0,0
195258,2026-07-07,A10-0173/2026,,A10-0173/2026 – Marcos Ros Sempere – After § 33 – Am 5,189,456,11,0,0
195259,2026-07-07,A10-0173/2026,,A10-0173/2026 – Marcos Ros Sempere – § 35,473,174,7,0,0
195261,2026-07-07,,,§ 43,,,,0,0
195262,2026-07-07,A10-0173/2026,,A10-0173/2026 – Marcos Ros Sempere – § 43/2,464,177,3,0,0
195272,2026-07-07,,,After § 19,339,264,41,0,0
195273,2026-07-07,,,§ 20,217,352,59,0,0
195274,2026-07-07,,,§ 21,217,356,57,0,0
195275,2026-07-07,A10-0186/2026,,A10-0186/2026 – Johan Van Overtveldt – Motion for a resolution (as a whole),390,86,134,0,0
195286,2026-07-08,B10-0334/2026,,After § 5,,,,0,0
195287,2026-07-08,B10-0334/2026,,Recital S,,,,0,0
195290,2026-07-08,B10-0336/2026,,After § 5,,,,0,0
195291,2026-07-08,B10-0336/2026,,Recital U,,,,0,0
195294,2026-07-07,,,§ 10,,,,0,0
195295,2026-07-07,,,§ 10,440,146,50,0,0
195296,2026-07-07,,,§ 10,,,,0,0
195298,2026-07-07,,,§ 51,,,,0,0
195299,2026-07-07,,,§ 51,360,262,19,0,0
195300,2026-07-07,,,§ 51,,,,0,0
195301,2026-07-07,,,§ 51,304,317,18,0,0
195311,2026-07-08,B10-0335/2026,,After § 6,,,,0,0
195312,2026-07-08,B10-0335/2026,,Recital Q,,,,0,0
195333,2026-07-06,,,Monday’s agenda – Request by the ECR Group – Italy and Denmark,283,142,11,0,0
195334,2026-07-07,,,Proposal for a decision,,,,0,0
195335,2026-07-07,,,Proposal for a decision,,,,0,0
195336,2026-07-06,,,Wednesday’s agenda – Request by the Verts/ALE and The Left groups – Surveillance by illegal spyware,221,213,12,0,0
195338,2026-07-07,C10-0178/2026,,C10-0178/2026 – Request for an urgent decision,331,304,11,0,0
195340,2026-07-08,B10-0334/2026,,B10-0334/2026 – Motion for a resolution (as a whole),466,175,16,0,0
195341,2026-07-08,B10-0336/2026,,B10-0336/2026 – Motion for a resolution (as a whole),417,167,15,0,0
195342,2026-07-08,A10-0163/2026,,A10-0163/2026 – Tonino Picula – § 20 – Am 1,113,514,22,0,0
195347,2026-07-08,B10-0337/2026,,B10-0337/2026 – After § 1 – Am 4,188,456,2,0,0
195348,2026-07-08,B10-0337/2026,,B10-0337/2026 – After § 1 – Am 5,188,462,2,0,0
195349,2026-07-08,B10-0337/2026,,B10-0337/2026 – After § 1 – Am 6,189,465,2,0,0
195350,2026-07-08,B10-0337/2026,,"B10-0337/2026 – § 3, introductory part – Am 7",188,465,2,0,0
195351,2026-07-08,,,"§ 3, point c",212,360,92,0,0
195353,2026-07-08,,,Recital A,456,203,4,0,0
195354,2026-07-08,,,Recital A,285,367,10,0,0
195355,2026-07-08,,,Recital A,,,,0,0
195356,2026-07-08,,,Recital A,,,,0,0
195357,2026-07-08,B10-0337/2026,,B10-0337/2026 – Recital B – Am 1,201,464,3,0,0
195358,2026-07-08,B10-0337/2026,,B10-0337/2026 – After recital G – Am 2,190,464,3,0,0
195359,2026-07-08,,,Recital H,,,,0,0
195360,2026-07-08,B10-0337/2026,,B10-0337/2026 – After recital M – Am 3,204,455,3,0,0
195361,2026-07-08,B10-0337/2026,,B10-0337/2026 – Motion for a resolution (as a whole),388,248,24,0,0
195362,2026-07-08,A10-0182/2026,,"A10-0182/2026 – Javi López, Borja Giménez Larraz – § 5 – Am 18",122,534,13,0,0
195363,2026-07-08,A10-0182/2026,,"A10-0182/2026 – Javi López, Borja Giménez Larraz – After § 5 – Am 19",108,548,9,0,0
195364,2026-07-08,A10-0182/2026,,"A10-0182/2026 – Javi López, Borja Giménez Larraz – § 16 – Am 11",190,470,3,0,0
195365,2026-07-08,A10-0182/2026,,"A10-0182/2026 – Javi López, Borja Giménez Larraz – § 33 – Am 20",88,491,87,0,0
195366,2026-07-08,A10-0182/2026,,"A10-0182/2026 – Javi López, Borja Giménez Larraz – After § 33 – Am 21",159,474,29,0,0
195367,2026-07-08,A10-0182/2026,,"A10-0182/2026 – Javi López, Borja Giménez Larraz – § 34 – Am 22",190,437,36,0,0
195368,2026-07-08,A10-0182/2026,,"A10-0182/2026 – Javi López, Borja Giménez Larraz – After § 34 – Am 12",207,432,9,0,0
195369,2026-07-08,A10-0182/2026,,"A10-0182/2026 – Javi López, Borja Giménez Larraz – After § 34 – Am 13",192,436,16,0,0
195370,2026-07-08,A10-0182/2026,,"A10-0182/2026 – Javi López, Borja Giménez Larraz – After § 34 – Am 14",201,429,13,0,0
195371,2026-07-08,A10-0182/2026,,"A10-0182/2026 – Javi López, Borja Giménez Larraz – § 36 – Am 23",228,384,54,0,0
195372,2026-07-08,A10-0182/2026,,"A10-0182/2026 – Javi López, Borja Giménez Larraz – § 37 – Am 24",114,491,61,0,0
195373,2026-07-08,A10-0182/2026,,"A10-0182/2026 – Javi López, Borja Giménez Larraz – After § 37 – Am 25",107,538,16,0,0
195374,2026-07-08,A10-0182/2026,,"A10-0182/2026 – Javi López, Borja Giménez Larraz – § 38 – Am 26",100,551,15,0,0
195375,2026-07-08,A10-0182/2026,,"A10-0182/2026 – Javi López, Borja Giménez Larraz – § 40 – Am 27",43,513,108,0,0
195376,2026-07-08,A10-0182/2026,,"A10-0182/2026 – Javi López, Borja Giménez Larraz – § 41 – Am 28",127,484,52,0,0
195377,2026-07-08,A10-0182/2026,,"A10-0182/2026 – Javi López, Borja Giménez Larraz – § 44 – Am 29",148,500,18,0,0
195378,2026-07-08,A10-0182/2026,,"A10-0182/2026 – Javi López, Borja Giménez Larraz – § 45 – Am 30",119,503,41,0,0
195379,2026-07-08,A10-0182/2026,,"A10-0182/2026 – Javi López, Borja Giménez Larraz – § 45 – Am 1",117,536,13,0,0
195380,2026-07-08,A10-0182/2026,,"A10-0182/2026 – Javi López, Borja Giménez Larraz – After § 45 – Am 31",118,518,23,0,0
195381,2026-07-08,A10-0182/2026,,"A10-0182/2026 – Javi López, Borja Giménez Larraz – § 48 – Am 32",131,520,12,0,0
195382,2026-07-08,A10-0182/2026,,"A10-0182/2026 – Javi López, Borja Giménez Larraz – § 49 – Am 33",114,539,12,0,0
195383,2026-07-08,A10-0182/2026,,"A10-0182/2026 – Javi López, Borja Giménez Larraz – § 50 – Am 34",110,549,11,0,0
195384,2026-07-08,A10-0182/2026,,"A10-0182/2026 – Javi López, Borja Giménez Larraz – After § 50 – Am 35",94,559,7,0,0
195385,2026-07-08,A10-0182/2026,,"A10-0182/2026 – Javi López, Borja Giménez Larraz – § 51 – Am 3",121,533,7,0,0
195386,2026-07-08,A10-0182/2026,,"A10-0182/2026 – Javi López, Borja Giménez Larraz – § 51 – Am 15",188,470,7,0,0
195387,2026-07-08,A10-0182/2026,,"A10-0182/2026 – Javi López, Borja Giménez Larraz – After § 52 – Am 36",233,386,37,0,0
195388,2026-07-08,A10-0182/2026,,"A10-0182/2026 – Javi López, Borja Giménez Larraz – § 54 – Am 37",123,536,8,0,0
195389,2026-07-08,A10-0182/2026,,"A10-0182/2026 – Javi López, Borja Giménez Larraz – § 56 – Am 38",131,518,15,0,0
195390,2026-07-08,A10-0182/2026,,"A10-0182/2026 – Javi López, Borja Giménez Larraz – § 59 – Am 39",185,417,60,0,0
195391,2026-07-08,A10-0182/2026,,"A10-0182/2026 – Javi López, Borja Giménez Larraz – After recital A – Am 5",103,461,93,0,0
195392,2026-07-08,A10-0182/2026,,"A10-0182/2026 – Javi López, Borja Giménez Larraz – Recital E – Am 6",185,477,2,0,0
195393,2026-07-08,A10-0182/2026,,"A10-0182/2026 – Javi López, Borja Giménez Larraz – Recital F",457,138,66,0,0
195394,2026-07-08,A10-0182/2026,,"A10-0182/2026 – Javi López, Borja Giménez Larraz – Recital G",434,216,13,0,0
195395,2026-07-08,A10-0182/2026,,"A10-0182/2026 – Javi López, Borja Giménez Larraz – After recital J – Am 16",118,538,11,0,0
195396,2026-07-08,A10-0182/2026,,"A10-0182/2026 – Javi López, Borja Giménez Larraz – After recital M – Am 17",129,529,8,0,0
195397,2026-07-08,,,Recital N,,,,0,0
195398,2026-07-07,B10-0343/2026,,"B10-0343/2026 – § 2, point c – Am 4",113,521,21,0,0
195399,2026-07-07,B10-0343/2026,,"B10-0343/2026 – § 2, point f – Am 5",115,516,21,0,0
195400,2026-07-07,B10-0343/2026,,"B10-0343/2026 – § 2, point h – Am 6",112,529,15,0,0
195402,2026-07-07,B10-0343/2026,,B10-0343/2026 – Recital D – Am 3,110,516,31,0,0
195403,2026-07-07,B10-0343/2026,,B10-0343/2026 – Recital D – Am 1,130,490,35,0,0
195406,2026-07-07,,,Proposal for a decision,414,224,18,0,0
195407,2026-07-08,A10-0164/2026,,A10-0164/2026 – Sven Mikser – After § 48 – Am 10,108,535,8,0,0
195408,2026-07-08,A10-0164/2026,,A10-0164/2026 – Sven Mikser – After § 51 – Am 11,99,545,14,0,0
195409,2026-07-08,A10-0164/2026,,A10-0164/2026 – Sven Mikser – After § 52 – Am 12,102,537,8,0,0
195410,2026-07-08,A10-0164/2026,,A10-0164/2026 – Sven Mikser – After recital B – Am 7,79,576,8,0,0
195411,2026-07-07,B10-0343/2026,,"B10-0343/2026 – § 2, point p – Am 7",128,481,43,0,0
195412,2026-07-07,B10-0343/2026,,Recital B,,,,0,0
195413,2026-07-07,,,Motion for a resolution (as a whole),,,,0,0
195414,2026-07-08,B10-0344/2026,,B10-0344/2026 – Motion for a resolution,197,455,7,0,0
195415,2026-07-08,A10-0198/2026,,A10-0198/2026 – Borja Giménez Larraz – Draft Council decision,474,131,60,0,0
195420,2026-07-08,B10-0333/2026,,§ 6,301,312,49,0,0
195427,2026-07-08,B10-0333/2026,,Recital E,335,308,15,0,0
195431,2026-07-08,B10-0333/2026,,Recital J,,,,0,0
195433,2026-07-08,A10-0172/2026,,A10-0172/2026 – Michael Gahler – After § 3 – Am 9,105,493,62,0,0
195434,2026-07-08,A10-0172/2026,,A10-0172/2026 – Michael Gahler – After § 3 – Am 53,128,514,13,0,0
195435,2026-07-08,,,§ 11,,,,0,0
195436,2026-07-08,A10-0172/2026,,A10-0172/2026 – Michael Gahler – § 13,433,101,114,0,0
195437,2026-07-08,A10-0172/2026,,A10-0172/2026 – Michael Gahler – § 14,435,162,54,0,0
195438,2026-07-08,A10-0172/2026,,A10-0172/2026 – Michael Gahler – § 17,441,119,95,0,0
195440,2026-07-08,,,§ 18,,,,0,0
195441,2026-07-08,,,§ 18,,,,0,0
195442,2026-07-08,A10-0172/2026,,A10-0172/2026 – Michael Gahler – § 18/3,456,104,86,0,0
195443,2026-07-08,A10-0172/2026,,A10-0172/2026 – Michael Gahler – § 18/4,440,167,40,0,0
195444,2026-07-08,,,§ 19,,,,0,0
195445,2026-07-08,A10-0172/2026,,A10-0172/2026 – Michael Gahler – § 20 – Am 11,573,46,41,0,0
195446,2026-07-08,A10-0172/2026,,A10-0172/2026 – Michael Gahler – § 21,462,133,56,0,0
195447,2026-07-08,A10-0172/2026,,A10-0172/2026 – Michael Gahler – After § 21 – Am 12,108,509,40,0,0
195448,2026-07-08,,,§ 22,,,,0,0
195450,2026-07-08,,,§ 23,,,,0,0
195451,2026-07-08,,,§ 23,,,,0,0
195452,2026-07-08,,,§ 23,,,,0,0
195453,2026-07-08,A10-0172/2026,,A10-0172/2026 – Michael Gahler – After § 23 – Am 13,113,549,5,0,0
195455,2026-07-08,A10-0172/2026,,A10-0172/2026 – Michael Gahler – § 24/1,528,92,37,0,0
195456,2026-07-08,A10-0172/2026,,A10-0172/2026 – Michael Gahler – § 24/2,444,152,54,0,0
195457,2026-07-08,A10-0172/2026,,A10-0172/2026 – Michael Gahler – After § 25 – Am 54,190,450,13,0,0
195459,2026-07-08,,,§ 26,,,,0,0
195460,2026-07-08,,,§ 26,,,,0,0
195461,2026-07-08,A10-0172/2026,,A10-0172/2026 – Michael Gahler – After § 26 – Am 55,172,452,29,0,0
195462,2026-07-08,A10-0172/2026,,A10-0172/2026 – Michael Gahler – After § 26 – Am 56,123,515,10,0,0
195464,2026-07-08,A10-0172/2026,,A10-0172/2026 – Michael Gahler – § 27/1,607,11,25,0,0
195465,2026-07-08,,,§ 27,,,,0,0
195466,2026-07-08,A10-0172/2026,,A10-0172/2026 – Michael Gahler – § 27/3,424,162,71,0,0
195467,2026-07-08,A10-0172/2026,,A10-0172/2026 – Michael Gahler – § 27/4,417,192,43,0,0
195468,2026-07-08,A10-0172/2026,,A10-0172/2026 – Michael Gahler – § 29 – Am 19,173,437,34,0,0
195470,2026-07-08,A10-0172/2026,,A10-0172/2026 – Michael Gahler – § 29/1,433,143,77,0,0
195471,2026-07-08,A10-0172/2026,,A10-0172/2026 – Michael Gahler – § 29/2,426,172,58,0,0
195472,2026-07-08,A10-0172/2026,,A10-0172/2026 – Michael Gahler – § 30 – Am 33,428,164,65,0,0
195473,2026-07-08,,,§ 30,,,,0,0
195475,2026-07-08,,,§ 31,,,,0,0
195476,2026-07-08,,,§ 31,,,,0,0
195477,2026-07-08,A10-0172/2026,,A10-0172/2026 – Michael Gahler – After § 31 – Am 4,202,432,19,0,0
195478,2026-07-08,A10-0172/2026,,A10-0172/2026 – Michael Gahler – After § 31 – Am 5,188,438,10,0,0
195479,2026-07-08,A10-0172/2026,,A10-0172/2026 – Michael Gahler – After § 31 – Am 6,194,436,16,0,0
195480,2026-07-08,A10-0172/2026,,A10-0172/2026 – Michael Gahler – After § 31 – Am 14,190,422,39,0,0
195482,2026-07-08,,,§ 32,,,,0,0
195483,2026-07-08,,,§ 32,,,,0,0
195485,2026-07-08,A10-0172/2026,,A10-0172/2026 – Michael Gahler – After § 32 – Am 35/1,592,42,11,0,0
195486,2026-07-08,A10-0172/2026,,A10-0172/2026 – Michael Gahler – After § 32 – Am 35/2,379,229,35,0,0
195487,2026-07-08,A10-0172/2026,,A10-0172/2026 – Michael Gahler – After § 32 – Am 35/3,590,11,37,0,0
195488,2026-07-08,A10-0172/2026,,A10-0172/2026 – Michael Gahler – After § 32 – Am 35/4,478,121,52,0,0
195489,2026-07-08,A10-0172/2026,,A10-0172/2026 – Michael Gahler – After § 32 – Am 35/5,600,11,38,0,0
195490,2026-07-08,A10-0172/2026,,A10-0172/2026 – Michael Gahler – § 33 – Am 20,201,409,39,0,0
195491,2026-07-08,,,§ 33,,,,0,0
195492,2026-07-08,A10-0172/2026,,A10-0172/2026 – Michael Gahler – After § 33 – Am 57,120,481,55,0,0
195494,2026-07-08,A10-0172/2026,,A10-0172/2026 – Michael Gahler – After § 33 – Am 58/1,167,463,30,0,0
195495,2026-07-08,,,After § 33,,,,0,0
195496,2026-07-08,A10-0172/2026,,A10-0172/2026 – Michael Gahler – After § 33 – Am 59,127,469,53,0,0
195497,2026-07-08,A10-0172/2026,,A10-0172/2026 – Michael Gahler – § 41,517,102,43,0,0
195498,2026-07-08,A10-0172/2026,,A10-0172/2026 – Michael Gahler – After § 52 – Am 61,143,459,59,0,0
195499,2026-07-08,A10-0172/2026,,A10-0172/2026 – Michael Gahler – After § 52 – Am 62,126,506,16,0,0
195500,2026-07-08,A10-0172/2026,,A10-0172/2026 – Michael Gahler – After § 60 – Am 39,166,444,35,0,0
195502,2026-07-08,,,§ 61,,,,0,0
195503,2026-07-08,,,§ 61,,,,0,0
195504,2026-07-08,A10-0172/2026,,A10-0172/2026 – Michael Gahler – After § 61 – Am 21,191,414,47,0,0
195505,2026-07-08,A10-0172/2026,,A10-0172/2026 – Michael Gahler – After § 61 – Am 22,181,411,51,0,0
195507,2026-07-08,,,§ 62,,,,0,0
195508,2026-07-08,A10-0172/2026,,A10-0172/2026 – Michael Gahler – § 62/2,456,144,40,0,0
195509,2026-07-08,A10-0172/2026,,A10-0172/2026 – Michael Gahler – After § 65 – Am 63,95,523,38,0,0
195510,2026-07-08,A10-0172/2026,,A10-0172/2026 – Michael Gahler – After § 66 – Am 16,222,397,43,0,0
195511,2026-07-08,A10-0172/2026,,A10-0172/2026 – Michael Gahler – § 71,422,164,70,0,0
195512,2026-07-08,A10-0172/2026,,A10-0172/2026 – Michael Gahler – After § 71 – Am 17,218,421,14,0,0
195513,2026-07-08,A10-0172/2026,,A10-0172/2026 – Michael Gahler – § 78,498,132,23,0,0
195514,2026-07-08,A10-0172/2026,,A10-0172/2026 – Michael Gahler – § 80,517,106,21,0,0
195515,2026-07-08,A10-0172/2026,,A10-0172/2026 – Michael Gahler – § 83,500,129,22,0,0
195516,2026-07-08,A10-0172/2026,,A10-0172/2026 – Michael Gahler – § 99,527,83,38,0,0
195518,2026-07-08,A10-0172/2026,,A10-0172/2026 – Michael Gahler – § 101/1,447,130,78,0,0
195519,2026-07-08,,,§ 101,,,,0,0
195520,2026-07-08,A10-0172/2026,,A10-0172/2026 – Michael Gahler – § 102,435,178,42,0,0
195521,2026-07-08,A10-0172/2026,,A10-0172/2026 – Michael Gahler – After § 108 – Am 18,104,470,87,0,0
195522,2026-07-08,A10-0172/2026,,A10-0172/2026 – Michael Gahler – After recital L – Am 49,158,459,38,0,0
195523,2026-07-08,A10-0172/2026,,A10-0172/2026 – Michael Gahler – After recital L – Am 50,130,484,34,0,0
195525,2026-07-08,A10-0172/2026,,A10-0172/2026 – Michael Gahler – After recital L – Am 51/1,159,452,41,0,0
195526,2026-07-08,,,After recital L,,,,0,0
195528,2026-07-08,,,Recital M,,,,0,0
195529,2026-07-08,,,Recital M,,,,0,0
195530,2026-07-08,A10-0172/2026,,A10-0172/2026 – Michael Gahler – After recital M – Am 1,185,436,16,0,0
195532,2026-07-08,A10-0172/2026,,A10-0172/2026 – Michael Gahler – After recital M – Am 2/1,131,500,6,0,0
195533,2026-07-08,A10-0172/2026,,A10-0172/2026 – Michael Gahler – After recital M – Am 2/2,164,459,24,0,0
195534,2026-07-08,A10-0172/2026,,A10-0172/2026 – Michael Gahler – Recital N – Am 3,185,453,8,0,0
195535,2026-07-08,A10-0172/2026,,A10-0172/2026 – Michael Gahler – After recital Q – Am 52,160,462,34,0,0
195537,2026-07-08,,,Recital V,,,,0,0
195538,2026-07-08,,,Recital V,,,,0,0
195539,2026-07-08,A10-0172/2026,,A10-0172/2026 – Michael Gahler – After recital V – Am 7,211,425,27,0,0
195541,2026-07-08,,,§ 20,,,,0,0
195542,2026-07-08,,,§ 20,,,,0,0
195543,2026-07-08,B10-0335/2026,,B10-0335/2026 – Motion for a resolution (as a whole),460,189,14,0,0
195594,2026-07-09,B10-0339/2026,,§ 4,,,,0,0
195597,2026-07-09,B10-0339/2026,,§ 11,,,,0,0
195598,2026-07-09,B10-0339/2026,,§ 11,,,,0,0
195599,2026-07-09,B10-0339/2026,,§ 12,,,,0,0
195600,2026-07-09,B10-0339/2026,,§ 18,,,,0,0
195601,2026-07-09,B10-0339/2026,,After § 18,,,,0,0
195602,2026-07-09,B10-0339/2026,,After § 18,,,,0,0
195604,2026-07-09,B10-0339/2026,,Recital J,,,,0,0
195606,2026-07-09,,,Motion for a resolution (as a whole),,,,0,0
195609,2026-07-09,B10-0339/2026,,B10-0339/2026 – After § 1 – Am 2,255,315,19,0,0
195612,2026-07-09,B10-0339/2026,,B10-0339/2026 – After § 4 – Am 5,279,259,54,0,0
195613,2026-07-09,B10-0339/2026,,B10-0339/2026 – § 7 – Am 6,283,216,83,0,0
195614,2026-07-09,,,§ 12,,,,0,0
195615,2026-07-09,B10-0339/2026,,B10-0339/2026 – Recital D – Am 13,238,251,88,0,0
195616,2026-07-09,B10-0339/2026,,B10-0339/2026 – Recital K – Am 15,208,347,19,0,0
195617,2026-07-08,B10-0333/2026,,B10-0333/2026 – After § 1 – Am 15,194,445,7,0,0
195619,2026-07-08,B10-0333/2026,,B10-0333/2026 – § 2/1,628,18,11,0,0
195620,2026-07-08,B10-0333/2026,,B10-0333/2026 – § 2/2,567,41,50,0,0
195621,2026-07-08,B10-0333/2026,,B10-0333/2026 – After § 2 – Am 8,243,384,27,0,0
195622,2026-07-08,B10-0333/2026,,B10-0333/2026 – § 5,615,33,3,0,0
195623,2026-07-08,B10-0333/2026,,B10-0333/2026 – After § 5 – Am 9,234,367,51,0,0
195625,2026-07-08,B10-0333/2026,,B10-0333/2026 – § 9 – Am 1= 11=/1,453,141,45,0,0
195626,2026-07-08,B10-0333/2026,,B10-0333/2026 – § 9 – Am 1= 11=/2,484,78,61,0,0
195627,2026-07-08,B10-0333/2026,,B10-0333/2026 – § 9 – Am 1= 11=/3,488,68,68,0,0
195628,2026-07-08,B10-0333/2026,,B10-0333/2026 – After § 9 – Am 12,489,142,14,0,0
195629,2026-07-08,B10-0333/2026,,B10-0333/2026 – After § 14 – Am 13,348,282,26,0,0
195630,2026-07-08,B10-0333/2026,,B10-0333/2026 – After § 19 – Am 14,358,166,122,0,0
195631,2026-07-08,B10-0333/2026,,B10-0333/2026 – After § 22 – Am 16,196,423,17,0,0
195632,2026-07-08,B10-0333/2026,,B10-0333/2026 – Recital B,625,7,25,0,0
195633,2026-07-08,B10-0333/2026,,B10-0333/2026 – After recital C – Am 2,374,233,45,0,0
195634,2026-07-08,B10-0333/2026,,B10-0333/2026 – After recital I – Am 4,383,239,34,0,0
195635,2026-07-08,B10-0333/2026,,B10-0333/2026 – After recital I – Am 5,274,323,51,0,0
195636,2026-07-08,B10-0333/2026,,B10-0333/2026 – Recital J – Am 6,292,348,10,0,0
195637,2026-07-08,B10-0333/2026,,B10-0333/2026 – Recital J,337,273,46,0,0
195638,2026-07-08,B10-0333/2026,,B10-0333/2026 – Motion for a resolution (as a whole),575,33,43,0,0
195653,2026-07-09,,,Decision to enter into interinstitutional negotiations,,,,0,0
195655,2026-07-09,,,Decision to enter into interinstitutional negotiations,,,,0,0
195665,2026-07-09,B10-0357/2026,,B10-0357/2026,,,,0,0
195666,2026-07-09,B10-0358/2026,,B10-0358/2026,,,,0,0
195667,2026-07-09,B10-0359/2026,,B10-0359/2026,,,,0,0
195668,2026-07-09,B10-0360/2026,,B10-0360/2026,,,,0,0
195669,2026-07-09,B10-0361/2026,,B10-0361/2026,,,,0,0
195670,2026-07-09,B10-0362/2026,,B10-0362/2026,,,,0,0
195671,2026-07-09,B10-0363/2026,,B10-0363/2026,,,,0,0
195705,2026-07-09,,,After § 3,,,,0,0
195706,2026-07-09,,,§ 4,,,,0,0
195713,2026-07-09,B10-0345/2026,,B10-0345/2026,,,,0,0
195714,2026-07-09,B10-0352/2026,,B10-0352/2026,,,,0,0
195715,2026-07-09,B10-0353/2026,,B10-0353/2026,,,,0,0
195716,2026-07-09,B10-0354/2026,,B10-0354/2026,,,,0,0
195717,2026-07-09,B10-0355/2026,,B10-0355/2026,,,,0,0
195718,2026-07-09,B10-0356/2026,,B10-0356/2026,,,,0,0
195719,2026-07-09,A10-0185/2026,,A10-0185/2026 – Fernando Navarrete Rojas – Decision to enter into interinstitutional negotiations,416,169,22,0,0
195725,2026-07-09,,,After recital D,,,,0,0
195727,2026-07-09,,,Motion for a resolution (as a whole),,,,0,0
195729,2026-07-09,B10-0346/2026,,B10-0346/2026,,,,0,0
195730,2026-07-09,B10-0347/2026,,B10-0347/2026,,,,0,0
195731,2026-07-09,B10-0348/2026,,B10-0348/2026,,,,0,0
195732,2026-07-09,B10-0349/2026,,B10-0349/2026,,,,0,0
195733,2026-07-09,B10-0350/2026,,B10-0350/2026,,,,0,0
195734,2026-07-09,B10-0351/2026,,B10-0351/2026,,,,0,0
195736,2026-07-09,B10-0345/2026,,RC-B10-0345/2026/REV1 – § 1 – Am 2/1,177,412,8,0,0
195737,2026-07-09,B10-0345/2026,,RC-B10-0345/2026/REV1 – § 1 – Am 2/2,190,402,4,0,0
195739,2026-07-09,B10-0345/2026,,RC-B10-0345/2026/REV1 – § 7 – Am 6/1,194,392,9,0,0
195740,2026-07-09,B10-0345/2026,,RC-B10-0345/2026/REV1 – § 7 – Am 6/2,148,414,35,0,0
195742,2026-07-09,B10-0345/2026,,RC-B10-0345/2026/REV1 – Recital C – Am 4/1,207,379,8,0,0
195743,2026-07-09,B10-0345/2026,,RC-B10-0345/2026/REV1 – Recital C – Am 4/2,133,422,40,0,0
195744,2026-07-09,B10-0345/2026,,RC-B10-0345/2026/REV1 – Recital E – Am 5,195,391,9,0,0
195745,2026-07-09,B10-0345/2026,,RC-B10-0345/2026/REV1 – Recital E – Am 1,176,412,3,0,0
195747,2026-07-09,,,Recital E,510,81,5,0,0
195748,2026-07-09,,,Recital E,288,308,2,0,0
195749,2026-07-09,B10-0345/2026,,RC-B10-0345/2026/REV1 – Motion for a resolution (as a whole),510,1,86,0,0
195750,2026-07-09,B10-0357/2026,,RC-B10-0357/2026 – § 1,594,4,7,0,0
195751,2026-07-09,B10-0357/2026,,RC-B10-0357/2026 – § 2,594,,2,0,0
195752,2026-07-09,B10-0357/2026,,RC-B10-0357/2026 – § 3,532,49,25,0,0
195753,2026-07-09,B10-0357/2026,,RC-B10-0357/2026 – § 4,570,10,20,0,0
195754,2026-07-09,B10-0357/2026,,RC-B10-0357/2026 – After § 3 – Am 6,172,431,4,0,0
195755,2026-07-09,B10-0357/2026,,RC-B10-0357/2026 – After § 4 – Am 2,87,454,62,0,0
195757,2026-07-09,B10-0357/2026,,RC-B10-0357/2026 – § 5/1,583,1,19,0,0
195758,2026-07-09,B10-0357/2026,,RC-B10-0357/2026 – § 5/2,291,280,33,0,0
195759,2026-07-09,B10-0357/2026,,RC-B10-0357/2026 – § 5/3,563,14,28,0,0
195760,2026-07-09,B10-0357/2026,,RC-B10-0357/2026 – § 5/4,292,279,32,0,0
195761,2026-07-09,B10-0357/2026,,RC-B10-0357/2026 – § 5/5,543,23,36,0,0
195762,2026-07-09,B10-0357/2026,,RC-B10-0357/2026 – After § 5 – Am 3,85,445,68,0,0
195763,2026-07-09,B10-0357/2026,,RC-B10-0357/2026 – After § 5 – Am 4,72,482,49,0,0
195764,2026-07-09,B10-0357/2026,,RC-B10-0357/2026 – After § 6 – Am 5,100,404,94,0,0
195766,2026-07-09,B10-0357/2026,,RC-B10-0357/2026 – § 7/1,580,2,17,0,0
195767,2026-07-09,B10-0357/2026,,RC-B10-0357/2026 – § 7/2,281,285,31,0,0
195768,2026-07-09,B10-0357/2026,,RC-B10-0357/2026 – After recital D – Am 1,188,330,84,0,0
195769,2026-07-09,B10-0357/2026,,RC-B10-0357/2026 – Motion for a resolution (as a whole),476,28,96,0,0
195770,2026-07-09,B10-0346/2026,,RC-B10-0346/2026 – After § 3 – Am 1,301,281,14,0,0
195771,2026-07-09,B10-0346/2026,,RC-B10-0346/2026 – § 6 – Am 5,312,248,27,0,0
195772,2026-07-09,B10-0346/2026,,RC-B10-0346/2026 – § 7 – Am 6,334,231,29,0,0
195773,2026-07-09,B10-0346/2026,,RC-B10-0346/2026 – Recital B – Am 3,310,261,21,0,0
195774,2026-07-09,B10-0346/2026,,RC-B10-0346/2026 – After recital D – Am 4,480,77,32,0,0
195775,2026-07-09,C10-0178/2026,,C10-0178/2026 – Proposal for rejection – Am 1= 2= 7=,314,276,17,0,0
195776,2026-07-09,C10-0178/2026,,"C10-0178/2026 – Article 1, § 1 – Am 8",117,422,66,0,0
195777,2026-07-09,C10-0178/2026,,"C10-0178/2026 – Article 1, § 2 – Am 9",114,422,60,0,0
195778,2026-07-09,C10-0178/2026,,"C10-0178/2026 – Article 1, after § 2 – Am 30",369,236,6,0,0
195779,2026-07-09,C10-0178/2026,,"C10-0178/2026 – Article 2, after point 4 – Am 10",161,433,12,0,0
195780,2026-07-09,C10-0178/2026,,"C10-0178/2026 – Article 2, after point 4 – Am 11",120,433,52,0,0
195781,2026-07-09,C10-0178/2026,,"C10-0178/2026 – Article 2, after point 4 – Am 12",158,433,11,0,0
195782,2026-07-09,C10-0178/2026,,"C10-0178/2026 – Article 3, § 1, point a – Am 13",119,434,51,0,0
195783,2026-07-09,C10-0178/2026,,"C10-0178/2026 – Article 3, § 1, point a – Am 26 CP1= 31 CP1= 4 CP1=",345,237,18,0,0
195784,2026-07-09,C10-0178/2026,,"C10-0178/2026 – Article 3, § 1, point a – Am 14",160,433,11,0,0
195785,2026-07-09,C10-0178/2026,,"C10-0178/2026 – Article 3, § 1, point a – Am 15",161,430,10,0,0
195786,2026-07-09,C10-0178/2026,,"C10-0178/2026 – Article 3, § 1, point a – Am 26 CP2= 31 CP2= 4 CP2=",346,254,3,0,0
195787,2026-07-09,C10-0178/2026,,"C10-0178/2026 – Article 3, § 1, point a – Am 26 CP3= 31 CP3= 6= 21=",362,235,5,0,0
195788,2026-07-09,C10-0178/2026,,"C10-0178/2026 – Article 3, § 1, point a, after point 1 – Am 5",322,255,36,0,0
195789,2026-07-09,C10-0178/2026,,"C10-0178/2026 – Article 3, § 1, after point a – Am 27",175,408,22,0,0
195790,2026-07-09,C10-0178/2026,,"C10-0178/2026 – Article 3, § 1, point b – Am 16",154,421,19,0,0
195791,2026-07-09,C10-0178/2026,,"C10-0178/2026 – Article 3, § 1, point d – Am 17D",86,479,41,0,0
195792,2026-07-09,C10-0178/2026,,"C10-0178/2026 – Article 3, § 1, point g, point iii – Am 18",119,436,51,0,0
195793,2026-07-09,C10-0178/2026,,"C10-0178/2026 – Article 3, § 1, point g, point vii – Am 19",110,432,62,0,0
195794,2026-07-09,C10-0178/2026,,"C10-0178/2026 – Article 3, § 1, point j – Am 20",142,434,30,0,0
195795,2026-07-09,C10-0178/2026,,C10-0178/2026 – After Article 3 – Am 28,175,399,23,0,0
195796,2026-07-09,C10-0178/2026,,C10-0178/2026 – Article 11 – Am 29,353,254,7,0,0
195797,2026-07-09,C10-0178/2026,,C10-0178/2026 – After recital 5 – Am 22,164,425,14,0,0
195798,2026-07-09,C10-0178/2026,,C10-0178/2026 – After recital 8 – Am 23,170,412,19,0,0
195799,2026-07-09,C10-0178/2026,,C10-0178/2026 – Recital 11 – Am 3,257,292,59,0,0
195800,2026-07-09,C10-0178/2026,,C10-0178/2026 – After recital 13 – Am 24,162,424,18,0,0
195801,2026-07-09,C10-0178/2026,,C10-0178/2026 – Recital 32 – Am 25,157,385,20,0,0
195806,2026-07-09,,,Request for referral back to committee (Rule 204(2)),,,,0,0
195807,2026-07-09,C10-0178/2026,,C10-0178/2026 – Proposal for rejection,276,286,30,0,0